solid OpenSCAD_Model
  facet normal 0.7289686274214159 0.6845471059286841 0
    outer loop
      vertex 21.01199281588953 -33.594295526302474 3.3
      vertex 20.74602365871883 -33.31106714105333 3.3
      vertex 20.74602365871883 -33.31106714105333 10.2
    endloop
  endfacet
  facet normal 0.8763066800438636 0.48175367410171527 0
    outer loop
      vertex 20.74602365871883 -33.31106714105333 3.3
      vertex 20.55884644687321 -32.97059305666125 3.3
      vertex 20.55884644687321 -32.97059305666125 10.2
    endloop
  endfacet
  facet normal 0.9685831611286306 0.24868988716485677 0
    outer loop
      vertex 20.55884644687321 -32.97059305666125 3.3
      vertex 20.46222221296256 -32.59426651202467 3.3
      vertex 20.46222221296256 -32.59426651202467 10.2
    endloop
  endfacet
  facet normal 0.5358267949789894 0.8443279255020196 0
    outer loop
      vertex 21.01199281588953 -33.594295526302474 3.3
      vertex 21.01199281588953 -33.594295526302474 10.2
      vertex 21.340042098074136 -33.802481931322326 3.3
    endloop
  endfacet
  facet normal 0.3090169943749567 0.9510565162951505 0
    outer loop
      vertex 21.340042098074136 -33.802481931322326 3.3
      vertex 21.340042098074136 -33.802481931322326 10.2
      vertex 21.709558962392126 -33.92254523862947 3.3
    endloop
  endfacet
  facet normal 0.06279051952930957 0.9980267284282718 0
    outer loop
      vertex 21.709558962392126 -33.92254523862947 3.3
      vertex 21.709558962392126 -33.92254523862947 10.2
      vertex 22.097325305270438 -33.94694142906382 3.3
    endloop
  endfacet
  facet normal -0.1873813145857335 0.982287250728687 0
    outer loop
      vertex 22.097325305270438 -33.94694142906382 3.3
      vertex 22.097325305270438 -33.94694142906382 10.2
      vertex 22.478976341281168 -33.874137600257484 3.3
    endloop
  endfacet
  facet normal -0.4257792915650661 0.9048270524660226 0
    outer loop
      vertex 22.478976341281168 -33.874137600257484 3.3
      vertex 22.478976341281168 -33.874137600257484 10.2
      vertex 22.830531532217446 -33.70870828452812 3.3
    endloop
  endfacet
  facet normal -0.6374239897486915 0.7705132427757876 0
    outer loop
      vertex 22.830531532217446 -33.70870828452812 3.3
      vertex 22.830531532217446 -33.70870828452812 10.2
      vertex 23.129901372503188 -33.461048014189466 3.3
    endloop
  endfacet
  facet normal 1 0 0
    outer loop
      vertex 20.46222221296256 -32.59426651202467 3.3
      vertex 20.46222221296256 -32.20573348797533 3.3
      vertex 20.46222221296256 -32.20573348797533 10.2
    endloop
  endfacet
  facet normal 0.9685831611286306 -0.24868988716485677 0
    outer loop
      vertex 20.46222221296256 -32.20573348797533 3.3
      vertex 20.55884644687321 -31.829406943338746 3.3
      vertex 20.55884644687321 -31.829406943338746 10.2
    endloop
  endfacet
  facet normal 0.8763066800438657 -0.48175367410171144 0
    outer loop
      vertex 20.55884644687321 -31.829406943338746 3.3
      vertex 20.74602365871883 -31.488932858946665 3.3
      vertex 20.74602365871883 -31.488932858946665 10.2
    endloop
  endfacet
  facet normal 0.7289686274214073 -0.6845471059286931 0
    outer loop
      vertex 20.74602365871883 -31.488932858946665 3.3
      vertex 21.01199281588953 -31.205704473697526 3.3
      vertex 21.01199281588953 -31.205704473697526 10.2
    endloop
  endfacet
  facet normal 0.5358267949790025 -0.8443279255020114 0
    outer loop
      vertex 21.01199281588953 -31.205704473697526 3.3
      vertex 21.340042098074136 -30.997518068677667 3.3
      vertex 21.340042098074136 -30.997518068677667 10.2
    endloop
  endfacet
  facet normal 0.30901699437494845 -0.9510565162951532 0
    outer loop
      vertex 21.340042098074136 -30.997518068677667 3.3
      vertex 21.709558962392126 -30.87745476137053 3.3
      vertex 21.709558962392126 -30.87745476137053 10.2
    endloop
  endfacet
  facet normal 0.06279051952931014 -0.9980267284282718 0
    outer loop
      vertex 21.709558962392126 -30.87745476137053 3.3
      vertex 22.097325305270434 -30.853058570936177 3.3
      vertex 22.097325305270434 -30.853058570936177 10.2
    endloop
  endfacet
  facet normal -0.6374239897486915 -0.7705132427757876 0
    outer loop
      vertex 22.830531532217446 -31.091291715471876 3.3
      vertex 23.129901372503188 -31.33895198581053 3.3
      vertex 23.129901372503188 -31.33895198581053 10.2
    endloop
  endfacet
  facet normal -0.18738131458572302 -0.9822872507286889 0
    outer loop
      vertex 22.478976341281168 -30.92586239974251 3.3
      vertex 22.478976341281168 -30.92586239974251 10.2
      vertex 22.097325305270434 -30.853058570936177 3.3
    endloop
  endfacet
  facet normal -0.42577929156507366 -0.9048270524660191 0
    outer loop
      vertex 22.478976341281168 -30.92586239974251 3.3
      vertex 22.830531532217446 -31.091291715471876 3.3
      vertex 22.830531532217446 -31.091291715471876 10.2
    endloop
  endfacet
  facet normal -0.809016994374949 0.5877852522924709 0
    outer loop
      vertex 23.129901372503188 -33.461048014189466 3.3
      vertex 23.129901372503188 -33.461048014189466 10.2
      vertex 23.358275354067988 -33.146718194857655 3.3
    endloop
  endfacet
  facet normal -0.929776485888251 0.36812455268467875 0
    outer loop
      vertex 23.358275354067988 -33.146718194857655 3.3
      vertex 23.358275354067988 -33.146718194857655 10.2
      vertex 23.501303899749377 -32.785469325105524 3.3
    endloop
  endfacet
  facet normal -0.9921147013144772 0.12533323356430837 0
    outer loop
      vertex 23.501303899749377 -32.785469325105524 3.3
      vertex 23.501303899749377 -32.785469325105524 10.2
      vertex 23.55 -32.4 3.3
    endloop
  endfacet
  facet normal -0.9921147013144772 -0.12533323356430837 0
    outer loop
      vertex 23.55 -32.4 3.3
      vertex 23.55 -32.4 10.2
      vertex 23.501303899749377 -32.01453067489447 3.3
    endloop
  endfacet
  facet normal -0.9297764858882522 -0.36812455268467564 0
    outer loop
      vertex 23.501303899749377 -32.01453067489447 3.3
      vertex 23.501303899749377 -32.01453067489447 10.2
      vertex 23.358275354067988 -31.65328180514234 3.3
    endloop
  endfacet
  facet normal -0.8090169943749458 -0.5877852522924752 0
    outer loop
      vertex 23.358275354067988 -31.65328180514234 3.3
      vertex 23.358275354067988 -31.65328180514234 10.2
      vertex 23.129901372503188 -31.33895198581053 3.3
    endloop
  endfacet
  facet normal 0.7289686274214159 0.6845471059286841 0
    outer loop
      vertex 21.01199281588953 -33.594295526302474 3.3
      vertex 20.74602365871883 -33.31106714105333 10.2
      vertex 21.01199281588953 -33.594295526302474 10.2
    endloop
  endfacet
  facet normal 0.9685831611286306 0.24868988716485677 0
    outer loop
      vertex 20.55884644687321 -32.97059305666125 3.3
      vertex 20.46222221296256 -32.59426651202467 10.2
      vertex 20.55884644687321 -32.97059305666125 10.2
    endloop
  endfacet
  facet normal 0.8763066800438636 0.48175367410171527 0
    outer loop
      vertex 20.74602365871883 -33.31106714105333 3.3
      vertex 20.55884644687321 -32.97059305666125 10.2
      vertex 20.74602365871883 -33.31106714105333 10.2
    endloop
  endfacet
  facet normal 1 0 0
    outer loop
      vertex 20.46222221296256 -32.59426651202467 3.3
      vertex 20.46222221296256 -32.20573348797533 10.2
      vertex 20.46222221296256 -32.59426651202467 10.2
    endloop
  endfacet
  facet normal 0.3090169943749567 0.9510565162951505 0
    outer loop
      vertex 21.709558962392126 -33.92254523862947 3.3
      vertex 21.340042098074136 -33.802481931322326 10.2
      vertex 21.709558962392126 -33.92254523862947 10.2
    endloop
  endfacet
  facet normal 0.5358267949789894 0.8443279255020196 0
    outer loop
      vertex 21.340042098074136 -33.802481931322326 3.3
      vertex 21.01199281588953 -33.594295526302474 10.2
      vertex 21.340042098074136 -33.802481931322326 10.2
    endloop
  endfacet
  facet normal 0.06279051952930957 0.9980267284282718 0
    outer loop
      vertex 22.097325305270438 -33.94694142906382 3.3
      vertex 21.709558962392126 -33.92254523862947 10.2
      vertex 22.097325305270438 -33.94694142906382 10.2
    endloop
  endfacet
  facet normal -0.1873813145857335 0.982287250728687 0
    outer loop
      vertex 22.478976341281168 -33.874137600257484 3.3
      vertex 22.097325305270438 -33.94694142906382 10.2
      vertex 22.478976341281168 -33.874137600257484 10.2
    endloop
  endfacet
  facet normal -0.4257792915650661 0.9048270524660226 0
    outer loop
      vertex 22.830531532217446 -33.70870828452812 3.3
      vertex 22.478976341281168 -33.874137600257484 10.2
      vertex 22.830531532217446 -33.70870828452812 10.2
    endloop
  endfacet
  facet normal -0.6374239897486915 0.7705132427757876 0
    outer loop
      vertex 23.129901372503188 -33.461048014189466 3.3
      vertex 22.830531532217446 -33.70870828452812 10.2
      vertex 23.129901372503188 -33.461048014189466 10.2
    endloop
  endfacet
  facet normal 0.9685831611286306 -0.24868988716485677 0
    outer loop
      vertex 20.46222221296256 -32.20573348797533 3.3
      vertex 20.55884644687321 -31.829406943338746 10.2
      vertex 20.46222221296256 -32.20573348797533 10.2
    endloop
  endfacet
  facet normal 0.8763066800438657 -0.48175367410171144 0
    outer loop
      vertex 20.55884644687321 -31.829406943338746 3.3
      vertex 20.74602365871883 -31.488932858946665 10.2
      vertex 20.55884644687321 -31.829406943338746 10.2
    endloop
  endfacet
  facet normal 0.7289686274214073 -0.6845471059286931 0
    outer loop
      vertex 20.74602365871883 -31.488932858946665 3.3
      vertex 21.01199281588953 -31.205704473697526 10.2
      vertex 20.74602365871883 -31.488932858946665 10.2
    endloop
  endfacet
  facet normal 0.5358267949790025 -0.8443279255020114 0
    outer loop
      vertex 21.01199281588953 -31.205704473697526 3.3
      vertex 21.340042098074136 -30.997518068677667 10.2
      vertex 21.01199281588953 -31.205704473697526 10.2
    endloop
  endfacet
  facet normal 0.30901699437494845 -0.9510565162951532 0
    outer loop
      vertex 21.340042098074136 -30.997518068677667 3.3
      vertex 21.709558962392126 -30.87745476137053 10.2
      vertex 21.340042098074136 -30.997518068677667 10.2
    endloop
  endfacet
  facet normal 0.06279051952931014 -0.9980267284282718 0
    outer loop
      vertex 21.709558962392126 -30.87745476137053 3.3
      vertex 22.097325305270434 -30.853058570936177 10.2
      vertex 21.709558962392126 -30.87745476137053 10.2
    endloop
  endfacet
  facet normal -0.6374239897486915 -0.7705132427757876 0
    outer loop
      vertex 22.830531532217446 -31.091291715471876 3.3
      vertex 23.129901372503188 -31.33895198581053 10.2
      vertex 22.830531532217446 -31.091291715471876 10.2
    endloop
  endfacet
  facet normal -0.18738131458572302 -0.9822872507286889 0
    outer loop
      vertex 22.097325305270434 -30.853058570936177 3.3
      vertex 22.478976341281168 -30.92586239974251 10.2
      vertex 22.097325305270434 -30.853058570936177 10.2
    endloop
  endfacet
  facet normal -0.42577929156507366 -0.9048270524660191 0
    outer loop
      vertex 22.478976341281168 -30.92586239974251 3.3
      vertex 22.830531532217446 -31.091291715471876 10.2
      vertex 22.478976341281168 -30.92586239974251 10.2
    endloop
  endfacet
  facet normal -0.809016994374949 0.5877852522924709 0
    outer loop
      vertex 23.358275354067988 -33.146718194857655 3.3
      vertex 23.129901372503188 -33.461048014189466 10.2
      vertex 23.358275354067988 -33.146718194857655 10.2
    endloop
  endfacet
  facet normal -0.929776485888251 0.36812455268467875 0
    outer loop
      vertex 23.501303899749377 -32.785469325105524 3.3
      vertex 23.358275354067988 -33.146718194857655 10.2
      vertex 23.501303899749377 -32.785469325105524 10.2
    endloop
  endfacet
  facet normal -0.9921147013144772 0.12533323356430837 0
    outer loop
      vertex 23.55 -32.4 3.3
      vertex 23.501303899749377 -32.785469325105524 10.2
      vertex 23.55 -32.4 10.2
    endloop
  endfacet
  facet normal -0.9921147013144772 -0.12533323356430837 0
    outer loop
      vertex 23.501303899749377 -32.01453067489447 3.3
      vertex 23.55 -32.4 10.2
      vertex 23.501303899749377 -32.01453067489447 10.2
    endloop
  endfacet
  facet normal -0.9297764858882522 -0.36812455268467564 0
    outer loop
      vertex 23.358275354067988 -31.65328180514234 3.3
      vertex 23.501303899749377 -32.01453067489447 10.2
      vertex 23.358275354067988 -31.65328180514234 10.2
    endloop
  endfacet
  facet normal -0.8090169943749458 -0.5877852522924752 0
    outer loop
      vertex 23.129901372503188 -31.33895198581053 3.3
      vertex 23.358275354067988 -31.65328180514234 10.2
      vertex 23.129901372503188 -31.33895198581053 10.2
    endloop
  endfacet
  facet normal -0.6374239897485269 0.7705132427759238 0
    outer loop
      vertex 101.12385824542051 -45.96604732369091 3.3000001907348633
      vertex 101.12990137250318 -45.961048014189466 10.199999809265137
      vertex 101.12990137250318 -45.961048014189466 3.3000001907348633
    endloop
  endfacet
  facet normal -0.8090169943749487 0.5877852522924716 0
    outer loop
      vertex 101.16924956336715 -45.90688987568106 3.3000001907348633
      vertex 101.12990137250318 -45.961048014189466 3.3000001907348633
      vertex 101.16924956336715 -45.90688987568106 10.199999809265137
    endloop
  endfacet
  facet normal -0.8090169943749941 0.5877852522924091 0
    outer loop
      vertex 101.33994413601042 -45.67194895197231 3.3000001907348633
      vertex 101.35827535406798 -45.646718194857655 10.199999809265137
      vertex 101.35827535406798 -45.646718194857655 3.3000001907348633
    endloop
  endfacet
  facet normal -0.929776485888251 0.36812455268467875 0
    outer loop
      vertex 101.35827535406798 -45.646718194857655 3.3000001907348633
      vertex 101.35827535406798 -45.646718194857655 10.199999809265137
      vertex 101.50130389974937 -45.285469325105524 3.3000001907348633
    endloop
  endfacet
  facet normal -0.9921147013144773 0.1253332335643084 0
    outer loop
      vertex 101.50130389974937 -45.285469325105524 3.3000001907348633
      vertex 101.50130389974937 -45.285469325105524 10.199999809265137
      vertex 101.55 -44.9 3.3000001907348633
    endloop
  endfacet
  facet normal -0.9921147013144773 -0.1253332335643084 0
    outer loop
      vertex 101.55 -44.9 3.3000001907348633
      vertex 101.55 -44.9 10.199999809265137
      vertex 101.50130389974937 -44.51453067489447 3.3000001907348633
    endloop
  endfacet
  facet normal -0.929776485888251 -0.36812455268467875 0
    outer loop
      vertex 101.50130389974937 -44.51453067489447 3.3000001907348633
      vertex 101.50130389974937 -44.51453067489447 10.199999809265137
      vertex 101.35827535406798 -44.15328180514234 3.3000001907348633
    endloop
  endfacet
  facet normal -0.8090169943749003 -0.5877852522925381 0
    outer loop
      vertex 101.34173417961122 -44.1305148316767 3.3000001907348633
      vertex 101.35827535406798 -44.15328180514234 3.3000001907348633
      vertex 101.34173417961122 -44.1305148316767 10.199999809265137
    endloop
  endfacet
  facet normal -0.8090169943748229 -0.5877852522926448 0
    outer loop
      vertex 101.14392236208631 -43.85825022237986 3.3000001907348633
      vertex 101.12990137250318 -43.83895198581053 10.199999809265137
      vertex 101.12990137250318 -43.83895198581053 3.3000001907348633
    endloop
  endfacet
  facet normal -0.6374239897475087 -0.770513242776766 0
    outer loop
      vertex 101.12774637942702 -43.837169220494864 3.3000001907348633
      vertex 101.12990137250318 -43.83895198581053 3.3000001907348633
      vertex 101.12774637942702 -43.837169220494864 10.199999809265137
    endloop
  endfacet
  facet normal -0.6374239897485269 0.7705132427759238 0
    outer loop
      vertex 101.12385824542051 -45.96604732369091 3.3000001907348633
      vertex 101.12385824542051 -45.96604732369091 10.199999809265137
      vertex 101.12990137250318 -45.961048014189466 10.199999809265137
    endloop
  endfacet
  facet normal -0.8090169943749487 0.5877852522924716 0
    outer loop
      vertex 101.12990137250318 -45.961048014189466 3.3000001907348633
      vertex 101.12990137250318 -45.961048014189466 10.199999809265137
      vertex 101.16924956336715 -45.90688987568106 10.199999809265137
    endloop
  endfacet
  facet normal -0.8090169943749941 0.5877852522924091 0
    outer loop
      vertex 101.33994413601042 -45.67194895197231 3.3000001907348633
      vertex 101.33994413601042 -45.67194895197231 10.199999809265137
      vertex 101.35827535406798 -45.646718194857655 10.199999809265137
    endloop
  endfacet
  facet normal -0.929776485888251 0.36812455268467875 0
    outer loop
      vertex 101.50130389974937 -45.285469325105524 3.3000001907348633
      vertex 101.35827535406798 -45.646718194857655 10.199999809265137
      vertex 101.50130389974937 -45.285469325105524 10.199999809265137
    endloop
  endfacet
  facet normal -0.9921147013144773 0.1253332335643084 0
    outer loop
      vertex 101.55 -44.9 3.3000001907348633
      vertex 101.50130389974937 -45.285469325105524 10.199999809265137
      vertex 101.55 -44.9 10.199999809265137
    endloop
  endfacet
  facet normal -0.9921147013144773 -0.1253332335643084 0
    outer loop
      vertex 101.50130389974937 -44.51453067489447 3.3000001907348633
      vertex 101.55 -44.9 10.199999809265137
      vertex 101.50130389974937 -44.51453067489447 10.199999809265137
    endloop
  endfacet
  facet normal -0.929776485888251 -0.36812455268467875 0
    outer loop
      vertex 101.35827535406798 -44.15328180514234 3.3000001907348633
      vertex 101.50130389974937 -44.51453067489447 10.199999809265137
      vertex 101.35827535406798 -44.15328180514234 10.199999809265137
    endloop
  endfacet
  facet normal -0.8090169943749003 -0.5877852522925381 0
    outer loop
      vertex 101.35827535406798 -44.15328180514234 3.3000001907348633
      vertex 101.35827535406798 -44.15328180514234 10.199999809265137
      vertex 101.34173417961122 -44.1305148316767 10.199999809265137
    endloop
  endfacet
  facet normal -0.8090169943748229 -0.5877852522926448 0
    outer loop
      vertex 101.14392236208631 -43.85825022237986 3.3000001907348633
      vertex 101.14392236208631 -43.85825022237986 10.199999809265137
      vertex 101.12990137250318 -43.83895198581053 10.199999809265137
    endloop
  endfacet
  facet normal -0.6374239897475087 -0.770513242776766 0
    outer loop
      vertex 101.12990137250318 -43.83895198581053 3.3000001907348633
      vertex 101.12990137250318 -43.83895198581053 10.199999809265137
      vertex 101.12774637942702 -43.837169220494864 10.199999809265137
    endloop
  endfacet
  facet normal 0.809016994374949 0.5877852522924709 0
    outer loop
      vertex -23.129901372503188 -33.461048014189466 3.3
      vertex -23.358275354067988 -33.146718194857655 3.3
      vertex -23.358275354067988 -33.146718194857655 10.2
    endloop
  endfacet
  facet normal 0.929776485888251 0.36812455268467875 0
    outer loop
      vertex -23.358275354067988 -33.146718194857655 3.3
      vertex -23.501303899749377 -32.785469325105524 3.3
      vertex -23.501303899749377 -32.785469325105524 10.2
    endloop
  endfacet
  facet normal 0.9921147013144772 0.12533323356430837 0
    outer loop
      vertex -23.55 -32.4 3.3
      vertex -23.55 -32.4 10.2
      vertex -23.501303899749377 -32.785469325105524 3.3
    endloop
  endfacet
  facet normal 0.9921147013144772 -0.12533323356430837 0
    outer loop
      vertex -23.55 -32.4 3.3
      vertex -23.501303899749377 -32.01453067489447 3.3
      vertex -23.501303899749377 -32.01453067489447 10.2
    endloop
  endfacet
  facet normal 0.9297764858882522 -0.36812455268467564 0
    outer loop
      vertex -23.501303899749377 -32.01453067489447 3.3
      vertex -23.358275354067988 -31.65328180514234 3.3
      vertex -23.358275354067988 -31.65328180514234 10.2
    endloop
  endfacet
  facet normal 0.8090169943749458 -0.5877852522924752 0
    outer loop
      vertex -23.358275354067988 -31.65328180514234 3.3
      vertex -23.129901372503188 -31.33895198581053 3.3
      vertex -23.129901372503188 -31.33895198581053 10.2
    endloop
  endfacet
  facet normal 0.4257792915650661 0.9048270524660226 0
    outer loop
      vertex -22.830531532217446 -33.70870828452812 3.3
      vertex -22.830531532217446 -33.70870828452812 10.2
      vertex -22.478976341281168 -33.874137600257484 3.3
    endloop
  endfacet
  facet normal 0.1873813145857335 0.982287250728687 0
    outer loop
      vertex -22.478976341281168 -33.874137600257484 3.3
      vertex -22.478976341281168 -33.874137600257484 10.2
      vertex -22.097325305270438 -33.94694142906382 3.3
    endloop
  endfacet
  facet normal 0.6374239897486915 0.7705132427757876 0
    outer loop
      vertex -23.129901372503188 -33.461048014189466 3.3
      vertex -23.129901372503188 -33.461048014189466 10.2
      vertex -22.830531532217446 -33.70870828452812 3.3
    endloop
  endfacet
  facet normal -0.06279051952930957 0.9980267284282718 0
    outer loop
      vertex -22.097325305270438 -33.94694142906382 3.3
      vertex -22.097325305270438 -33.94694142906382 10.2
      vertex -21.709558962392126 -33.92254523862947 3.3
    endloop
  endfacet
  facet normal -0.3090169943749567 0.9510565162951505 0
    outer loop
      vertex -21.709558962392126 -33.92254523862947 3.3
      vertex -21.709558962392126 -33.92254523862947 10.2
      vertex -21.340042098074136 -33.802481931322326 3.3
    endloop
  endfacet
  facet normal -0.5358267949789894 0.8443279255020196 0
    outer loop
      vertex -21.340042098074136 -33.802481931322326 3.3
      vertex -21.340042098074136 -33.802481931322326 10.2
      vertex -21.01199281588953 -33.594295526302474 3.3
    endloop
  endfacet
  facet normal -0.7289686274214159 0.6845471059286841 0
    outer loop
      vertex -21.01199281588953 -33.594295526302474 3.3
      vertex -21.01199281588953 -33.594295526302474 10.2
      vertex -20.74602365871883 -33.31106714105333 3.3
    endloop
  endfacet
  facet normal -0.8763066800438636 0.48175367410171527 0
    outer loop
      vertex -20.74602365871883 -33.31106714105333 3.3
      vertex -20.74602365871883 -33.31106714105333 10.2
      vertex -20.55884644687321 -32.97059305666125 3.3
    endloop
  endfacet
  facet normal -0.9685831611286306 0.24868988716485677 0
    outer loop
      vertex -20.55884644687321 -32.97059305666125 3.3
      vertex -20.55884644687321 -32.97059305666125 10.2
      vertex -20.46222221296256 -32.59426651202467 3.3
    endloop
  endfacet
  facet normal -1 0 0
    outer loop
      vertex -20.46222221296256 -32.59426651202467 3.3
      vertex -20.46222221296256 -32.59426651202467 10.2
      vertex -20.46222221296256 -32.20573348797533 3.3
    endloop
  endfacet
  facet normal 0.6374239897486915 -0.7705132427757876 0
    outer loop
      vertex -23.129901372503188 -31.33895198581053 3.3
      vertex -22.830531532217446 -31.091291715471876 3.3
      vertex -22.830531532217446 -31.091291715471876 10.2
    endloop
  endfacet
  facet normal 0.42577929156507366 -0.9048270524660191 0
    outer loop
      vertex -22.830531532217446 -31.091291715471876 3.3
      vertex -22.478976341281168 -30.92586239974251 3.3
      vertex -22.478976341281168 -30.92586239974251 10.2
    endloop
  endfacet
  facet normal 0.18738131458572302 -0.9822872507286889 0
    outer loop
      vertex -22.478976341281168 -30.92586239974251 3.3
      vertex -22.097325305270434 -30.853058570936177 3.3
      vertex -22.097325305270434 -30.853058570936177 10.2
    endloop
  endfacet
  facet normal -0.5358267949790025 -0.8443279255020114 0
    outer loop
      vertex -21.340042098074136 -30.997518068677667 3.3
      vertex -21.01199281588953 -31.205704473697526 3.3
      vertex -21.01199281588953 -31.205704473697526 10.2
    endloop
  endfacet
  facet normal -0.06279051952931014 -0.9980267284282718 0
    outer loop
      vertex -22.097325305270434 -30.853058570936177 3.3
      vertex -21.709558962392126 -30.87745476137053 3.3
      vertex -21.709558962392126 -30.87745476137053 10.2
    endloop
  endfacet
  facet normal -0.30901699437494845 -0.9510565162951532 0
    outer loop
      vertex -21.709558962392126 -30.87745476137053 3.3
      vertex -21.340042098074136 -30.997518068677667 3.3
      vertex -21.340042098074136 -30.997518068677667 10.2
    endloop
  endfacet
  facet normal -0.9685831611286306 -0.24868988716485677 0
    outer loop
      vertex -20.46222221296256 -32.20573348797533 3.3
      vertex -20.46222221296256 -32.20573348797533 10.2
      vertex -20.55884644687321 -31.829406943338746 3.3
    endloop
  endfacet
  facet normal -0.8763066800438657 -0.48175367410171144 0
    outer loop
      vertex -20.55884644687321 -31.829406943338746 3.3
      vertex -20.55884644687321 -31.829406943338746 10.2
      vertex -20.74602365871883 -31.488932858946665 3.3
    endloop
  endfacet
  facet normal -0.7289686274214073 -0.6845471059286931 0
    outer loop
      vertex -20.74602365871883 -31.488932858946665 3.3
      vertex -20.74602365871883 -31.488932858946665 10.2
      vertex -21.01199281588953 -31.205704473697526 3.3
    endloop
  endfacet
  facet normal 0.809016994374949 0.5877852522924709 0
    outer loop
      vertex -23.129901372503188 -33.461048014189466 3.3
      vertex -23.358275354067988 -33.146718194857655 10.2
      vertex -23.129901372503188 -33.461048014189466 10.2
    endloop
  endfacet
  facet normal 0.929776485888251 0.36812455268467875 0
    outer loop
      vertex -23.358275354067988 -33.146718194857655 3.3
      vertex -23.501303899749377 -32.785469325105524 10.2
      vertex -23.358275354067988 -33.146718194857655 10.2
    endloop
  endfacet
  facet normal 0.9921147013144772 0.12533323356430837 0
    outer loop
      vertex -23.501303899749377 -32.785469325105524 3.3
      vertex -23.55 -32.4 10.2
      vertex -23.501303899749377 -32.785469325105524 10.2
    endloop
  endfacet
  facet normal 0.9921147013144772 -0.12533323356430837 0
    outer loop
      vertex -23.55 -32.4 3.3
      vertex -23.501303899749377 -32.01453067489447 10.2
      vertex -23.55 -32.4 10.2
    endloop
  endfacet
  facet normal 0.9297764858882522 -0.36812455268467564 0
    outer loop
      vertex -23.501303899749377 -32.01453067489447 3.3
      vertex -23.358275354067988 -31.65328180514234 10.2
      vertex -23.501303899749377 -32.01453067489447 10.2
    endloop
  endfacet
  facet normal 0.8090169943749458 -0.5877852522924752 0
    outer loop
      vertex -23.358275354067988 -31.65328180514234 3.3
      vertex -23.129901372503188 -31.33895198581053 10.2
      vertex -23.358275354067988 -31.65328180514234 10.2
    endloop
  endfacet
  facet normal 0.4257792915650661 0.9048270524660226 0
    outer loop
      vertex -22.478976341281168 -33.874137600257484 3.3
      vertex -22.830531532217446 -33.70870828452812 10.2
      vertex -22.478976341281168 -33.874137600257484 10.2
    endloop
  endfacet
  facet normal 0.1873813145857335 0.982287250728687 0
    outer loop
      vertex -22.097325305270438 -33.94694142906382 3.3
      vertex -22.478976341281168 -33.874137600257484 10.2
      vertex -22.097325305270438 -33.94694142906382 10.2
    endloop
  endfacet
  facet normal 0.6374239897486915 0.7705132427757876 0
    outer loop
      vertex -22.830531532217446 -33.70870828452812 3.3
      vertex -23.129901372503188 -33.461048014189466 10.2
      vertex -22.830531532217446 -33.70870828452812 10.2
    endloop
  endfacet
  facet normal -0.06279051952930957 0.9980267284282718 0
    outer loop
      vertex -21.709558962392126 -33.92254523862947 3.3
      vertex -22.097325305270438 -33.94694142906382 10.2
      vertex -21.709558962392126 -33.92254523862947 10.2
    endloop
  endfacet
  facet normal -0.3090169943749567 0.9510565162951505 0
    outer loop
      vertex -21.340042098074136 -33.802481931322326 3.3
      vertex -21.709558962392126 -33.92254523862947 10.2
      vertex -21.340042098074136 -33.802481931322326 10.2
    endloop
  endfacet
  facet normal -0.5358267949789894 0.8443279255020196 0
    outer loop
      vertex -21.01199281588953 -33.594295526302474 3.3
      vertex -21.340042098074136 -33.802481931322326 10.2
      vertex -21.01199281588953 -33.594295526302474 10.2
    endloop
  endfacet
  facet normal -0.7289686274214159 0.6845471059286841 0
    outer loop
      vertex -20.74602365871883 -33.31106714105333 3.3
      vertex -21.01199281588953 -33.594295526302474 10.2
      vertex -20.74602365871883 -33.31106714105333 10.2
    endloop
  endfacet
  facet normal -0.8763066800438636 0.48175367410171527 0
    outer loop
      vertex -20.55884644687321 -32.97059305666125 3.3
      vertex -20.74602365871883 -33.31106714105333 10.2
      vertex -20.55884644687321 -32.97059305666125 10.2
    endloop
  endfacet
  facet normal -0.9685831611286306 0.24868988716485677 0
    outer loop
      vertex -20.46222221296256 -32.59426651202467 3.3
      vertex -20.55884644687321 -32.97059305666125 10.2
      vertex -20.46222221296256 -32.59426651202467 10.2
    endloop
  endfacet
  facet normal 0.6374239897486915 -0.7705132427757876 0
    outer loop
      vertex -23.129901372503188 -31.33895198581053 3.3
      vertex -22.830531532217446 -31.091291715471876 10.2
      vertex -23.129901372503188 -31.33895198581053 10.2
    endloop
  endfacet
  facet normal 0.42577929156507366 -0.9048270524660191 0
    outer loop
      vertex -22.830531532217446 -31.091291715471876 3.3
      vertex -22.478976341281168 -30.92586239974251 10.2
      vertex -22.830531532217446 -31.091291715471876 10.2
    endloop
  endfacet
  facet normal 0.18738131458572302 -0.9822872507286889 0
    outer loop
      vertex -22.478976341281168 -30.92586239974251 3.3
      vertex -22.097325305270434 -30.853058570936177 10.2
      vertex -22.478976341281168 -30.92586239974251 10.2
    endloop
  endfacet
  facet normal -0.06279051952931014 -0.9980267284282718 0
    outer loop
      vertex -22.097325305270434 -30.853058570936177 3.3
      vertex -21.709558962392126 -30.87745476137053 10.2
      vertex -22.097325305270434 -30.853058570936177 10.2
    endloop
  endfacet
  facet normal -0.30901699437494845 -0.9510565162951532 0
    outer loop
      vertex -21.709558962392126 -30.87745476137053 3.3
      vertex -21.340042098074136 -30.997518068677667 10.2
      vertex -21.709558962392126 -30.87745476137053 10.2
    endloop
  endfacet
  facet normal -0.5358267949790025 -0.8443279255020114 0
    outer loop
      vertex -21.340042098074136 -30.997518068677667 3.3
      vertex -21.01199281588953 -31.205704473697526 10.2
      vertex -21.340042098074136 -30.997518068677667 10.2
    endloop
  endfacet
  facet normal -1 0 0
    outer loop
      vertex -20.46222221296256 -32.20573348797533 3.3
      vertex -20.46222221296256 -32.59426651202467 10.2
      vertex -20.46222221296256 -32.20573348797533 10.2
    endloop
  endfacet
  facet normal -0.9685831611286306 -0.24868988716485677 0
    outer loop
      vertex -20.55884644687321 -31.829406943338746 3.3
      vertex -20.46222221296256 -32.20573348797533 10.2
      vertex -20.55884644687321 -31.829406943338746 10.2
    endloop
  endfacet
  facet normal -0.8763066800438657 -0.48175367410171144 0
    outer loop
      vertex -20.74602365871883 -31.488932858946665 3.3
      vertex -20.55884644687321 -31.829406943338746 10.2
      vertex -20.74602365871883 -31.488932858946665 10.2
    endloop
  endfacet
  facet normal -0.7289686274214073 -0.6845471059286931 0
    outer loop
      vertex -21.01199281588953 -31.205704473697526 3.3
      vertex -20.74602365871883 -31.488932858946665 10.2
      vertex -21.01199281588953 -31.205704473697526 10.2
    endloop
  endfacet
  facet normal 0.8090169943749822 0.5877852522924253 0
    outer loop
      vertex -101.33963431244358 -45.67237538752824 3.3000001907348633
      vertex -101.35827535406798 -45.646718194857655 3.3000001907348633
      vertex -101.33963431244358 -45.67237538752824 10.199999809265137
    endloop
  endfacet
  facet normal 0.8090169943749831 0.587785252292424 0
    outer loop
      vertex -101.16929208853897 -45.90683134480339 3.3000001907348633
      vertex -101.12990137250318 -45.961048014189466 10.199999809265137
      vertex -101.12990137250318 -45.961048014189466 3.3000001907348633
    endloop
  endfacet
  facet normal 0.6374239897487165 0.770513242775767 0
    outer loop
      vertex -101.12384804561533 -45.966055761703586 3.3000001907348633
      vertex -101.12990137250318 -45.961048014189466 3.3000001907348633
      vertex -101.12384804561533 -45.966055761703586 10.199999809265137
    endloop
  endfacet
  facet normal 0.929776485888251 0.36812455268467875 0
    outer loop
      vertex -101.35827535406798 -45.646718194857655 3.3000001907348633
      vertex -101.50130389974937 -45.285469325105524 3.3000001907348633
      vertex -101.50130389974937 -45.285469325105524 10.199999809265137
    endloop
  endfacet
  facet normal 0.9921147013144773 0.1253332335643084 0
    outer loop
      vertex -101.50130389974937 -45.285469325105524 3.3000001907348633
      vertex -101.55 -44.9 3.3000001907348633
      vertex -101.55 -44.9 10.199999809265137
    endloop
  endfacet
  facet normal 0.9921147013144773 -0.1253332335643084 0
    outer loop
      vertex -101.55 -44.9 3.3000001907348633
      vertex -101.50130389974937 -44.51453067489447 3.3000001907348633
      vertex -101.50130389974937 -44.51453067489447 10.199999809265137
    endloop
  endfacet
  facet normal 0.929776485888251 -0.36812455268467875 0
    outer loop
      vertex -101.50130389974937 -44.51453067489447 3.3000001907348633
      vertex -101.35827535406798 -44.15328180514234 3.3000001907348633
      vertex -101.35827535406798 -44.15328180514234 10.199999809265137
    endloop
  endfacet
  facet normal 0.8090169943749927 -0.5877852522924109 0
    outer loop
      vertex -101.34069182236553 -44.129080150009045 3.3000001907348633
      vertex -101.35827535406798 -44.15328180514234 10.199999809265137
      vertex -101.35827535406798 -44.15328180514234 3.3000001907348633
    endloop
  endfacet
  facet normal 0.8090169943750101 -0.5877852522923868 0
    outer loop
      vertex -101.15435851835664 -43.87261435918957 3.3000001907348633
      vertex -101.12990137250318 -43.83895198581053 3.3000001907348633
      vertex -101.15435851835664 -43.87261435918957 10.199999809265137
    endloop
  endfacet
  facet normal 0.6374239897489392 -0.770513242775583 0
    outer loop
      vertex -101.12614116749002 -43.83584127369203 3.3000001907348633
      vertex -101.12990137250318 -43.83895198581053 10.199999809265137
      vertex -101.12990137250318 -43.83895198581053 3.3000001907348633
    endloop
  endfacet
  facet normal 0.8090169943749822 0.5877852522924253 0
    outer loop
      vertex -101.35827535406798 -45.646718194857655 3.3000001907348633
      vertex -101.35827535406798 -45.646718194857655 10.199999809265137
      vertex -101.33963431244358 -45.67237538752824 10.199999809265137
    endloop
  endfacet
  facet normal 0.8090169943749831 0.587785252292424 0
    outer loop
      vertex -101.16929208853897 -45.90683134480339 3.3000001907348633
      vertex -101.16929208853897 -45.90683134480339 10.199999809265137
      vertex -101.12990137250318 -45.961048014189466 10.199999809265137
    endloop
  endfacet
  facet normal 0.6374239897487165 0.770513242775767 0
    outer loop
      vertex -101.12990137250318 -45.961048014189466 3.3000001907348633
      vertex -101.12990137250318 -45.961048014189466 10.199999809265137
      vertex -101.12384804561533 -45.966055761703586 10.199999809265137
    endloop
  endfacet
  facet normal 0.929776485888251 0.36812455268467875 0
    outer loop
      vertex -101.35827535406798 -45.646718194857655 3.3000001907348633
      vertex -101.50130389974937 -45.285469325105524 10.199999809265137
      vertex -101.35827535406798 -45.646718194857655 10.199999809265137
    endloop
  endfacet
  facet normal 0.9921147013144773 0.1253332335643084 0
    outer loop
      vertex -101.50130389974937 -45.285469325105524 3.3000001907348633
      vertex -101.55 -44.9 10.199999809265137
      vertex -101.50130389974937 -45.285469325105524 10.199999809265137
    endloop
  endfacet
  facet normal 0.9921147013144773 -0.1253332335643084 0
    outer loop
      vertex -101.55 -44.9 3.3000001907348633
      vertex -101.50130389974937 -44.51453067489447 10.199999809265137
      vertex -101.55 -44.9 10.199999809265137
    endloop
  endfacet
  facet normal 0.929776485888251 -0.36812455268467875 0
    outer loop
      vertex -101.50130389974937 -44.51453067489447 3.3000001907348633
      vertex -101.35827535406798 -44.15328180514234 10.199999809265137
      vertex -101.50130389974937 -44.51453067489447 10.199999809265137
    endloop
  endfacet
  facet normal 0.8090169943749927 -0.5877852522924109 0
    outer loop
      vertex -101.34069182236553 -44.129080150009045 3.3000001907348633
      vertex -101.34069182236553 -44.129080150009045 10.199999809265137
      vertex -101.35827535406798 -44.15328180514234 10.199999809265137
    endloop
  endfacet
  facet normal 0.8090169943750101 -0.5877852522923868 0
    outer loop
      vertex -101.12990137250318 -43.83895198581053 3.3000001907348633
      vertex -101.12990137250318 -43.83895198581053 10.199999809265137
      vertex -101.15435851835664 -43.87261435918957 10.199999809265137
    endloop
  endfacet
  facet normal 0.6374239897489392 -0.770513242775583 0
    outer loop
      vertex -101.12614116749002 -43.83584127369203 3.3000001907348633
      vertex -101.12614116749002 -43.83584127369203 10.199999809265137
      vertex -101.12990137250318 -43.83895198581053 10.199999809265137
    endloop
  endfacet
  facet normal 0 0 -1
    outer loop
      vertex -105.57862162590027 -53.9243955463171 3.3000001907348633
      vertex -106.49577975273132 -53.282206520438194 3.3000001907348633
      vertex -102.3191249370575 -54.457316383719444 3.3000001907348633
    endloop
  endfacet
  facet normal 0 0 -1
    outer loop
      vertex -105.57862162590027 -53.9243955463171 3.3000001907348633
      vertex -102.3191249370575 -54.457316383719444 3.3000001907348633
      vertex -104.54155611991882 -54.34640787541866 3.3000001907348633
    endloop
  endfacet
  facet normal 0 0 -1
    outer loop
      vertex -106.49577975273132 -53.282206520438194 3.3000001907348633
      vertex -107.24704241752625 -52.45202921330929 3.3000001907348633
      vertex -102.3191249370575 -54.457316383719444 3.3000001907348633
    endloop
  endfacet
  facet normal 0 0 -1
    outer loop
      vertex -107.79473757743835 -51.47548960149288 3.3000001907348633
      vertex -102.3191249370575 -54.457316383719444 3.3000001907348633
      vertex -107.24704241752625 -52.45202921330929 3.3000001907348633
    endloop
  endfacet
  facet normal 0 0 -1
    outer loop
      vertex -104.54155611991882 -54.34640787541866 3.3000001907348633
      vertex -102.3191249370575 -54.457316383719444 3.3000001907348633
      vertex -103.43658900260925 -54.52706430852413 3.3000001907348633
    endloop
  endfacet
  facet normal 0 0 -1
    outer loop
      vertex -107.79473757743835 -51.47548960149288 3.3000001907348633
      vertex -108.11140513420105 -50.4015683978796 3.3000001907348633
      vertex -99.94277834892273 -46.49945352971554 3.3000001907348633
    endloop
  endfacet
  facet normal 0 0 -1
    outer loop
      vertex -107.79473757743835 -51.47548960149288 3.3000001907348633
      vertex -99.94277834892273 -46.49945352971554 3.3000001907348633
      vertex -102.3191249370575 -54.457316383719444 3.3000001907348633
    endloop
  endfacet
  facet normal 0 0 -1
    outer loop
      vertex -108.11140513420105 -50.4015683978796 3.3000001907348633
      vertex -100.35688853263855 -46.444933876395226 3.3000001907348633
      vertex -99.94277834892273 -46.49945352971554 3.3000001907348633
    endloop
  endfacet
  facet normal 0 0 -1
    outer loop
      vertex -102.3191249370575 -54.457316383719444 3.3000001907348633
      vertex -99.94277834892273 -46.49945352971554 3.3000001907348633
      vertex -99.52866816520691 -46.444933876395226 3.3000001907348633
    endloop
  endfacet
  facet normal 0 0 -1
    outer loop
      vertex -102.3191249370575 -54.457316383719444 3.3000001907348633
      vertex -99.52866816520691 -46.444933876395226 3.3000001907348633
      vertex -86.09842944145203 -48.55085276067257 3.3000001907348633
    endloop
  endfacet
  facet normal 0 0 -1
    outer loop
      vertex -108.11140513420105 -50.4015683978796 3.3000001907348633
      vertex -101.50130389974937 -45.285469325105524 3.3000001907348633
      vertex -101.35827535406798 -45.646718194857655 3.3000001907348633
    endloop
  endfacet
  facet normal 0 0 -1
    outer loop
      vertex -108.11140513420105 -50.4015683978796 3.3000001907348633
      vertex -101.55 -44.9 3.3000001907348633
      vertex -101.50130389974937 -45.285469325105524 3.3000001907348633
    endloop
  endfacet
  facet normal 0 0 -1
    outer loop
      vertex -108.11140513420105 -50.4015683978796 3.3000001907348633
      vertex -106.89354395866394 -40.0326719135046 3.3000001907348633
      vertex -101.55 -44.9 3.3000001907348633
    endloop
  endfacet
  facet normal 0 0 -1
    outer loop
      vertex -108.11140513420105 -50.4015683978796 3.3000001907348633
      vertex -101.07414889335632 -46.03082560002804 3.3000001907348633
      vertex -100.74277758598328 -46.28509043157101 3.3000001907348633
    endloop
  endfacet
  facet normal 0 0 -1
    outer loop
      vertex -108.11140513420105 -50.4015683978796 3.3000001907348633
      vertex -101.12384804561533 -45.966055761703586 3.3000001907348633
      vertex -101.07414889335632 -46.03082560002804 3.3000001907348633
    endloop
  endfacet
  facet normal 0 0 -1
    outer loop
      vertex -108.11140513420105 -50.4015683978796 3.3000001907348633
      vertex -101.12990137250318 -45.961048014189466 3.3000001907348633
      vertex -101.12384804561533 -45.966055761703586 3.3000001907348633
    endloop
  endfacet
  facet normal 0 0 -1
    outer loop
      vertex -108.11140513420105 -50.4015683978796 3.3000001907348633
      vertex -101.16929208853897 -45.90683134480339 3.3000001907348633
      vertex -101.12990137250318 -45.961048014189466 3.3000001907348633
    endloop
  endfacet
  facet normal 0 0 -1
    outer loop
      vertex -108.11140513420105 -50.4015683978796 3.3000001907348633
      vertex -101.32841944694519 -45.699450477957726 3.3000001907348633
      vertex -101.16929208853897 -45.90683134480339 3.3000001907348633
    endloop
  endfacet
  facet normal 0 0 -1
    outer loop
      vertex -108.11140513420105 -50.4015683978796 3.3000001907348633
      vertex -100.74277758598328 -46.28509043157101 3.3000001907348633
      vertex -100.35688853263855 -46.444933876395226 3.3000001907348633
    endloop
  endfacet
  facet normal 0 0 -1
    outer loop
      vertex -108.11140513420105 -50.4015683978796 3.3000001907348633
      vertex -101.35827535406798 -45.646718194857655 3.3000001907348633
      vertex -101.33963431244358 -45.67237538752824 3.3000001907348633
    endloop
  endfacet
  facet normal 0 0 -1
    outer loop
      vertex -108.11140513420105 -50.4015683978796 3.3000001907348633
      vertex -101.33963431244358 -45.67237538752824 3.3000001907348633
      vertex -101.32841944694519 -45.699450477957726 3.3000001907348633
    endloop
  endfacet
  facet normal 0 0 -1
    outer loop
      vertex -101.55 -44.9 3.3000001907348633
      vertex -106.89354395866394 -40.0326719135046 3.3000001907348633
      vertex -101.50130389974937 -44.51453067489447 3.3000001907348633
    endloop
  endfacet
  facet normal 0 0 -1
    outer loop
      vertex -101.50130389974937 -44.51453067489447 3.3000001907348633
      vertex -106.89354395866394 -40.0326719135046 3.3000001907348633
      vertex -101.35827535406798 -44.15328180514234 3.3000001907348633
    endloop
  endfacet
  facet normal 0 0 -1
    outer loop
      vertex -101.34069182236553 -44.129080150009045 3.3000001907348633
      vertex -101.35827535406798 -44.15328180514234 3.3000001907348633
      vertex -106.89354395866394 -40.0326719135046 3.3000001907348633
    endloop
  endfacet
  facet normal 0 0 -1
    outer loop
      vertex -101.32841944694519 -44.09945200383663 3.3000001907348633
      vertex -101.34069182236553 -44.129080150009045 3.3000001907348633
      vertex -106.89354395866394 -40.0326719135046 3.3000001907348633
    endloop
  endfacet
  facet normal 0 0 -1
    outer loop
      vertex -101.32841944694519 -44.09945200383663 3.3000001907348633
      vertex -106.89354395866394 -40.0326719135046 3.3000001907348633
      vertex -101.15435851835664 -43.87261435918957 3.3000001907348633
    endloop
  endfacet
  facet normal 0 0 -1
    outer loop
      vertex -101.12614116749002 -43.83584127369203 3.3000001907348633
      vertex -106.89354395866394 -40.0326719135046 3.3000001907348633
      vertex -101.07414889335632 -43.76808451116085 3.3000001907348633
    endloop
  endfacet
  facet normal 0 0 -1
    outer loop
      vertex -101.12614116749002 -43.83584127369203 3.3000001907348633
      vertex -101.12990137250318 -43.83895198581053 3.3000001907348633
      vertex -106.89354395866394 -40.0326719135046 3.3000001907348633
    endloop
  endfacet
  facet normal 0 0 -1
    outer loop
      vertex -101.15435851835664 -43.87261435918957 3.3000001907348633
      vertex -106.89354395866394 -40.0326719135046 3.3000001907348633
      vertex -101.12990137250318 -43.83895198581053 3.3000001907348633
    endloop
  endfacet
  facet normal 0 0 -1
    outer loop
      vertex -101.07414889335632 -43.76808451116085 3.3000001907348633
      vertex -106.89354395866394 -40.0326719135046 3.3000001907348633
      vertex -100.74277758598328 -43.51381205022335 3.3000001907348633
    endloop
  endfacet
  facet normal 0 0 -1
    outer loop
      vertex -100.74277758598328 -43.51381205022335 3.3000001907348633
      vertex -106.89354395866394 -40.0326719135046 3.3000001907348633
      vertex -100.35688853263855 -43.35396860539913 3.3000001907348633
    endloop
  endfacet
  facet normal 0 0 -1
    outer loop
      vertex -100.35688853263855 -43.35396860539913 3.3000001907348633
      vertex -106.89354395866394 -40.0326719135046 3.3000001907348633
      vertex -99.94277834892273 -43.29945658147335 3.3000001907348633
    endloop
  endfacet
  facet normal 0 0 -1
    outer loop
      vertex -99.52866816520691 -46.444933876395226 3.3000001907348633
      vertex -99.14277720451355 -46.28509043157101 3.3000001907348633
      vertex -86.09842944145203 -48.55085276067257 3.3000001907348633
    endloop
  endfacet
  facet normal 0 0 -1
    outer loop
      vertex -99.14277720451355 -46.28509043157101 3.3000001907348633
      vertex -98.81140780448914 -46.03082560002804 3.3000001907348633
      vertex -86.09842944145203 -48.55085276067257 3.3000001907348633
    endloop
  endfacet
  facet normal 0 0 -1
    outer loop
      vertex -98.81140780448914 -46.03082560002804 3.3000001907348633
      vertex -98.55713725090027 -45.699450477957726 3.3000001907348633
      vertex -86.09842944145203 -48.55085276067257 3.3000001907348633
    endloop
  endfacet
  facet normal 0 0 -1
    outer loop
      vertex -98.55713725090027 -45.699450477957726 3.3000001907348633
      vertex -98.39729762077332 -45.31356333196163 3.3000001907348633
      vertex -86.09842944145203 -48.55085276067257 3.3000001907348633
    endloop
  endfacet
  facet normal 0 0 -1
    outer loop
      vertex -98.39729762077332 -45.31356333196163 3.3000001907348633
      vertex -98.342777967453 -44.899455055594444 3.3000001907348633
      vertex -86.09842944145203 -48.55085276067257 3.3000001907348633
    endloop
  endfacet
  facet normal 0 0 -1
    outer loop
      vertex -98.342777967453 -44.899455055594444 3.3000001907348633
      vertex -98.39729762077332 -44.485339149832726 3.3000001907348633
      vertex -86.09842944145203 -48.55085276067257 3.3000001907348633
    endloop
  endfacet
  facet normal 0 0 -1
    outer loop
      vertex -98.39729762077332 -44.485339149832726 3.3000001907348633
      vertex -98.55713725090027 -44.09945200383663 3.3000001907348633
      vertex -86.09842944145203 -48.55085276067257 3.3000001907348633
    endloop
  endfacet
  facet normal 0 0 -1
    outer loop
      vertex -99.14277720451355 -43.51381205022335 3.3000001907348633
      vertex -88.18223071098328 -36.73316477239132 3.3000001907348633
      vertex -98.81140780448914 -43.76808451116085 3.3000001907348633
    endloop
  endfacet
  facet normal 0 0 -1
    outer loop
      vertex -98.55713725090027 -44.09945200383663 3.3000001907348633
      vertex -98.81140780448914 -43.76808451116085 3.3000001907348633
      vertex -88.18223071098328 -36.73316477239132 3.3000001907348633
    endloop
  endfacet
  facet normal 0 0 -1
    outer loop
      vertex -99.94277834892273 -43.29945658147335 3.3000001907348633
      vertex -88.18223071098328 -36.73316477239132 3.3000001907348633
      vertex -99.52866816520691 -43.35396860539913 3.3000001907348633
    endloop
  endfacet
  facet normal 0 0 -1
    outer loop
      vertex -99.14277720451355 -43.51381205022335 3.3000001907348633
      vertex -99.52866816520691 -43.35396860539913 3.3000001907348633
      vertex -88.18223071098328 -36.73316477239132 3.3000001907348633
    endloop
  endfacet
  facet normal 0 0 -1
    outer loop
      vertex -99.94277834892273 -43.29945658147335 3.3000001907348633
      vertex -106.89354395866394 -40.0326719135046 3.3000001907348633
      vertex -88.18223071098328 -36.73316477239132 3.3000001907348633
    endloop
  endfacet
  facet normal 0 0 -1
    outer loop
      vertex -98.55713725090027 -44.09945200383663 3.3000001907348633
      vertex -88.18223071098328 -36.73316477239132 3.3000001907348633
      vertex -86.09842944145203 -48.55085276067257 3.3000001907348633
    endloop
  endfacet
  facet normal 0 0 -1
    outer loop
      vertex -102.3191249370575 -54.457316383719444 3.3000001907348633
      vertex -86.09842944145203 -48.55085276067257 3.3000001907348633
      vertex -28.35595965385437 -41.41546915471554 3.3000001907348633
    endloop
  endfacet
  facet normal -0.8721886719739884 -0.48916962342346065 0
    outer loop
      vertex -107.79473757743835 -51.47548960149288 3.3000001907348633
      vertex -107.24704241752625 -52.45202921330929 3.3000001907348633
      vertex -107.79473757743835 -51.47548960149288 10.199999809265137
    endloop
  endfacet
  facet normal -0.9591698251002434 -0.2828307738156661 0
    outer loop
      vertex -107.79473757743835 -51.47548960149288 3.3000001907348633
      vertex -107.79473757743835 -51.47548960149288 10.199999809265137
      vertex -108.11140513420105 -50.4015683978796 3.3000001907348633
    endloop
  endfacet
  facet normal -0.5735692396514428 -0.8191570834251913 0
    outer loop
      vertex -105.57862162590027 -53.9243955463171 3.3000001907348633
      vertex -106.49577975273132 -53.282206520438194 10.199999809265137
      vertex -106.49577975273132 -53.282206520438194 3.3000001907348633
    endloop
  endfacet
  facet normal -0.37691704173173507 -0.9262470208600929 0
    outer loop
      vertex -105.57862162590027 -53.9243955463171 3.3000001907348633
      vertex -104.54155611991882 -54.34640787541866 3.3000001907348633
      vertex -105.57862162590027 -53.9243955463171 10.199999809265137
    endloop
  endfacet
  facet normal -0.16135254933733603 -0.9868968308908194 0
    outer loop
      vertex -104.54155611991882 -54.34640787541866 3.3000001907348633
      vertex -103.43658900260925 -54.52706430852413 3.3000001907348633
      vertex -104.54155611991882 -54.34640787541866 10.199999809265137
    endloop
  endfacet
  facet normal -0.7414691844756099 -0.6709869212384649 0
    outer loop
      vertex -106.49577975273132 -53.282206520438194 3.3000001907348633
      vertex -107.24704241752625 -52.45202921330929 10.199999809265137
      vertex -107.24704241752625 -52.45202921330929 3.3000001907348633
    endloop
  endfacet
  facet normal 0.062295031246668964 -0.9980577784286723 0
    outer loop
      vertex -103.43658900260925 -54.52706430852413 3.3000001907348633
      vertex -102.3191249370575 -54.457316383719444 3.3000001907348633
      vertex -102.3191249370575 -54.457316383719444 10.199999809265137
    endloop
  endfacet
  facet normal 0.6087534187566974 0.7933594867095453 0
    outer loop
      vertex -101.07414889335632 -46.03082560002804 3.3000001907348633
      vertex -101.07414889335632 -46.03082560002804 10.199999809265137
      vertex -100.74277758598328 -46.28509043157101 3.3000001907348633
    endloop
  endfacet
  facet normal 0.13052857702231127 0.9914445474057189 0
    outer loop
      vertex -100.35688853263855 -46.444933876395226 3.3000001907348633
      vertex -100.35688853263855 -46.444933876395226 10.199999809265137
      vertex -99.94277834892273 -46.49945352971554 3.3000001907348633
    endloop
  endfacet
  facet normal 0.3826894921731784 0.9238770224333078 0
    outer loop
      vertex -100.35688853263855 -46.444933876395226 3.3000001907348633
      vertex -100.74277758598328 -46.28509043157101 3.3000001907348633
      vertex -100.74277758598328 -46.28509043157101 10.199999809265137
    endloop
  endfacet
  facet normal 0.7933562549349208 0.6087576305522888 0
    outer loop
      vertex -101.32841944694519 -45.699450477957726 3.3000001907348633
      vertex -101.32841944694519 -45.699450477957726 10.199999809265137
      vertex -101.16929208853897 -45.90683134480339 3.3000001907348633
    endloop
  endfacet
  facet normal 0.9238795826983572 0.3826833112027608 0
    outer loop
      vertex -101.32841944694519 -45.699450477957726 3.3000001907348633
      vertex -101.33963431244358 -45.67237538752824 3.3000001907348633
      vertex -101.33963431244358 -45.67237538752824 10.199999809265137
    endloop
  endfacet
  facet normal 0.7933562549349207 0.6087576305522888 0
    outer loop
      vertex -101.07414889335632 -46.03082560002804 3.3000001907348633
      vertex -101.12384804561533 -45.966055761703586 3.3000001907348633
      vertex -101.12384804561533 -45.966055761703586 10.199999809265137
    endloop
  endfacet
  facet normal 0.9238795826983498 -0.3826833112027791 0
    outer loop
      vertex -101.32841944694519 -44.09945200383663 3.3000001907348633
      vertex -101.32841944694519 -44.09945200383663 10.199999809265137
      vertex -101.34069182236553 -44.129080150009045 3.3000001907348633
    endloop
  endfacet
  facet normal 0.7933494857449993 -0.6087664523182476 0
    outer loop
      vertex -101.32841944694519 -44.09945200383663 3.3000001907348633
      vertex -101.15435851835664 -43.87261435918957 3.3000001907348633
      vertex -101.15435851835664 -43.87261435918957 10.199999809265137
    endloop
  endfacet
  facet normal 0.793349485744981 -0.6087664523182713 0
    outer loop
      vertex -101.12614116749002 -43.83584127369203 3.3000001907348633
      vertex -101.07414889335632 -43.76808451116085 3.3000001907348633
      vertex -101.07414889335632 -43.76808451116085 10.199999809265137
    endloop
  endfacet
  facet normal 0.6087649155834376 -0.7933506649361869 0
    outer loop
      vertex -101.07414889335632 -43.76808451116085 3.3000001907348633
      vertex -100.74277758598328 -43.51381205022335 3.3000001907348633
      vertex -100.74277758598328 -43.51381205022335 10.199999809265137
    endloop
  endfacet
  facet normal 0.3826894921731784 -0.9238770224333078 0
    outer loop
      vertex -100.74277758598328 -43.51381205022335 3.3000001907348633
      vertex -100.35688853263855 -43.35396860539913 3.3000001907348633
      vertex -100.35688853263855 -43.35396860539913 10.199999809265137
    endloop
  endfacet
  facet normal 0.13051062220452533 -0.9914469110808647 0
    outer loop
      vertex -100.35688853263855 -43.35396860539913 3.3000001907348633
      vertex -99.94277834892273 -43.29945658147335 3.3000001907348633
      vertex -99.94277834892273 -43.29945658147335 10.199999809265137
    endloop
  endfacet
  facet normal -0.13052857702231127 0.9914445474057189 0
    outer loop
      vertex -99.94277834892273 -46.49945352971554 3.3000001907348633
      vertex -99.94277834892273 -46.49945352971554 10.199999809265137
      vertex -99.52866816520691 -46.444933876395226 3.3000001907348633
    endloop
  endfacet
  facet normal -0.382687877662886 0.9238776911961215 0
    outer loop
      vertex -99.52866816520691 -46.444933876395226 3.3000001907348633
      vertex -99.52866816520691 -46.444933876395226 10.199999809265137
      vertex -99.14277720451355 -46.28509043157101 3.3000001907348633
    endloop
  endfacet
  facet normal -0.6087556242093726 0.793357794436695 0
    outer loop
      vertex -99.14277720451355 -46.28509043157101 3.3000001907348633
      vertex -99.14277720451355 -46.28509043157101 10.199999809265137
      vertex -98.81140780448914 -46.03082560002804 3.3000001907348633
    endloop
  endfacet
  facet normal -0.7933562549349298 0.6087576305522772 0
    outer loop
      vertex -98.81140780448914 -46.03082560002804 3.3000001907348633
      vertex -98.81140780448914 -46.03082560002804 10.199999809265137
      vertex -98.55713725090027 -45.699450477957726 3.3000001907348633
    endloop
  endfacet
  facet normal -0.9238795826983749 0.3826833112027186 0
    outer loop
      vertex -98.55713725090027 -45.699450477957726 3.3000001907348633
      vertex -98.55713725090027 -45.699450477957726 10.199999809265137
      vertex -98.39729762077332 -45.31356333196163 3.3000001907348633
    endloop
  endfacet
  facet normal -0.9914444696026447 0.13052916798298572 0
    outer loop
      vertex -98.39729762077332 -45.31356333196163 3.3000001907348633
      vertex -98.39729762077332 -45.31356333196163 10.199999809265137
      vertex -98.342777967453 -44.899455055594444 3.3000001907348633
    endloop
  endfacet
  facet normal -0.9914447808086008 -0.13052680417211557 0
    outer loop
      vertex -98.342777967453 -44.899455055594444 3.3000001907348633
      vertex -98.342777967453 -44.899455055594444 10.199999809265137
      vertex -98.39729762077332 -44.485339149832726 3.3000001907348633
    endloop
  endfacet
  facet normal -0.9238795826983749 -0.3826833112027186 0
    outer loop
      vertex -98.39729762077332 -44.485339149832726 3.3000001907348633
      vertex -98.39729762077332 -44.485339149832726 10.199999809265137
      vertex -98.55713725090027 -44.09945200383663 3.3000001907348633
    endloop
  endfacet
  facet normal -0.6087671210287167 -0.7933489726182341 0
    outer loop
      vertex -99.14277720451355 -43.51381205022335 3.3000001907348633
      vertex -98.81140780448914 -43.76808451116085 3.3000001907348633
      vertex -98.81140780448914 -43.76808451116085 10.199999809265137
    endloop
  endfacet
  facet normal -0.382687877662886 -0.9238776911961215 0
    outer loop
      vertex -99.14277720451355 -43.51381205022335 3.3000001907348633
      vertex -99.14277720451355 -43.51381205022335 10.199999809265137
      vertex -99.52866816520691 -43.35396860539913 3.3000001907348633
    endloop
  endfacet
  facet normal -0.7933494857450053 -0.6087664523182397 0
    outer loop
      vertex -98.55713725090027 -44.09945200383663 3.3000001907348633
      vertex -98.55713725090027 -44.09945200383663 10.199999809265137
      vertex -98.81140780448914 -43.76808451116085 3.3000001907348633
    endloop
  endfacet
  facet normal -0.13051062220452533 -0.9914469110808647 0
    outer loop
      vertex -99.94277834892273 -43.29945658147335 3.3000001907348633
      vertex -99.52866816520691 -43.35396860539913 3.3000001907348633
      vertex -99.52866816520691 -43.35396860539913 10.199999809265137
    endloop
  endfacet
  facet normal -0.17365827279121449 0.9848059729160725 0
    outer loop
      vertex -106.89354395866394 -40.0326719135046 3.3000001907348633
      vertex -88.18223071098328 -36.73316477239132 10.199999809265137
      vertex -88.18223071098328 -36.73316477239132 3.3000001907348633
    endloop
  endfacet
  facet normal 0.17365005799132474 -0.9848074214584339 0
    outer loop
      vertex -102.3191249370575 -54.457316383719444 3.3000001907348633
      vertex -28.35595965385437 -41.41546915471554 3.3000001907348633
      vertex -102.3191249370575 -54.457316383719444 10.199999809265137
    endloop
  endfacet
  facet normal 0.9848074105967581 0.17365011959025065 0
    outer loop
      vertex -86.09842944145203 -48.55085276067257 3.3000001907348633
      vertex -88.18223071098328 -36.73316477239132 3.3000001907348633
      vertex -86.09842944145203 -48.55085276067257 10.199999809265137
    endloop
  endfacet
  facet normal 0 0 -1
    outer loop
      vertex -108.11140513420105 -50.4015683978796 3.3000001907348633
      vertex -122.78290915489197 32.799716010689735 3.3000001907348633
      vertex -106.89354395866394 -40.0326719135046 3.3000001907348633
    endloop
  endfacet
  facet normal 0.9848059851558428 0.17365820338017404 0
    outer loop
      vertex -106.89354395866394 -40.0326719135046 3.3000001907348633
      vertex -119.82849097251892 33.320691123604774 3.3000001907348633
      vertex -106.89354395866394 -40.0326719135046 10.199999809265137
    endloop
  endfacet
  facet normal 0 0 -1
    outer loop
      vertex -86.09842944145203 -48.55085276067257 3.3000001907348633
      vertex -28.618433713912964 -38.41546915471554 3.3000001907348633
      vertex -28.35595965385437 -41.41546915471554 3.3000001907348633
    endloop
  endfacet
  facet normal 0 0 -1
    outer loop
      vertex -28.35595965385437 -41.41546915471554 3.3000001907348633
      vertex -27 -40 3.3000001907348633
      vertex -20 -41.41546915471554 3.3000001907348633
    endloop
  endfacet
  facet normal 0 0 -1
    outer loop
      vertex -28.35595965385437 -41.41546915471554 3.3000001907348633
      vertex -28.618433713912964 -38.41546915471554 3.3000001907348633
      vertex -27 -40 3.3000001907348633
    endloop
  endfacet
  facet normal 0 0 -1
    outer loop
      vertex -27 -40 3.3000001907348633
      vertex -28.618433713912964 -38.41546915471554 3.3000001907348633
      vertex -27 -38.41546915471554 3.3000001907348633
    endloop
  endfacet
  facet normal 0 0 -1
    outer loop
      vertex -20 -41.41546915471554 3.3000001907348633
      vertex -27 -40 3.3000001907348633
      vertex -20 -40 3.3000001907348633
    endloop
  endfacet
  facet normal -0.1736499973008207 0.9848074321599248 0
    outer loop
      vertex -86.09842944145203 -48.55085276067257 3.3000001907348633
      vertex -28.618433713912964 -38.41546915471554 10.199999809265137
      vertex -28.618433713912964 -38.41546915471554 3.3000001907348633
    endloop
  endfacet
  facet normal 0 -1 0
    outer loop
      vertex -28.35595965385437 -41.41546915471554 3.3000001907348633
      vertex -20 -41.41546915471554 3.3000001907348633
      vertex -20 -41.41546915471554 10.199999809265137
    endloop
  endfacet
  facet normal 0 1 0
    outer loop
      vertex -28.618433713912964 -38.41546915471554 3.3000001907348633
      vertex -28.618433713912964 -38.41546915471554 10.199999809265137
      vertex -27 -38.41546915471554 3.3000001907348633
    endloop
  endfacet
  facet normal 0 0 -1
    outer loop
      vertex -19.99958300590515 -27.5 3.3000001907348633
      vertex -19.99958300590515 -23.415469154715538 3.3000001907348633
      vertex -14 -27.5 3.3000001907348633
    endloop
  endfacet
  facet normal 0 0 -1
    outer loop
      vertex -14 -27.5 3.3000001907348633
      vertex -19.99958300590515 -23.415469154715538 3.3000001907348633
      vertex -14 -23.415469154715538 3.3000001907348633
    endloop
  endfacet
  facet normal -1 0 0
    outer loop
      vertex -19.99958300590515 -27.5 3.3000001907348633
      vertex -19.99958300590515 -27.5 10.199999809265137
      vertex -19.99958300590515 -23.415469154715538 3.3000001907348633
    endloop
  endfacet
  facet normal 0 1 0
    outer loop
      vertex -19.99958300590515 -23.415469154715538 3.3000001907348633
      vertex -14 -23.415469154715538 10.199999809265137
      vertex -14 -23.415469154715538 3.3000001907348633
    endloop
  endfacet
  facet normal -0.9591698251002434 -0.2828307738156661 0
    outer loop
      vertex -108.11140513420105 -50.4015683978796 3.3000001907348633
      vertex -107.79473757743835 -51.47548960149288 10.199999809265137
      vertex -108.11140513420105 -50.4015683978796 10.199999809265137
    endloop
  endfacet
  facet normal -0.5735692396514428 -0.8191570834251913 0
    outer loop
      vertex -105.57862162590027 -53.9243955463171 3.3000001907348633
      vertex -105.57862162590027 -53.9243955463171 10.199999809265137
      vertex -106.49577975273132 -53.282206520438194 10.199999809265137
    endloop
  endfacet
  facet normal -0.7414691844756099 -0.6709869212384649 0
    outer loop
      vertex -106.49577975273132 -53.282206520438194 3.3000001907348633
      vertex -106.49577975273132 -53.282206520438194 10.199999809265137
      vertex -107.24704241752625 -52.45202921330929 10.199999809265137
    endloop
  endfacet
  facet normal -0.37691704173173507 -0.9262470208600929 0
    outer loop
      vertex -104.54155611991882 -54.34640787541866 3.3000001907348633
      vertex -104.54155611991882 -54.34640787541866 10.199999809265137
      vertex -105.57862162590027 -53.9243955463171 10.199999809265137
    endloop
  endfacet
  facet normal -0.16135254933733603 -0.9868968308908194 0
    outer loop
      vertex -103.43658900260925 -54.52706430852413 3.3000001907348633
      vertex -103.43658900260925 -54.52706430852413 10.199999809265137
      vertex -104.54155611991882 -54.34640787541866 10.199999809265137
    endloop
  endfacet
  facet normal -0.8721886719739884 -0.48916962342346065 0
    outer loop
      vertex -107.24704241752625 -52.45202921330929 3.3000001907348633
      vertex -107.24704241752625 -52.45202921330929 10.199999809265137
      vertex -107.79473757743835 -51.47548960149288 10.199999809265137
    endloop
  endfacet
  facet normal 0.062295031246668964 -0.9980577784286723 0
    outer loop
      vertex -103.43658900260925 -54.52706430852413 3.3000001907348633
      vertex -102.3191249370575 -54.457316383719444 10.199999809265137
      vertex -103.43658900260925 -54.52706430852413 10.199999809265137
    endloop
  endfacet
  facet normal 0.7933562549349207 0.6087576305522888 0
    outer loop
      vertex -101.07414889335632 -46.03082560002804 3.3000001907348633
      vertex -101.12384804561533 -45.966055761703586 10.199999809265137
      vertex -101.07414889335632 -46.03082560002804 10.199999809265137
    endloop
  endfacet
  facet normal 0.6087534187566974 0.7933594867095453 0
    outer loop
      vertex -100.74277758598328 -46.28509043157101 3.3000001907348633
      vertex -101.07414889335632 -46.03082560002804 10.199999809265137
      vertex -100.74277758598328 -46.28509043157101 10.199999809265137
    endloop
  endfacet
  facet normal 0.13052857702231127 0.9914445474057189 0
    outer loop
      vertex -99.94277834892273 -46.49945352971554 3.3000001907348633
      vertex -100.35688853263855 -46.444933876395226 10.199999809265137
      vertex -99.94277834892273 -46.49945352971554 10.199999809265137
    endloop
  endfacet
  facet normal 0.3826894921731784 0.9238770224333078 0
    outer loop
      vertex -100.35688853263855 -46.444933876395226 3.3000001907348633
      vertex -100.74277758598328 -46.28509043157101 10.199999809265137
      vertex -100.35688853263855 -46.444933876395226 10.199999809265137
    endloop
  endfacet
  facet normal 0.9238795826983572 0.3826833112027608 0
    outer loop
      vertex -101.32841944694519 -45.699450477957726 3.3000001907348633
      vertex -101.33963431244358 -45.67237538752824 10.199999809265137
      vertex -101.32841944694519 -45.699450477957726 10.199999809265137
    endloop
  endfacet
  facet normal 0.7933562549349208 0.6087576305522888 0
    outer loop
      vertex -101.16929208853897 -45.90683134480339 3.3000001907348633
      vertex -101.32841944694519 -45.699450477957726 10.199999809265137
      vertex -101.16929208853897 -45.90683134480339 10.199999809265137
    endloop
  endfacet
  facet normal 0.9238795826983498 -0.3826833112027791 0
    outer loop
      vertex -101.34069182236553 -44.129080150009045 3.3000001907348633
      vertex -101.32841944694519 -44.09945200383663 10.199999809265137
      vertex -101.34069182236553 -44.129080150009045 10.199999809265137
    endloop
  endfacet
  facet normal 0.7933494857449993 -0.6087664523182476 0
    outer loop
      vertex -101.32841944694519 -44.09945200383663 3.3000001907348633
      vertex -101.15435851835664 -43.87261435918957 10.199999809265137
      vertex -101.32841944694519 -44.09945200383663 10.199999809265137
    endloop
  endfacet
  facet normal 0.793349485744981 -0.6087664523182713 0
    outer loop
      vertex -101.12614116749002 -43.83584127369203 3.3000001907348633
      vertex -101.07414889335632 -43.76808451116085 10.199999809265137
      vertex -101.12614116749002 -43.83584127369203 10.199999809265137
    endloop
  endfacet
  facet normal 0.6087649155834376 -0.7933506649361869 0
    outer loop
      vertex -101.07414889335632 -43.76808451116085 3.3000001907348633
      vertex -100.74277758598328 -43.51381205022335 10.199999809265137
      vertex -101.07414889335632 -43.76808451116085 10.199999809265137
    endloop
  endfacet
  facet normal 0.3826894921731784 -0.9238770224333078 0
    outer loop
      vertex -100.74277758598328 -43.51381205022335 3.3000001907348633
      vertex -100.35688853263855 -43.35396860539913 10.199999809265137
      vertex -100.74277758598328 -43.51381205022335 10.199999809265137
    endloop
  endfacet
  facet normal 0.13051062220452533 -0.9914469110808647 0
    outer loop
      vertex -100.35688853263855 -43.35396860539913 3.3000001907348633
      vertex -99.94277834892273 -43.29945658147335 10.199999809265137
      vertex -100.35688853263855 -43.35396860539913 10.199999809265137
    endloop
  endfacet
  facet normal -0.13052857702231127 0.9914445474057189 0
    outer loop
      vertex -99.52866816520691 -46.444933876395226 3.3000001907348633
      vertex -99.94277834892273 -46.49945352971554 10.199999809265137
      vertex -99.52866816520691 -46.444933876395226 10.199999809265137
    endloop
  endfacet
  facet normal -0.382687877662886 0.9238776911961215 0
    outer loop
      vertex -99.14277720451355 -46.28509043157101 3.3000001907348633
      vertex -99.52866816520691 -46.444933876395226 10.199999809265137
      vertex -99.14277720451355 -46.28509043157101 10.199999809265137
    endloop
  endfacet
  facet normal -0.6087556242093726 0.793357794436695 0
    outer loop
      vertex -98.81140780448914 -46.03082560002804 3.3000001907348633
      vertex -99.14277720451355 -46.28509043157101 10.199999809265137
      vertex -98.81140780448914 -46.03082560002804 10.199999809265137
    endloop
  endfacet
  facet normal -0.7933562549349298 0.6087576305522772 0
    outer loop
      vertex -98.55713725090027 -45.699450477957726 3.3000001907348633
      vertex -98.81140780448914 -46.03082560002804 10.199999809265137
      vertex -98.55713725090027 -45.699450477957726 10.199999809265137
    endloop
  endfacet
  facet normal -0.9238795826983749 0.3826833112027186 0
    outer loop
      vertex -98.39729762077332 -45.31356333196163 3.3000001907348633
      vertex -98.55713725090027 -45.699450477957726 10.199999809265137
      vertex -98.39729762077332 -45.31356333196163 10.199999809265137
    endloop
  endfacet
  facet normal -0.9914444696026447 0.13052916798298572 0
    outer loop
      vertex -98.342777967453 -44.899455055594444 3.3000001907348633
      vertex -98.39729762077332 -45.31356333196163 10.199999809265137
      vertex -98.342777967453 -44.899455055594444 10.199999809265137
    endloop
  endfacet
  facet normal -0.9914447808086008 -0.13052680417211557 0
    outer loop
      vertex -98.39729762077332 -44.485339149832726 3.3000001907348633
      vertex -98.342777967453 -44.899455055594444 10.199999809265137
      vertex -98.39729762077332 -44.485339149832726 10.199999809265137
    endloop
  endfacet
  facet normal -0.6087671210287167 -0.7933489726182341 0
    outer loop
      vertex -99.14277720451355 -43.51381205022335 3.3000001907348633
      vertex -98.81140780448914 -43.76808451116085 10.199999809265137
      vertex -99.14277720451355 -43.51381205022335 10.199999809265137
    endloop
  endfacet
  facet normal -0.9238795826983749 -0.3826833112027186 0
    outer loop
      vertex -98.55713725090027 -44.09945200383663 3.3000001907348633
      vertex -98.39729762077332 -44.485339149832726 10.199999809265137
      vertex -98.55713725090027 -44.09945200383663 10.199999809265137
    endloop
  endfacet
  facet normal -0.7933494857450053 -0.6087664523182397 0
    outer loop
      vertex -98.81140780448914 -43.76808451116085 3.3000001907348633
      vertex -98.55713725090027 -44.09945200383663 10.199999809265137
      vertex -98.81140780448914 -43.76808451116085 10.199999809265137
    endloop
  endfacet
  facet normal -0.13051062220452533 -0.9914469110808647 0
    outer loop
      vertex -99.94277834892273 -43.29945658147335 3.3000001907348633
      vertex -99.52866816520691 -43.35396860539913 10.199999809265137
      vertex -99.94277834892273 -43.29945658147335 10.199999809265137
    endloop
  endfacet
  facet normal -0.382687877662886 -0.9238776911961215 0
    outer loop
      vertex -99.52866816520691 -43.35396860539913 3.3000001907348633
      vertex -99.14277720451355 -43.51381205022335 10.199999809265137
      vertex -99.52866816520691 -43.35396860539913 10.199999809265137
    endloop
  endfacet
  facet normal -0.17365827279121449 0.9848059729160725 0
    outer loop
      vertex -106.89354395866394 -40.0326719135046 3.3000001907348633
      vertex -106.89354395866394 -40.0326719135046 10.199999809265137
      vertex -88.18223071098328 -36.73316477239132 10.199999809265137
    endloop
  endfacet
  facet normal -0.1736499973008207 0.9848074321599248 0
    outer loop
      vertex -86.09842944145203 -48.55085276067257 3.3000001907348633
      vertex -86.09842944145203 -48.55085276067257 10.199999809265137
      vertex -28.618433713912964 -38.41546915471554 10.199999809265137
    endloop
  endfacet
  facet normal 0.9848074105967581 0.17365011959025065 0
    outer loop
      vertex -88.18223071098328 -36.73316477239132 3.3000001907348633
      vertex -88.18223071098328 -36.73316477239132 10.199999809265137
      vertex -86.09842944145203 -48.55085276067257 10.199999809265137
    endloop
  endfacet
  facet normal 0 0 1
    outer loop
      vertex -105.57862162590027 -53.9243955463171 10.199999809265137
      vertex -102.3191249370575 -54.457316383719444 10.199999809265137
      vertex -106.49577975273132 -53.282206520438194 10.199999809265137
    endloop
  endfacet
  facet normal 0 0 1
    outer loop
      vertex -105.57862162590027 -53.9243955463171 10.199999809265137
      vertex -104.54155611991882 -54.34640787541866 10.199999809265137
      vertex -102.3191249370575 -54.457316383719444 10.199999809265137
    endloop
  endfacet
  facet normal 0 0 1
    outer loop
      vertex -106.49577975273132 -53.282206520438194 10.199999809265137
      vertex -102.3191249370575 -54.457316383719444 10.199999809265137
      vertex -107.24704241752625 -52.45202921330929 10.199999809265137
    endloop
  endfacet
  facet normal 0 0 1
    outer loop
      vertex -107.79473757743835 -51.47548960149288 10.199999809265137
      vertex -107.24704241752625 -52.45202921330929 10.199999809265137
      vertex -102.3191249370575 -54.457316383719444 10.199999809265137
    endloop
  endfacet
  facet normal 0 0 1
    outer loop
      vertex -104.54155611991882 -54.34640787541866 10.199999809265137
      vertex -103.43658900260925 -54.52706430852413 10.199999809265137
      vertex -102.3191249370575 -54.457316383719444 10.199999809265137
    endloop
  endfacet
  facet normal 0 0 1
    outer loop
      vertex -107.79473757743835 -51.47548960149288 10.199999809265137
      vertex -99.94277834892273 -46.49945352971554 10.199999809265137
      vertex -108.11140513420105 -50.4015683978796 10.199999809265137
    endloop
  endfacet
  facet normal 0 0 1
    outer loop
      vertex -107.79473757743835 -51.47548960149288 10.199999809265137
      vertex -102.3191249370575 -54.457316383719444 10.199999809265137
      vertex -99.94277834892273 -46.49945352971554 10.199999809265137
    endloop
  endfacet
  facet normal 0 0 1
    outer loop
      vertex -108.11140513420105 -50.4015683978796 10.199999809265137
      vertex -99.94277834892273 -46.49945352971554 10.199999809265137
      vertex -100.35688853263855 -46.444933876395226 10.199999809265137
    endloop
  endfacet
  facet normal 0 0 1
    outer loop
      vertex -102.3191249370575 -54.457316383719444 10.199999809265137
      vertex -99.52866816520691 -46.444933876395226 10.199999809265137
      vertex -99.94277834892273 -46.49945352971554 10.199999809265137
    endloop
  endfacet
  facet normal 0 0 1
    outer loop
      vertex -102.3191249370575 -54.457316383719444 10.199999809265137
      vertex -86.09842944145203 -48.55085276067257 10.199999809265137
      vertex -99.52866816520691 -46.444933876395226 10.199999809265137
    endloop
  endfacet
  facet normal 0 0 1
    outer loop
      vertex -108.11140513420105 -50.4015683978796 10.199999809265137
      vertex -101.35827535406798 -45.646718194857655 10.199999809265137
      vertex -101.50130389974937 -45.285469325105524 10.199999809265137
    endloop
  endfacet
  facet normal 0 0 1
    outer loop
      vertex -108.11140513420105 -50.4015683978796 10.199999809265137
      vertex -101.50130389974937 -45.285469325105524 10.199999809265137
      vertex -101.55 -44.9 10.199999809265137
    endloop
  endfacet
  facet normal 0 0 1
    outer loop
      vertex -108.11140513420105 -50.4015683978796 10.199999809265137
      vertex -101.55 -44.9 10.199999809265137
      vertex -101.50130389974937 -44.51453067489447 10.199999809265137
    endloop
  endfacet
  facet normal 0 0 1
    outer loop
      vertex -108.11140513420105 -50.4015683978796 10.199999809265137
      vertex -101.50130389974937 -44.51453067489447 10.199999809265137
      vertex -106.89354395866394 -40.0326719135046 10.199999809265137
    endloop
  endfacet
  facet normal 0 0 1
    outer loop
      vertex -108.11140513420105 -50.4015683978796 10.199999809265137
      vertex -100.74277758598328 -46.28509043157101 10.199999809265137
      vertex -101.07414889335632 -46.03082560002804 10.199999809265137
    endloop
  endfacet
  facet normal 0 0 1
    outer loop
      vertex -108.11140513420105 -50.4015683978796 10.199999809265137
      vertex -101.07414889335632 -46.03082560002804 10.199999809265137
      vertex -101.12384804561533 -45.966055761703586 10.199999809265137
    endloop
  endfacet
  facet normal 0 0 1
    outer loop
      vertex -108.11140513420105 -50.4015683978796 10.199999809265137
      vertex -101.12384804561533 -45.966055761703586 10.199999809265137
      vertex -101.12990137250318 -45.961048014189466 10.199999809265137
    endloop
  endfacet
  facet normal 0 0 1
    outer loop
      vertex -108.11140513420105 -50.4015683978796 10.199999809265137
      vertex -101.12990137250318 -45.961048014189466 10.199999809265137
      vertex -101.16929208853897 -45.90683134480339 10.199999809265137
    endloop
  endfacet
  facet normal 0 0 1
    outer loop
      vertex -108.11140513420105 -50.4015683978796 10.199999809265137
      vertex -101.16929208853897 -45.90683134480339 10.199999809265137
      vertex -101.32841944694519 -45.699450477957726 10.199999809265137
    endloop
  endfacet
  facet normal 0 0 1
    outer loop
      vertex -108.11140513420105 -50.4015683978796 10.199999809265137
      vertex -100.35688853263855 -46.444933876395226 10.199999809265137
      vertex -100.74277758598328 -46.28509043157101 10.199999809265137
    endloop
  endfacet
  facet normal 0 0 1
    outer loop
      vertex -108.11140513420105 -50.4015683978796 10.199999809265137
      vertex -101.33963431244358 -45.67237538752824 10.199999809265137
      vertex -101.35827535406798 -45.646718194857655 10.199999809265137
    endloop
  endfacet
  facet normal 0 0 1
    outer loop
      vertex -108.11140513420105 -50.4015683978796 10.199999809265137
      vertex -101.32841944694519 -45.699450477957726 10.199999809265137
      vertex -101.33963431244358 -45.67237538752824 10.199999809265137
    endloop
  endfacet
  facet normal 0 0 1
    outer loop
      vertex -101.50130389974937 -44.51453067489447 10.199999809265137
      vertex -101.35827535406798 -44.15328180514234 10.199999809265137
      vertex -106.89354395866394 -40.0326719135046 10.199999809265137
    endloop
  endfacet
  facet normal 0 0 1
    outer loop
      vertex -101.34069182236553 -44.129080150009045 10.199999809265137
      vertex -106.89354395866394 -40.0326719135046 10.199999809265137
      vertex -101.35827535406798 -44.15328180514234 10.199999809265137
    endloop
  endfacet
  facet normal 0 0 1
    outer loop
      vertex -101.32841944694519 -44.09945200383663 10.199999809265137
      vertex -106.89354395866394 -40.0326719135046 10.199999809265137
      vertex -101.34069182236553 -44.129080150009045 10.199999809265137
    endloop
  endfacet
  facet normal 0 0 1
    outer loop
      vertex -101.32841944694519 -44.09945200383663 10.199999809265137
      vertex -101.15435851835664 -43.87261435918957 10.199999809265137
      vertex -106.89354395866394 -40.0326719135046 10.199999809265137
    endloop
  endfacet
  facet normal 0 0 1
    outer loop
      vertex -101.12614116749002 -43.83584127369203 10.199999809265137
      vertex -101.07414889335632 -43.76808451116085 10.199999809265137
      vertex -106.89354395866394 -40.0326719135046 10.199999809265137
    endloop
  endfacet
  facet normal 0 0 1
    outer loop
      vertex -101.12614116749002 -43.83584127369203 10.199999809265137
      vertex -106.89354395866394 -40.0326719135046 10.199999809265137
      vertex -101.12990137250318 -43.83895198581053 10.199999809265137
    endloop
  endfacet
  facet normal 0 0 1
    outer loop
      vertex -101.15435851835664 -43.87261435918957 10.199999809265137
      vertex -101.12990137250318 -43.83895198581053 10.199999809265137
      vertex -106.89354395866394 -40.0326719135046 10.199999809265137
    endloop
  endfacet
  facet normal 0 0 1
    outer loop
      vertex -101.07414889335632 -43.76808451116085 10.199999809265137
      vertex -100.74277758598328 -43.51381205022335 10.199999809265137
      vertex -106.89354395866394 -40.0326719135046 10.199999809265137
    endloop
  endfacet
  facet normal 0 0 1
    outer loop
      vertex -100.74277758598328 -43.51381205022335 10.199999809265137
      vertex -100.35688853263855 -43.35396860539913 10.199999809265137
      vertex -106.89354395866394 -40.0326719135046 10.199999809265137
    endloop
  endfacet
  facet normal 0 0 1
    outer loop
      vertex -100.35688853263855 -43.35396860539913 10.199999809265137
      vertex -99.94277834892273 -43.29945658147335 10.199999809265137
      vertex -106.89354395866394 -40.0326719135046 10.199999809265137
    endloop
  endfacet
  facet normal 0 0 1
    outer loop
      vertex -99.52866816520691 -46.444933876395226 10.199999809265137
      vertex -86.09842944145203 -48.55085276067257 10.199999809265137
      vertex -99.14277720451355 -46.28509043157101 10.199999809265137
    endloop
  endfacet
  facet normal 0 0 1
    outer loop
      vertex -99.14277720451355 -46.28509043157101 10.199999809265137
      vertex -86.09842944145203 -48.55085276067257 10.199999809265137
      vertex -98.81140780448914 -46.03082560002804 10.199999809265137
    endloop
  endfacet
  facet normal 0 0 1
    outer loop
      vertex -98.81140780448914 -46.03082560002804 10.199999809265137
      vertex -86.09842944145203 -48.55085276067257 10.199999809265137
      vertex -98.55713725090027 -45.699450477957726 10.199999809265137
    endloop
  endfacet
  facet normal 0 0 1
    outer loop
      vertex -98.55713725090027 -45.699450477957726 10.199999809265137
      vertex -86.09842944145203 -48.55085276067257 10.199999809265137
      vertex -98.39729762077332 -45.31356333196163 10.199999809265137
    endloop
  endfacet
  facet normal 0 0 1
    outer loop
      vertex -98.39729762077332 -45.31356333196163 10.199999809265137
      vertex -86.09842944145203 -48.55085276067257 10.199999809265137
      vertex -98.342777967453 -44.899455055594444 10.199999809265137
    endloop
  endfacet
  facet normal 0 0 1
    outer loop
      vertex -98.342777967453 -44.899455055594444 10.199999809265137
      vertex -86.09842944145203 -48.55085276067257 10.199999809265137
      vertex -98.39729762077332 -44.485339149832726 10.199999809265137
    endloop
  endfacet
  facet normal 0 0 1
    outer loop
      vertex -98.39729762077332 -44.485339149832726 10.199999809265137
      vertex -86.09842944145203 -48.55085276067257 10.199999809265137
      vertex -98.55713725090027 -44.09945200383663 10.199999809265137
    endloop
  endfacet
  facet normal 0 0 1
    outer loop
      vertex -99.14277720451355 -43.51381205022335 10.199999809265137
      vertex -98.81140780448914 -43.76808451116085 10.199999809265137
      vertex -88.18223071098328 -36.73316477239132 10.199999809265137
    endloop
  endfacet
  facet normal 0 0 1
    outer loop
      vertex -98.55713725090027 -44.09945200383663 10.199999809265137
      vertex -88.18223071098328 -36.73316477239132 10.199999809265137
      vertex -98.81140780448914 -43.76808451116085 10.199999809265137
    endloop
  endfacet
  facet normal 0 0 1
    outer loop
      vertex -99.94277834892273 -43.29945658147335 10.199999809265137
      vertex -99.52866816520691 -43.35396860539913 10.199999809265137
      vertex -88.18223071098328 -36.73316477239132 10.199999809265137
    endloop
  endfacet
  facet normal 0 0 1
    outer loop
      vertex -99.14277720451355 -43.51381205022335 10.199999809265137
      vertex -88.18223071098328 -36.73316477239132 10.199999809265137
      vertex -99.52866816520691 -43.35396860539913 10.199999809265137
    endloop
  endfacet
  facet normal 0 0 1
    outer loop
      vertex -99.94277834892273 -43.29945658147335 10.199999809265137
      vertex -88.18223071098328 -36.73316477239132 10.199999809265137
      vertex -106.89354395866394 -40.0326719135046 10.199999809265137
    endloop
  endfacet
  facet normal 0 0 1
    outer loop
      vertex -98.55713725090027 -44.09945200383663 10.199999809265137
      vertex -86.09842944145203 -48.55085276067257 10.199999809265137
      vertex -88.18223071098328 -36.73316477239132 10.199999809265137
    endloop
  endfacet
  facet normal 0 0 1
    outer loop
      vertex -102.3191249370575 -54.457316383719444 10.199999809265137
      vertex -28.35595965385437 -41.41546915471554 10.199999809265137
      vertex -86.09842944145203 -48.55085276067257 10.199999809265137
    endloop
  endfacet
  facet normal -0.9848059863860564 -0.17365819640370092 0
    outer loop
      vertex -108.11140513420105 -50.4015683978796 3.3000001907348633
      vertex -108.11140513420105 -50.4015683978796 10.199999809265137
      vertex -122.78290915489197 32.799716010689735 10.199999809265137
    endloop
  endfacet
  facet normal 0 0 1
    outer loop
      vertex -108.11140513420105 -50.4015683978796 10.199999809265137
      vertex -106.89354395866394 -40.0326719135046 10.199999809265137
      vertex -122.78290915489197 32.799716010689735 10.199999809265137
    endloop
  endfacet
  facet normal 0.17365005799132474 -0.9848074214584339 0
    outer loop
      vertex -28.35595965385437 -41.41546915471554 3.3000001907348633
      vertex -28.35595965385437 -41.41546915471554 10.199999809265137
      vertex -102.3191249370575 -54.457316383719444 10.199999809265137
    endloop
  endfacet
  facet normal 0 -1 0
    outer loop
      vertex -28.35595965385437 -41.41546915471554 3.3000001907348633
      vertex -20 -41.41546915471554 10.199999809265137
      vertex -28.35595965385437 -41.41546915471554 10.199999809265137
    endloop
  endfacet
  facet normal 0 1 0
    outer loop
      vertex -27 -38.41546915471554 3.3000001907348633
      vertex -28.618433713912964 -38.41546915471554 10.199999809265137
      vertex -27 -38.41546915471554 10.199999809265137
    endloop
  endfacet
  facet normal 0 0 1
    outer loop
      vertex -86.09842944145203 -48.55085276067257 10.199999809265137
      vertex -28.35595965385437 -41.41546915471554 10.199999809265137
      vertex -28.618433713912964 -38.41546915471554 10.199999809265137
    endloop
  endfacet
  facet normal 0 0 1
    outer loop
      vertex -28.35595965385437 -41.41546915471554 10.199999809265137
      vertex -20 -41.41546915471554 10.199999809265137
      vertex -27 -40 10.199999809265137
    endloop
  endfacet
  facet normal 0 0 1
    outer loop
      vertex -28.35595965385437 -41.41546915471554 10.199999809265137
      vertex -27 -40 10.199999809265137
      vertex -28.618433713912964 -38.41546915471554 10.199999809265137
    endloop
  endfacet
  facet normal 0 0 1
    outer loop
      vertex -27 -40 10.199999809265137
      vertex -27 -38.41546915471554 10.199999809265137
      vertex -28.618433713912964 -38.41546915471554 10.199999809265137
    endloop
  endfacet
  facet normal 0 0 1
    outer loop
      vertex -20 -41.41546915471554 10.199999809265137
      vertex -20 -40 10.199999809265137
      vertex -27 -40 10.199999809265137
    endloop
  endfacet
  facet normal -1 0 0
    outer loop
      vertex -19.99958300590515 -23.415469154715538 3.3000001907348633
      vertex -19.99958300590515 -27.5 10.199999809265137
      vertex -19.99958300590515 -23.415469154715538 10.199999809265137
    endloop
  endfacet
  facet normal 0 1 0
    outer loop
      vertex -19.99958300590515 -23.415469154715538 3.3000001907348633
      vertex -19.99958300590515 -23.415469154715538 10.199999809265137
      vertex -14 -23.415469154715538 10.199999809265137
    endloop
  endfacet
  facet normal 0 0 1
    outer loop
      vertex -19.99958300590515 -27.5 10.199999809265137
      vertex -14 -27.5 10.199999809265137
      vertex -14 -23.415469154715538 10.199999809265137
    endloop
  endfacet
  facet normal 0 0 1
    outer loop
      vertex -19.99958300590515 -27.5 10.199999809265137
      vertex -14 -23.415469154715538 10.199999809265137
      vertex -19.99958300590515 -23.415469154715538 10.199999809265137
    endloop
  endfacet
  facet normal 0 0 -1
    outer loop
      vertex -106.89354395866394 -40.0326719135046 3.3000001907348633
      vertex -122.78290915489197 32.799716010689735 3.3000001907348633
      vertex -119.82849097251892 33.320691123604774 3.3000001907348633
    endloop
  endfacet
  facet normal -0.9848059863860564 -0.17365819640370092 0
    outer loop
      vertex -108.11140513420105 -50.4015683978796 3.3000001907348633
      vertex -122.78290915489197 32.799716010689735 10.199999809265137
      vertex -122.78290915489197 32.799716010689735 3.3000001907348633
    endloop
  endfacet
  facet normal 0 0 -1
    outer loop
      vertex -122.78290915489197 32.799716010689735 3.3000001907348633
      vertex -122.85266613960266 33.91719152033329 3.3000001907348633
      vertex -119.82849097251892 33.320691123604774 3.3000001907348633
    endloop
  endfacet
  facet normal 0 0 -1
    outer loop
      vertex -122.85266613960266 33.91719152033329 3.3000001907348633
      vertex -119.85126996040344 33.84230138361454 3.3000001907348633
      vertex -119.82849097251892 33.320691123604774 3.3000001907348633
    endloop
  endfacet
  facet normal 0 0 -1
    outer loop
      vertex -122.85266613960266 33.91719152033329 3.3000001907348633
      vertex -119.73826956748962 34.35203267633915 3.3000001907348633
      vertex -119.85126996040344 33.84230138361454 3.3000001907348633
    endloop
  endfacet
  facet normal 0 0 -1
    outer loop
      vertex -122.85266613960266 33.91719152033329 3.3000001907348633
      vertex -122.67201089859009 35.02217198908329 3.3000001907348633
      vertex -119.73826956748962 34.35203267633915 3.3000001907348633
    endloop
  endfacet
  facet normal 0 0 -1
    outer loop
      vertex -122.67201089859009 35.02217198908329 3.3000001907348633
      vertex -122.25000309944153 36.05924893915653 3.3000001907348633
      vertex -119.14446139335632 35.20008946955204 3.3000001907348633
    endloop
  endfacet
  facet normal 0 0 -1
    outer loop
      vertex -122.67201089859009 35.02217198908329 3.3000001907348633
      vertex -119.49719023704529 34.815150275826454 3.3000001907348633
      vertex -119.73826956748962 34.35203267633915 3.3000001907348633
    endloop
  endfacet
  facet normal 0 0 -1
    outer loop
      vertex -122.67201089859009 35.02217198908329 3.3000001907348633
      vertex -119.14446139335632 35.20008946955204 3.3000001907348633
      vertex -119.49719023704529 34.815150275826454 3.3000001907348633
    endloop
  endfacet
  facet normal 0 0 -1
    outer loop
      vertex -119.14446139335632 35.20008946955204 3.3000001907348633
      vertex -122.25000309944153 36.05924893915653 3.3000001907348633
      vertex -118.70412182807922 35.48062039911747 3.3000001907348633
    endloop
  endfacet
  facet normal 0 0 -1
    outer loop
      vertex -122.25000309944153 36.05924893915653 3.3000001907348633
      vertex -121.60780310630798 36.97641660273075 3.3000001907348633
      vertex -118.70412182807922 35.48062039911747 3.3000001907348633
    endloop
  endfacet
  facet normal 0 0 -1
    outer loop
      vertex -121.60780310630798 36.97641660273075 3.3000001907348633
      vertex -118.20617938041687 35.6376218944788 3.3000001907348633
      vertex -118.70412182807922 35.48062039911747 3.3000001907348633
    endloop
  endfacet
  facet normal 0 0 -1
    outer loop
      vertex -121.60780310630798 36.97641660273075 3.3000001907348633
      vertex -120.77761483192444 37.72768498957157 3.3000001907348633
      vertex -118.20617938041687 35.6376218944788 3.3000001907348633
    endloop
  endfacet
  facet normal 0 0 -1
    outer loop
      vertex -118.20617938041687 35.6376218944788 3.3000001907348633
      vertex -120.77761483192444 37.72768498957157 3.3000001907348633
      vertex -119.8010675907135 38.27538205683231 3.3000001907348633
    endloop
  endfacet
  facet normal 0 0 -1
    outer loop
      vertex -118.20617938041687 35.6376218944788 3.3000001907348633
      vertex -119.8010675907135 38.27538205683231 3.3000001907348633
      vertex -118.72712922096252 38.59204389154911 3.3000001907348633
    endloop
  endfacet
  facet normal 0 0 -1
    outer loop
      vertex -118.20617938041687 35.6376218944788 3.3000001907348633
      vertex -118.72712922096252 38.59204389154911 3.3000001907348633
      vertex -81.37363696098328 42.132265105843544 3.3000001907348633
    endloop
  endfacet
  facet normal 0 0 -1
    outer loop
      vertex -79.28980898857117 30.314436927437782 3.3000001907348633
      vertex -81.37363696098328 42.132265105843544 3.3000001907348633
      vertex -73.50635409355164 37.28533650934696 3.3000001907348633
    endloop
  endfacet
  facet normal 0 0 -1
    outer loop
      vertex -79.28980898857117 30.314436927437782 3.3000001907348633
      vertex -71.96087145805359 36.099446311593056 3.3000001907348633
      vertex -62.54810976982117 33.266627326607704 3.3000001907348633
    endloop
  endfacet
  facet normal 0 0 -1
    outer loop
      vertex -79.28980898857117 30.314436927437782 3.3000001907348633
      vertex -73.09224200248718 36.56807614862919 3.3000001907348633
      vertex -72.76087069511414 36.31380559504032 3.3000001907348633
    endloop
  endfacet
  facet normal 0 0 -1
    outer loop
      vertex -79.28980898857117 30.314436927437782 3.3000001907348633
      vertex -73.50635409355164 37.28533650934696 3.3000001907348633
      vertex -73.34651446342468 36.8994455486536 3.3000001907348633
    endloop
  endfacet
  facet normal 0 0 -1
    outer loop
      vertex -79.28980898857117 30.314436927437782 3.3000001907348633
      vertex -73.34651446342468 36.8994455486536 3.3000001907348633
      vertex -73.09224200248718 36.56807614862919 3.3000001907348633
    endloop
  endfacet
  facet normal 0 0 -1
    outer loop
      vertex -79.28980898857117 30.314436927437782 3.3000001907348633
      vertex -72.76087069511414 36.31380559504032 3.3000001907348633
      vertex -72.37498354911804 36.153964057564735 3.3000001907348633
    endloop
  endfacet
  facet normal 0 0 -1
    outer loop
      vertex -79.28980898857117 30.314436927437782 3.3000001907348633
      vertex -72.37498354911804 36.153964057564735 3.3000001907348633
      vertex -71.96087145805359 36.099446311593056 3.3000001907348633
    endloop
  endfacet
  facet normal 0 0 -1
    outer loop
      vertex -73.50635409355164 37.28533650934696 3.3000001907348633
      vertex -81.37363696098328 42.132265105843544 3.3000001907348633
      vertex -73.56087374687195 37.69944669306278 3.3000001907348633
    endloop
  endfacet
  facet normal 0 0 -1
    outer loop
      vertex -73.56087374687195 37.69944669306278 3.3000001907348633
      vertex -81.37363696098328 42.132265105843544 3.3000001907348633
      vertex -73.50635409355164 38.1135568767786 3.3000001907348633
    endloop
  endfacet
  facet normal 0 0 -1
    outer loop
      vertex -73.50635409355164 38.1135568767786 3.3000001907348633
      vertex -81.37363696098328 42.132265105843544 3.3000001907348633
      vertex -73.34651446342468 38.49944593012333 3.3000001907348633
    endloop
  endfacet
  facet normal 0 0 -1
    outer loop
      vertex -73.34651446342468 38.49944593012333 3.3000001907348633
      vertex -81.37363696098328 42.132265105843544 3.3000001907348633
      vertex -73.09224200248718 38.830817237496376 3.3000001907348633
    endloop
  endfacet
  facet normal 0 0 -1
    outer loop
      vertex -73.09224200248718 38.830817237496376 3.3000001907348633
      vertex -81.37363696098328 42.132265105843544 3.3000001907348633
      vertex -72.76087069511414 39.08508683741093 3.3000001907348633
    endloop
  endfacet
  facet normal 0 0 -1
    outer loop
      vertex -72.76087069511414 39.08508683741093 3.3000001907348633
      vertex -81.37363696098328 42.132265105843544 3.3000001907348633
      vertex -72.37498354911804 39.244927421212196 3.3000001907348633
    endloop
  endfacet
  facet normal 0 0 -1
    outer loop
      vertex -72.37498354911804 39.244927421212196 3.3000001907348633
      vertex -81.37363696098328 42.132265105843544 3.3000001907348633
      vertex -71.96087145805359 39.29944612085819 3.3000001907348633
    endloop
  endfacet
  facet normal 0 0 -1
    outer loop
      vertex -62.54810976982117 33.266627326607704 3.3000001907348633
      vertex -71.96087145805359 36.099446311593056 3.3000001907348633
      vertex -71.5467631816864 36.153964057564735 3.3000001907348633
    endloop
  endfacet
  facet normal 0 0 -1
    outer loop
      vertex -62.54810976982117 33.266627326607704 3.3000001907348633
      vertex -71.5467631816864 36.153964057564735 3.3000001907348633
      vertex -71.16087222099304 36.31380559504032 3.3000001907348633
    endloop
  endfacet
  facet normal 0 0 -1
    outer loop
      vertex -62.54810976982117 33.266627326607704 3.3000001907348633
      vertex -71.16087222099304 36.31380559504032 3.3000001907348633
      vertex -70.82950091362 36.56807614862919 3.3000001907348633
    endloop
  endfacet
  facet normal 0 0 -1
    outer loop
      vertex -62.54810976982117 33.266627326607704 3.3000001907348633
      vertex -70.82950091362 36.56807614862919 3.3000001907348633
      vertex -70.57523226737976 36.8994455486536 3.3000001907348633
    endloop
  endfacet
  facet normal 0 0 -1
    outer loop
      vertex -62.54810976982117 33.266627326607704 3.3000001907348633
      vertex -70.57523226737976 36.8994455486536 3.3000001907348633
      vertex -70.41539263725281 37.28533650934696 3.3000001907348633
    endloop
  endfacet
  facet normal 0 0 -1
    outer loop
      vertex -62.54810976982117 33.266627326607704 3.3000001907348633
      vertex -70.41539263725281 37.28533650934696 3.3000001907348633
      vertex -70.3608729839325 37.69944669306278 3.3000001907348633
    endloop
  endfacet
  facet normal 0 0 -1
    outer loop
      vertex -62.54810976982117 33.266627326607704 3.3000001907348633
      vertex -70.3608729839325 37.69944669306278 3.3000001907348633
      vertex -70.41539263725281 38.1135568767786 3.3000001907348633
    endloop
  endfacet
  facet normal 0 0 -1
    outer loop
      vertex -62.54810976982117 33.266627326607704 3.3000001907348633
      vertex -70.41539263725281 38.1135568767786 3.3000001907348633
      vertex -64.63191103935242 45.08431626856327 3.3000001907348633
    endloop
  endfacet
  facet normal 0 0 -1
    outer loop
      vertex -70.57523226737976 38.49944593012333 3.3000001907348633
      vertex -70.82950091362 38.830817237496376 3.3000001907348633
      vertex -64.63191103935242 45.08431626856327 3.3000001907348633
    endloop
  endfacet
  facet normal 0 0 -1
    outer loop
      vertex -70.41539263725281 38.1135568767786 3.3000001907348633
      vertex -70.57523226737976 38.49944593012333 3.3000001907348633
      vertex -64.63191103935242 45.08431626856327 3.3000001907348633
    endloop
  endfacet
  facet normal 0 0 -1
    outer loop
      vertex -118.72712922096252 38.59204389154911 3.3000001907348633
      vertex -64.63191103935242 45.08431626856327 3.3000001907348633
      vertex -81.37363696098328 42.132265105843544 3.3000001907348633
    endloop
  endfacet
  facet normal 0 0 -1
    outer loop
      vertex -71.96087145805359 39.29944612085819 3.3000001907348633
      vertex -81.37363696098328 42.132265105843544 3.3000001907348633
      vertex -64.63191103935242 45.08431626856327 3.3000001907348633
    endloop
  endfacet
  facet normal 0 0 -1
    outer loop
      vertex -71.96087145805359 39.29944612085819 3.3000001907348633
      vertex -64.63191103935242 45.08431626856327 3.3000001907348633
      vertex -71.5467631816864 39.244927421212196 3.3000001907348633
    endloop
  endfacet
  facet normal 0 0 -1
    outer loop
      vertex -71.16087222099304 39.08508683741093 3.3000001907348633
      vertex -71.5467631816864 39.244927421212196 3.3000001907348633
      vertex -64.63191103935242 45.08431626856327 3.3000001907348633
    endloop
  endfacet
  facet normal 0 0 -1
    outer loop
      vertex -118.72712922096252 38.59204389154911 3.3000001907348633
      vertex -28.35614275932312 54.52706430852413 3.3000001907348633
      vertex -64.63191103935242 45.08431626856327 3.3000001907348633
    endloop
  endfacet
  facet normal 0 0 -1
    outer loop
      vertex -71.16087222099304 39.08508683741093 3.3000001907348633
      vertex -64.63191103935242 45.08431626856327 3.3000001907348633
      vertex -70.82950091362 38.830817237496376 3.3000001907348633
    endloop
  endfacet
  facet normal -0.9980573149705959 -0.06230245608067683 0
    outer loop
      vertex -122.78290915489197 32.799716010689735 3.3000001907348633
      vertex -122.78290915489197 32.799716010689735 10.199999809265137
      vertex -122.85266613960266 33.91719152033329 3.3000001907348633
    endloop
  endfacet
  facet normal 0.9990478048688176 0.04362893061715948 0
    outer loop
      vertex -119.82849097251892 33.320691123604774 3.3000001907348633
      vertex -119.85126996040344 33.84230138361454 3.3000001907348633
      vertex -119.85126996040344 33.84230138361454 10.199999809265137
    endloop
  endfacet
  facet normal -0.9868973108814943 0.16134961349465643 0
    outer loop
      vertex -122.85266613960266 33.91719152033329 3.3000001907348633
      vertex -122.67201089859009 35.02217198908329 10.199999809265137
      vertex -122.67201089859009 35.02217198908329 3.3000001907348633
    endloop
  endfacet
  facet normal -0.9262498853955593 0.3769100022614328 0
    outer loop
      vertex -122.67201089859009 35.02217198908329 3.3000001907348633
      vertex -122.25000309944153 36.05924893915653 10.199999809265137
      vertex -122.25000309944153 36.05924893915653 3.3000001907348633
    endloop
  endfacet
  facet normal 0.9762977530951383 -0.21643173820256692 0
    outer loop
      vertex -119.85126996040344 33.84230138361454 3.3000001907348633
      vertex -119.73826956748962 34.35203267633915 3.3000001907348633
      vertex -119.73826956748962 34.35203267633915 10.199999809265137
    endloop
  endfacet
  facet normal 0.8870143102019055 -0.46174193387328144 0
    outer loop
      vertex -119.73826956748962 34.35203267633915 3.3000001907348633
      vertex -119.49719023704529 34.815150275826454 3.3000001907348633
      vertex -119.49719023704529 34.815150275826454 10.199999809265137
    endloop
  endfacet
  facet normal 0.73728014124446 -0.6755871470998759 0
    outer loop
      vertex -119.49719023704529 34.815150275826454 3.3000001907348633
      vertex -119.14446139335632 35.20008946955204 3.3000001907348633
      vertex -119.14446139335632 35.20008946955204 10.199999809265137
    endloop
  endfacet
  facet normal -0.8191552833260707 0.5735718104988989 0
    outer loop
      vertex -122.25000309944153 36.05924893915653 3.3000001907348633
      vertex -121.60780310630798 36.97641660273075 10.199999809265137
      vertex -121.60780310630798 36.97641660273075 3.3000001907348633
    endloop
  endfacet
  facet normal -0.6709848576099262 0.741471051935399 0
    outer loop
      vertex -121.60780310630798 36.97641660273075 3.3000001907348633
      vertex -120.77761483192444 37.72768498957157 10.199999809265137
      vertex -120.77761483192444 37.72768498957157 3.3000001907348633
    endloop
  endfacet
  facet normal 0.5373046326178067 -0.8433882449782211 0
    outer loop
      vertex -119.14446139335632 35.20008946955204 3.3000001907348633
      vertex -118.70412182807922 35.48062039911747 3.3000001907348633
      vertex -118.70412182807922 35.48062039911747 10.199999809265137
    endloop
  endfacet
  facet normal 0.3007072710448858 -0.9537164867720057 0
    outer loop
      vertex -118.70412182807922 35.48062039911747 3.3000001907348633
      vertex -118.20617938041687 35.6376218944788 3.3000001907348633
      vertex -118.20617938041687 35.6376218944788 10.199999809265137
    endloop
  endfacet
  facet normal -0.489168012095795 0.8721895756899689 0
    outer loop
      vertex -120.77761483192444 37.72768498957157 3.3000001907348633
      vertex -119.8010675907135 38.27538205683231 10.199999809265137
      vertex -119.8010675907135 38.27538205683231 3.3000001907348633
    endloop
  endfacet
  facet normal -0.2828219128300501 0.9591724378979786 0
    outer loop
      vertex -119.8010675907135 38.27538205683231 3.3000001907348633
      vertex -119.8010675907135 38.27538205683231 10.199999809265137
      vertex -118.72712922096252 38.59204389154911 3.3000001907348633
    endloop
  endfacet
  facet normal 0.1736500502808616 -0.9848074228180118 0
    outer loop
      vertex -118.20617938041687 35.6376218944788 3.3000001907348633
      vertex -81.37363696098328 42.132265105843544 3.3000001907348633
      vertex -118.20617938041687 35.6376218944788 10.199999809265137
    endloop
  endfacet
  facet normal -0.9848073823331623 -0.1736502798791436 0
    outer loop
      vertex -79.28980898857117 30.314436927437782 3.3000001907348633
      vertex -81.37363696098328 42.132265105843544 10.199999809265137
      vertex -81.37363696098328 42.132265105843544 3.3000001907348633
    endloop
  endfacet
  facet normal 0.1736582825448427 -0.9848059711961415 0
    outer loop
      vertex -79.28980898857117 30.314436927437782 3.3000001907348633
      vertex -62.54810976982117 33.266627326607704 3.3000001907348633
      vertex -79.28980898857117 30.314436927437782 10.199999809265137
    endloop
  endfacet
  facet normal 0.6087620414127075 0.793352870376753 0
    outer loop
      vertex -73.09224200248718 36.56807614862919 3.3000001907348633
      vertex -73.09224200248718 36.56807614862919 10.199999809265137
      vertex -72.76087069511414 36.31380559504032 3.3000001907348633
    endloop
  endfacet
  facet normal 0.7933489726182341 0.6087671210287167 0
    outer loop
      vertex -73.09224200248718 36.56807614862919 3.3000001907348633
      vertex -73.34651446342468 36.8994455486536 3.3000001907348633
      vertex -73.34651446342468 36.8994455486536 10.199999809265137
    endloop
  endfacet
  facet normal 0.9238809201826498 0.38268008221288474 0
    outer loop
      vertex -73.34651446342468 36.8994455486536 3.3000001907348633
      vertex -73.50635409355164 37.28533650934696 3.3000001907348633
      vertex -73.50635409355164 37.28533650934696 10.199999809265137
    endloop
  endfacet
  facet normal 0.13052349739415184 0.9914452161506448 0
    outer loop
      vertex -72.37498354911804 36.153964057564735 3.3000001907348633
      vertex -72.37498354911804 36.153964057564735 10.199999809265137
      vertex -71.96087145805359 36.099446311593056 3.3000001907348633
    endloop
  endfacet
  facet normal 0.382687208959539 0.9238779681856031 0
    outer loop
      vertex -72.37498354911804 36.153964057564735 3.3000001907348633
      vertex -72.76087069511414 36.31380559504032 3.3000001907348633
      vertex -72.76087069511414 36.31380559504032 10.199999809265137
    endloop
  endfacet
  facet normal -0.1305246792709606 0.9914450605561625 0
    outer loop
      vertex -71.96087145805359 36.099446311593056 3.3000001907348633
      vertex -71.96087145805359 36.099446311593056 10.199999809265137
      vertex -71.5467631816864 36.153964057564735 3.3000001907348633
    endloop
  endfacet
  facet normal -0.3826839799481024 0.9238793056947863 0
    outer loop
      vertex -71.5467631816864 36.153964057564735 3.3000001907348633
      vertex -71.5467631816864 36.153964057564735 10.199999809265137
      vertex -71.16087222099304 36.31380559504032 3.3000001907348633
    endloop
  endfacet
  facet normal -0.6087620414127075 0.793352870376753 0
    outer loop
      vertex -71.16087222099304 36.31380559504032 3.3000001907348633
      vertex -71.16087222099304 36.31380559504032 10.199999809265137
      vertex -70.82950091362 36.56807614862919 3.3000001907348633
    endloop
  endfacet
  facet normal -0.7933533835237664 0.6087613726669849 0
    outer loop
      vertex -70.82950091362 36.56807614862919 3.3000001907348633
      vertex -70.82950091362 36.56807614862919 10.199999809265137
      vertex -70.57523226737976 36.8994455486536 3.3000001907348633
    endloop
  endfacet
  facet normal -0.9238809201826498 0.38268008221288474 0
    outer loop
      vertex -70.57523226737976 36.8994455486536 3.3000001907348633
      vertex -70.57523226737976 36.8994455486536 10.199999809265137
      vertex -70.41539263725281 37.28533650934696 3.3000001907348633
    endloop
  endfacet
  facet normal -0.9914445474057189 0.13052857702231127 0
    outer loop
      vertex -70.41539263725281 37.28533650934696 3.3000001907348633
      vertex -70.41539263725281 37.28533650934696 10.199999809265137
      vertex -70.3608729839325 37.69944669306278 3.3000001907348633
    endloop
  endfacet
  facet normal 0.9914445474057189 0.13052857702231127 0
    outer loop
      vertex -73.50635409355164 37.28533650934696 3.3000001907348633
      vertex -73.56087374687195 37.69944669306278 3.3000001907348633
      vertex -73.56087374687195 37.69944669306278 10.199999809265137
    endloop
  endfacet
  facet normal 0.9914445474057189 -0.13052857702231127 0
    outer loop
      vertex -73.56087374687195 37.69944669306278 3.3000001907348633
      vertex -73.50635409355164 38.1135568767786 3.3000001907348633
      vertex -73.50635409355164 38.1135568767786 10.199999809265137
    endloop
  endfacet
  facet normal 0.9238802514447444 -0.3826816967015746 0
    outer loop
      vertex -73.50635409355164 38.1135568767786 3.3000001907348633
      vertex -73.34651446342468 38.49944593012333 3.3000001907348633
      vertex -73.34651446342468 38.49944593012333 10.199999809265137
    endloop
  endfacet
  facet normal 0.7933506649361869 -0.6087649155834376 0
    outer loop
      vertex -73.34651446342468 38.49944593012333 3.3000001907348633
      vertex -73.09224200248718 38.830817237496376 3.3000001907348633
      vertex -73.09224200248718 38.830817237496376 10.199999809265137
    endloop
  endfacet
  facet normal 0.6087606043183537 -0.7933539730977294 0
    outer loop
      vertex -73.09224200248718 38.830817237496376 3.3000001907348633
      vertex -72.76087069511414 39.08508683741093 3.3000001907348633
      vertex -72.76087069511414 39.08508683741093 10.199999809265137
    endloop
  endfacet
  facet normal -0.3826820310830478 -0.9238801129400682 0
    outer loop
      vertex -71.16087222099304 39.08508683741093 3.3000001907348633
      vertex -71.16087222099304 39.08508683741093 10.199999809265137
      vertex -71.5467631816864 39.244927421212196 3.3000001907348633
    endloop
  endfacet
  facet normal -0.9914445474057189 -0.13052857702231127 0
    outer loop
      vertex -70.3608729839325 37.69944669306278 3.3000001907348633
      vertex -70.3608729839325 37.69944669306278 10.199999809265137
      vertex -70.41539263725281 38.1135568767786 3.3000001907348633
    endloop
  endfacet
  facet normal -0.9238802514447444 -0.3826816967015746 0
    outer loop
      vertex -70.41539263725281 38.1135568767786 3.3000001907348633
      vertex -70.41539263725281 38.1135568767786 10.199999809265137
      vertex -70.57523226737976 38.49944593012333 3.3000001907348633
    endloop
  endfacet
  facet normal -0.7933550758191681 -0.6087591672180074 0
    outer loop
      vertex -70.57523226737976 38.49944593012333 3.3000001907348633
      vertex -70.57523226737976 38.49944593012333 10.199999809265137
      vertex -70.82950091362 38.830817237496376 3.3000001907348633
    endloop
  endfacet
  facet normal -0.6087606043183537 -0.7933539730977294 0
    outer loop
      vertex -71.16087222099304 39.08508683741093 3.3000001907348633
      vertex -70.82950091362 38.830817237496376 3.3000001907348633
      vertex -70.82950091362 38.830817237496376 10.199999809265137
    endloop
  endfacet
  facet normal 0.3826852600836831 -0.9238787754433392 0
    outer loop
      vertex -72.76087069511414 39.08508683741093 3.3000001907348633
      vertex -72.37498354911804 39.244927421212196 3.3000001907348633
      vertex -72.37498354911804 39.244927421212196 10.199999809265137
    endloop
  endfacet
  facet normal 0.13052574173154993 -0.9914449206816427 0
    outer loop
      vertex -72.37498354911804 39.244927421212196 3.3000001907348633
      vertex -71.96087145805359 39.29944612085819 3.3000001907348633
      vertex -71.96087145805359 39.29944612085819 10.199999809265137
    endloop
  endfacet
  facet normal -0.13052692362797647 -0.991444765081856 0
    outer loop
      vertex -71.96087145805359 39.29944612085819 3.3000001907348633
      vertex -71.5467631816864 39.244927421212196 3.3000001907348633
      vertex -71.5467631816864 39.244927421212196 10.199999809265137
    endloop
  endfacet
  facet normal 0.9848074129932115 0.17365010599944392 0
    outer loop
      vertex -62.54810976982117 33.266627326607704 3.3000001907348633
      vertex -64.63191103935242 45.08431626856327 3.3000001907348633
      vertex -62.54810976982117 33.266627326607704 10.199999809265137
    endloop
  endfacet
  facet normal 0 0 -1
    outer loop
      vertex -64.63191103935242 45.08431626856327 3.3000001907348633
      vertex -28.35614275932312 54.52706430852413 3.3000001907348633
      vertex -28.093676328659058 51.527064338326454 3.3000001907348633
    endloop
  endfacet
  facet normal 0 0 -1
    outer loop
      vertex -28.093676328659058 51.527064338326454 3.3000001907348633
      vertex -28.35614275932312 54.52706430852413 3.3000001907348633
      vertex -4.499712705612183 51.527064338326454 3.3000001907348633
    endloop
  endfacet
  facet normal 0 0 -1
    outer loop
      vertex -4.499712705612183 40.527064338326454 3.3000001907348633
      vertex -1.0611979961395264 44.32933713495731 3.3000001907348633
      vertex -0.7436931133270264 44.110236182808876 3.3000001907348633
    endloop
  endfacet
  facet normal 0 0 -1
    outer loop
      vertex -4.499712705612183 40.527064338326454 3.3000001907348633
      vertex -1.4963252544403076 44.959628120064735 3.3000001907348633
      vertex -1.3170344829559326 44.618062034249306 3.3000001907348633
    endloop
  endfacet
  facet normal 0 0 -1
    outer loop
      vertex -4.499712705612183 40.527064338326454 3.3000001907348633
      vertex -1.3170344829559326 44.618062034249306 3.3000001907348633
      vertex -1.0611979961395264 44.32933713495731 3.3000001907348633
    endloop
  endfacet
  facet normal 0 0 -1
    outer loop
      vertex -4.499712705612183 40.527064338326454 3.3000001907348633
      vertex -1.5886561870574951 45.334179893136024 3.3000001907348633
      vertex -1.4963252544403076 44.959628120064735 3.3000001907348633
    endloop
  endfacet
  facet normal 0 0 -1
    outer loop
      vertex -4.499712705612183 40.527064338326454 3.3000001907348633
      vertex -1.5886561870574951 45.719943061470985 3.3000001907348633
      vertex -1.5886561870574951 45.334179893136024 3.3000001907348633
    endloop
  endfacet
  facet normal 0 0 -1
    outer loop
      vertex -4.499712705612183 40.527064338326454 3.3000001907348633
      vertex -0.3829829692840576 43.9734954982996 3.3000001907348633
      vertex -0.000017881393432617188 43.92706395685673 3.3000001907348633
    endloop
  endfacet
  facet normal 0 0 -1
    outer loop
      vertex -4.499712705612183 40.527064338326454 3.3000001907348633
      vertex -0.7436931133270264 44.110236182808876 3.3000001907348633
      vertex -0.3829829692840576 43.9734954982996 3.3000001907348633
    endloop
  endfacet
  facet normal 0 0 -1
    outer loop
      vertex -4.499712705612183 40.527064338326454 3.3000001907348633
      vertex -4.499712705612183 51.527064338326454 3.3000001907348633
      vertex -1.5886561870574951 45.719943061470985 3.3000001907348633
    endloop
  endfacet
  facet normal 0 0 -1
    outer loop
      vertex -1.5886561870574951 45.719943061470985 3.3000001907348633
      vertex -4.499712705612183 51.527064338326454 3.3000001907348633
      vertex -1.4963328838348389 46.094494834542274 3.3000001907348633
    endloop
  endfacet
  facet normal 0 0 -1
    outer loop
      vertex -1.4963328838348389 46.094494834542274 3.3000001907348633
      vertex -4.499712705612183 51.527064338326454 3.3000001907348633
      vertex -1.3170344829559326 46.436060920357704 3.3000001907348633
    endloop
  endfacet
  facet normal 0 0 -1
    outer loop
      vertex -1.3170344829559326 46.436060920357704 3.3000001907348633
      vertex -4.499712705612183 51.527064338326454 3.3000001907348633
      vertex -1.0612056255340576 46.72478772699833 3.3000001907348633
    endloop
  endfacet
  facet normal 0 0 -1
    outer loop
      vertex -1.0612056255340576 46.72478772699833 3.3000001907348633
      vertex -4.499712705612183 51.527064338326454 3.3000001907348633
      vertex -0.7437007427215576 46.94389010965824 3.3000001907348633
    endloop
  endfacet
  facet normal 0 0 -1
    outer loop
      vertex -0.7437007427215576 46.94389010965824 3.3000001907348633
      vertex -4.499712705612183 51.527064338326454 3.3000001907348633
      vertex -0.3829829692840576 47.080631747841835 3.3000001907348633
    endloop
  endfacet
  facet normal 0 0 -1
    outer loop
      vertex -0.3829829692840576 47.080631747841835 3.3000001907348633
      vertex -4.499712705612183 51.527064338326454 3.3000001907348633
      vertex -0.000025510787963867188 47.12706424295902 3.3000001907348633
    endloop
  endfacet
  facet normal 0 0 -1
    outer loop
      vertex -28.35614275932312 54.52706430852413 3.3000001907348633
      vertex 28.3566792011261 54.52706430852413 3.3000001907348633
      vertex -4.499712705612183 51.527064338326454 3.3000001907348633
    endloop
  endfacet
  facet normal 0.17365004570913165 -0.9848074236241401 0
    outer loop
      vertex -64.63191103935242 45.08431626856327 3.3000001907348633
      vertex -28.093676328659058 51.527064338326454 3.3000001907348633
      vertex -64.63191103935242 45.08431626856327 10.199999809265137
    endloop
  endfacet
  facet normal -0.1736500507788057 0.9848074227302097 0
    outer loop
      vertex -118.72712922096252 38.59204389154911 3.3000001907348633
      vertex -28.35614275932312 54.52706430852413 10.199999809265137
      vertex -28.35614275932312 54.52706430852413 3.3000001907348633
    endloop
  endfacet
  facet normal 0 -1 0
    outer loop
      vertex -4.499712705612183 40.527064338326454 3.3000001907348633
      vertex 4.500294923782349 40.527064338326454 3.3000001907348633
      vertex -4.499712705612183 40.527064338326454 10.199999809265137
    endloop
  endfacet
  facet normal 0 -1 0
    outer loop
      vertex -28.093676328659058 51.527064338326454 3.3000001907348633
      vertex -4.499712705612183 51.527064338326454 3.3000001907348633
      vertex -28.093676328659058 51.527064338326454 10.199999809265137
    endloop
  endfacet
  facet normal 0.35447201156719116 0.9350666249072892 0
    outer loop
      vertex -0.7436931133270264 44.110236182808876 3.3000001907348633
      vertex -0.3829829692840576 43.9734954982996 10.199999809265137
      vertex -0.3829829692840576 43.9734954982996 3.3000001907348633
    endloop
  endfacet
  facet normal 0.567964938216461 0.8230527498020838 0
    outer loop
      vertex -0.7436931133270264 44.110236182808876 3.3000001907348633
      vertex -1.0611979961395264 44.32933713495731 3.3000001907348633
      vertex -0.7436931133270264 44.110236182808876 10.199999809265137
    endloop
  endfacet
  facet normal 0.12036082502135166 0.9927302109839207 0
    outer loop
      vertex -0.3829829692840576 43.9734954982996 3.3000001907348633
      vertex -0.3829829692840576 43.9734954982996 10.199999809265137
      vertex -0.000017881393432617188 43.92706395685673 3.3000001907348633
    endloop
  endfacet
  facet normal 0.7484482814354885 0.6631931619191077 0
    outer loop
      vertex -1.0611979961395264 44.32933713495731 3.3000001907348633
      vertex -1.3170344829559326 44.618062034249306 3.3000001907348633
      vertex -1.0611979961395264 44.32933713495731 10.199999809265137
    endloop
  endfacet
  facet normal 0.9709344611822738 0.23934550776792893 0
    outer loop
      vertex -1.4963252544403076 44.959628120064735 3.3000001907348633
      vertex -1.5886561870574951 45.334179893136024 3.3000001907348633
      vertex -1.4963252544403076 44.959628120064735 10.199999809265137
    endloop
  endfacet
  facet normal 0.8854314257813477 0.4647700401691247 0
    outer loop
      vertex -1.3170344829559326 44.618062034249306 3.3000001907348633
      vertex -1.4963252544403076 44.959628120064735 3.3000001907348633
      vertex -1.3170344829559326 44.618062034249306 10.199999809265137
    endloop
  endfacet
  facet normal 1 0 0
    outer loop
      vertex -1.5886561870574951 45.334179893136024 3.3000001907348633
      vertex -1.5886561870574951 45.719943061470985 3.3000001907348633
      vertex -1.5886561870574951 45.334179893136024 10.199999809265137
    endloop
  endfacet
  facet normal 0.9709390570600305 -0.23932686325479427 0
    outer loop
      vertex -1.5886561870574951 45.719943061470985 3.3000001907348633
      vertex -1.4963328838348389 46.094494834542274 3.3000001907348633
      vertex -1.5886561870574951 45.719943061470985 10.199999809265137
    endloop
  endfacet
  facet normal 0.8854232868652461 -0.46478554525366234 0
    outer loop
      vertex -1.4963328838348389 46.094494834542274 3.3000001907348633
      vertex -1.3170344829559326 46.436060920357704 3.3000001907348633
      vertex -1.4963328838348389 46.094494834542274 10.199999809265137
    endloop
  endfacet
  facet normal 0.7484602728569913 -0.6631796287242531 0
    outer loop
      vertex -1.3170344829559326 46.436060920357704 3.3000001907348633
      vertex -1.0612056255340576 46.72478772699833 3.3000001907348633
      vertex -1.3170344829559326 46.436060920357704 10.199999809265137
    endloop
  endfacet
  facet normal 0.5679674502334708 -0.8230510163260172 0
    outer loop
      vertex -1.0612056255340576 46.72478772699833 3.3000001907348633
      vertex -0.7437007427215576 46.94389010965824 3.3000001907348633
      vertex -1.0612056255340576 46.72478772699833 10.199999809265137
    endloop
  endfacet
  facet normal 0.35446761782514946 -0.9350682905078986 0
    outer loop
      vertex -0.7437007427215576 46.94389010965824 3.3000001907348633
      vertex -0.3829829692840576 47.080631747841835 3.3000001907348633
      vertex -0.7437007427215576 46.94389010965824 10.199999809265137
    endloop
  endfacet
  facet normal 0.12036562451489528 -0.9927296290708459 0
    outer loop
      vertex -0.3829829692840576 47.080631747841835 3.3000001907348633
      vertex -0.000025510787963867188 47.12706424295902 3.3000001907348633
      vertex -0.000025510787963867188 47.12706424295902 10.199999809265137
    endloop
  endfacet
  facet normal -1 0 0
    outer loop
      vertex -4.499712705612183 40.527064338326454 3.3000001907348633
      vertex -4.499712705612183 51.527064338326454 10.199999809265137
      vertex -4.499712705612183 51.527064338326454 3.3000001907348633
    endloop
  endfacet
  facet normal 0.9848059851558428 0.17365820338017404 0
    outer loop
      vertex -106.89354395866394 -40.0326719135046 10.199999809265137
      vertex -119.82849097251892 33.320691123604774 3.3000001907348633
      vertex -119.82849097251892 33.320691123604774 10.199999809265137
    endloop
  endfacet
  facet normal 0 0 1
    outer loop
      vertex -106.89354395866394 -40.0326719135046 10.199999809265137
      vertex -119.82849097251892 33.320691123604774 10.199999809265137
      vertex -122.78290915489197 32.799716010689735 10.199999809265137
    endloop
  endfacet
  facet normal -0.9980573149705959 -0.06230245608067683 0
    outer loop
      vertex -122.85266613960266 33.91719152033329 3.3000001907348633
      vertex -122.78290915489197 32.799716010689735 10.199999809265137
      vertex -122.85266613960266 33.91719152033329 10.199999809265137
    endloop
  endfacet
  facet normal 0.9990478048688176 0.04362893061715948 0
    outer loop
      vertex -119.82849097251892 33.320691123604774 3.3000001907348633
      vertex -119.85126996040344 33.84230138361454 10.199999809265137
      vertex -119.82849097251892 33.320691123604774 10.199999809265137
    endloop
  endfacet
  facet normal 0.9762977530951383 -0.21643173820256692 0
    outer loop
      vertex -119.85126996040344 33.84230138361454 3.3000001907348633
      vertex -119.73826956748962 34.35203267633915 10.199999809265137
      vertex -119.85126996040344 33.84230138361454 10.199999809265137
    endloop
  endfacet
  facet normal -0.9868973108814943 0.16134961349465643 0
    outer loop
      vertex -122.85266613960266 33.91719152033329 3.3000001907348633
      vertex -122.85266613960266 33.91719152033329 10.199999809265137
      vertex -122.67201089859009 35.02217198908329 10.199999809265137
    endloop
  endfacet
  facet normal -0.9262498853955593 0.3769100022614328 0
    outer loop
      vertex -122.67201089859009 35.02217198908329 3.3000001907348633
      vertex -122.67201089859009 35.02217198908329 10.199999809265137
      vertex -122.25000309944153 36.05924893915653 10.199999809265137
    endloop
  endfacet
  facet normal 0.8870143102019055 -0.46174193387328144 0
    outer loop
      vertex -119.73826956748962 34.35203267633915 3.3000001907348633
      vertex -119.49719023704529 34.815150275826454 10.199999809265137
      vertex -119.73826956748962 34.35203267633915 10.199999809265137
    endloop
  endfacet
  facet normal 0.73728014124446 -0.6755871470998759 0
    outer loop
      vertex -119.49719023704529 34.815150275826454 3.3000001907348633
      vertex -119.14446139335632 35.20008946955204 10.199999809265137
      vertex -119.49719023704529 34.815150275826454 10.199999809265137
    endloop
  endfacet
  facet normal -0.8191552833260707 0.5735718104988989 0
    outer loop
      vertex -122.25000309944153 36.05924893915653 3.3000001907348633
      vertex -122.25000309944153 36.05924893915653 10.199999809265137
      vertex -121.60780310630798 36.97641660273075 10.199999809265137
    endloop
  endfacet
  facet normal -0.6709848576099262 0.741471051935399 0
    outer loop
      vertex -121.60780310630798 36.97641660273075 3.3000001907348633
      vertex -121.60780310630798 36.97641660273075 10.199999809265137
      vertex -120.77761483192444 37.72768498957157 10.199999809265137
    endloop
  endfacet
  facet normal 0.5373046326178067 -0.8433882449782211 0
    outer loop
      vertex -119.14446139335632 35.20008946955204 3.3000001907348633
      vertex -118.70412182807922 35.48062039911747 10.199999809265137
      vertex -119.14446139335632 35.20008946955204 10.199999809265137
    endloop
  endfacet
  facet normal 0.3007072710448858 -0.9537164867720057 0
    outer loop
      vertex -118.70412182807922 35.48062039911747 3.3000001907348633
      vertex -118.20617938041687 35.6376218944788 10.199999809265137
      vertex -118.70412182807922 35.48062039911747 10.199999809265137
    endloop
  endfacet
  facet normal -0.489168012095795 0.8721895756899689 0
    outer loop
      vertex -120.77761483192444 37.72768498957157 3.3000001907348633
      vertex -120.77761483192444 37.72768498957157 10.199999809265137
      vertex -119.8010675907135 38.27538205683231 10.199999809265137
    endloop
  endfacet
  facet normal -0.2828219128300501 0.9591724378979786 0
    outer loop
      vertex -118.72712922096252 38.59204389154911 3.3000001907348633
      vertex -119.8010675907135 38.27538205683231 10.199999809265137
      vertex -118.72712922096252 38.59204389154911 10.199999809265137
    endloop
  endfacet
  facet normal 0.1736500502808616 -0.9848074228180118 0
    outer loop
      vertex -81.37363696098328 42.132265105843544 3.3000001907348633
      vertex -81.37363696098328 42.132265105843544 10.199999809265137
      vertex -118.20617938041687 35.6376218944788 10.199999809265137
    endloop
  endfacet
  facet normal -0.9848073823331623 -0.1736502798791436 0
    outer loop
      vertex -79.28980898857117 30.314436927437782 3.3000001907348633
      vertex -79.28980898857117 30.314436927437782 10.199999809265137
      vertex -81.37363696098328 42.132265105843544 10.199999809265137
    endloop
  endfacet
  facet normal 0.1736582825448427 -0.9848059711961415 0
    outer loop
      vertex -62.54810976982117 33.266627326607704 3.3000001907348633
      vertex -62.54810976982117 33.266627326607704 10.199999809265137
      vertex -79.28980898857117 30.314436927437782 10.199999809265137
    endloop
  endfacet
  facet normal 0.7933489726182341 0.6087671210287167 0
    outer loop
      vertex -73.09224200248718 36.56807614862919 3.3000001907348633
      vertex -73.34651446342468 36.8994455486536 10.199999809265137
      vertex -73.09224200248718 36.56807614862919 10.199999809265137
    endloop
  endfacet
  facet normal 0.9238809201826498 0.38268008221288474 0
    outer loop
      vertex -73.34651446342468 36.8994455486536 3.3000001907348633
      vertex -73.50635409355164 37.28533650934696 10.199999809265137
      vertex -73.34651446342468 36.8994455486536 10.199999809265137
    endloop
  endfacet
  facet normal 0.9914445474057189 0.13052857702231127 0
    outer loop
      vertex -73.50635409355164 37.28533650934696 3.3000001907348633
      vertex -73.56087374687195 37.69944669306278 10.199999809265137
      vertex -73.50635409355164 37.28533650934696 10.199999809265137
    endloop
  endfacet
  facet normal 0.382687208959539 0.9238779681856031 0
    outer loop
      vertex -72.37498354911804 36.153964057564735 3.3000001907348633
      vertex -72.76087069511414 36.31380559504032 10.199999809265137
      vertex -72.37498354911804 36.153964057564735 10.199999809265137
    endloop
  endfacet
  facet normal 0.13052349739415184 0.9914452161506448 0
    outer loop
      vertex -71.96087145805359 36.099446311593056 3.3000001907348633
      vertex -72.37498354911804 36.153964057564735 10.199999809265137
      vertex -71.96087145805359 36.099446311593056 10.199999809265137
    endloop
  endfacet
  facet normal 0.6087620414127075 0.793352870376753 0
    outer loop
      vertex -72.76087069511414 36.31380559504032 3.3000001907348633
      vertex -73.09224200248718 36.56807614862919 10.199999809265137
      vertex -72.76087069511414 36.31380559504032 10.199999809265137
    endloop
  endfacet
  facet normal -0.1305246792709606 0.9914450605561625 0
    outer loop
      vertex -71.5467631816864 36.153964057564735 3.3000001907348633
      vertex -71.96087145805359 36.099446311593056 10.199999809265137
      vertex -71.5467631816864 36.153964057564735 10.199999809265137
    endloop
  endfacet
  facet normal -0.3826839799481024 0.9238793056947863 0
    outer loop
      vertex -71.16087222099304 36.31380559504032 3.3000001907348633
      vertex -71.5467631816864 36.153964057564735 10.199999809265137
      vertex -71.16087222099304 36.31380559504032 10.199999809265137
    endloop
  endfacet
  facet normal -0.6087620414127075 0.793352870376753 0
    outer loop
      vertex -70.82950091362 36.56807614862919 3.3000001907348633
      vertex -71.16087222099304 36.31380559504032 10.199999809265137
      vertex -70.82950091362 36.56807614862919 10.199999809265137
    endloop
  endfacet
  facet normal -0.7933533835237664 0.6087613726669849 0
    outer loop
      vertex -70.57523226737976 36.8994455486536 3.3000001907348633
      vertex -70.82950091362 36.56807614862919 10.199999809265137
      vertex -70.57523226737976 36.8994455486536 10.199999809265137
    endloop
  endfacet
  facet normal -0.9238809201826498 0.38268008221288474 0
    outer loop
      vertex -70.41539263725281 37.28533650934696 3.3000001907348633
      vertex -70.57523226737976 36.8994455486536 10.199999809265137
      vertex -70.41539263725281 37.28533650934696 10.199999809265137
    endloop
  endfacet
  facet normal 0.9914445474057189 -0.13052857702231127 0
    outer loop
      vertex -73.56087374687195 37.69944669306278 3.3000001907348633
      vertex -73.50635409355164 38.1135568767786 10.199999809265137
      vertex -73.56087374687195 37.69944669306278 10.199999809265137
    endloop
  endfacet
  facet normal 0.9238802514447444 -0.3826816967015746 0
    outer loop
      vertex -73.50635409355164 38.1135568767786 3.3000001907348633
      vertex -73.34651446342468 38.49944593012333 10.199999809265137
      vertex -73.50635409355164 38.1135568767786 10.199999809265137
    endloop
  endfacet
  facet normal 0.7933506649361869 -0.6087649155834376 0
    outer loop
      vertex -73.34651446342468 38.49944593012333 3.3000001907348633
      vertex -73.09224200248718 38.830817237496376 10.199999809265137
      vertex -73.34651446342468 38.49944593012333 10.199999809265137
    endloop
  endfacet
  facet normal 0.6087606043183537 -0.7933539730977294 0
    outer loop
      vertex -73.09224200248718 38.830817237496376 3.3000001907348633
      vertex -72.76087069511414 39.08508683741093 10.199999809265137
      vertex -73.09224200248718 38.830817237496376 10.199999809265137
    endloop
  endfacet
  facet normal 0.3826852600836831 -0.9238787754433392 0
    outer loop
      vertex -72.76087069511414 39.08508683741093 3.3000001907348633
      vertex -72.37498354911804 39.244927421212196 10.199999809265137
      vertex -72.76087069511414 39.08508683741093 10.199999809265137
    endloop
  endfacet
  facet normal -0.6087606043183537 -0.7933539730977294 0
    outer loop
      vertex -71.16087222099304 39.08508683741093 3.3000001907348633
      vertex -70.82950091362 38.830817237496376 10.199999809265137
      vertex -71.16087222099304 39.08508683741093 10.199999809265137
    endloop
  endfacet
  facet normal -0.9914445474057189 0.13052857702231127 0
    outer loop
      vertex -70.3608729839325 37.69944669306278 3.3000001907348633
      vertex -70.41539263725281 37.28533650934696 10.199999809265137
      vertex -70.3608729839325 37.69944669306278 10.199999809265137
    endloop
  endfacet
  facet normal -0.9914445474057189 -0.13052857702231127 0
    outer loop
      vertex -70.41539263725281 38.1135568767786 3.3000001907348633
      vertex -70.3608729839325 37.69944669306278 10.199999809265137
      vertex -70.41539263725281 38.1135568767786 10.199999809265137
    endloop
  endfacet
  facet normal -0.7933550758191681 -0.6087591672180074 0
    outer loop
      vertex -70.82950091362 38.830817237496376 3.3000001907348633
      vertex -70.57523226737976 38.49944593012333 10.199999809265137
      vertex -70.82950091362 38.830817237496376 10.199999809265137
    endloop
  endfacet
  facet normal -0.9238802514447444 -0.3826816967015746 0
    outer loop
      vertex -70.57523226737976 38.49944593012333 3.3000001907348633
      vertex -70.41539263725281 38.1135568767786 10.199999809265137
      vertex -70.57523226737976 38.49944593012333 10.199999809265137
    endloop
  endfacet
  facet normal 0.13052574173154993 -0.9914449206816427 0
    outer loop
      vertex -72.37498354911804 39.244927421212196 3.3000001907348633
      vertex -71.96087145805359 39.29944612085819 10.199999809265137
      vertex -72.37498354911804 39.244927421212196 10.199999809265137
    endloop
  endfacet
  facet normal -0.13052692362797647 -0.991444765081856 0
    outer loop
      vertex -71.96087145805359 39.29944612085819 3.3000001907348633
      vertex -71.5467631816864 39.244927421212196 10.199999809265137
      vertex -71.96087145805359 39.29944612085819 10.199999809265137
    endloop
  endfacet
  facet normal -0.3826820310830478 -0.9238801129400682 0
    outer loop
      vertex -71.5467631816864 39.244927421212196 3.3000001907348633
      vertex -71.16087222099304 39.08508683741093 10.199999809265137
      vertex -71.5467631816864 39.244927421212196 10.199999809265137
    endloop
  endfacet
  facet normal -0.1736500507788057 0.9848074227302097 0
    outer loop
      vertex -118.72712922096252 38.59204389154911 3.3000001907348633
      vertex -118.72712922096252 38.59204389154911 10.199999809265137
      vertex -28.35614275932312 54.52706430852413 10.199999809265137
    endloop
  endfacet
  facet normal 0.9848074129932115 0.17365010599944392 0
    outer loop
      vertex -64.63191103935242 45.08431626856327 3.3000001907348633
      vertex -64.63191103935242 45.08431626856327 10.199999809265137
      vertex -62.54810976982117 33.266627326607704 10.199999809265137
    endloop
  endfacet
  facet normal 0 0 1
    outer loop
      vertex -122.78290915489197 32.799716010689735 10.199999809265137
      vertex -119.82849097251892 33.320691123604774 10.199999809265137
      vertex -122.85266613960266 33.91719152033329 10.199999809265137
    endloop
  endfacet
  facet normal 0 0 1
    outer loop
      vertex -122.85266613960266 33.91719152033329 10.199999809265137
      vertex -119.82849097251892 33.320691123604774 10.199999809265137
      vertex -119.85126996040344 33.84230138361454 10.199999809265137
    endloop
  endfacet
  facet normal 0 0 1
    outer loop
      vertex -122.85266613960266 33.91719152033329 10.199999809265137
      vertex -119.85126996040344 33.84230138361454 10.199999809265137
      vertex -119.73826956748962 34.35203267633915 10.199999809265137
    endloop
  endfacet
  facet normal 0 0 1
    outer loop
      vertex -122.85266613960266 33.91719152033329 10.199999809265137
      vertex -119.73826956748962 34.35203267633915 10.199999809265137
      vertex -122.67201089859009 35.02217198908329 10.199999809265137
    endloop
  endfacet
  facet normal 0 0 1
    outer loop
      vertex -122.67201089859009 35.02217198908329 10.199999809265137
      vertex -119.14446139335632 35.20008946955204 10.199999809265137
      vertex -122.25000309944153 36.05924893915653 10.199999809265137
    endloop
  endfacet
  facet normal 0 0 1
    outer loop
      vertex -122.67201089859009 35.02217198908329 10.199999809265137
      vertex -119.73826956748962 34.35203267633915 10.199999809265137
      vertex -119.49719023704529 34.815150275826454 10.199999809265137
    endloop
  endfacet
  facet normal 0 0 1
    outer loop
      vertex -122.67201089859009 35.02217198908329 10.199999809265137
      vertex -119.49719023704529 34.815150275826454 10.199999809265137
      vertex -119.14446139335632 35.20008946955204 10.199999809265137
    endloop
  endfacet
  facet normal 0 0 1
    outer loop
      vertex -119.14446139335632 35.20008946955204 10.199999809265137
      vertex -118.70412182807922 35.48062039911747 10.199999809265137
      vertex -122.25000309944153 36.05924893915653 10.199999809265137
    endloop
  endfacet
  facet normal 0 0 1
    outer loop
      vertex -122.25000309944153 36.05924893915653 10.199999809265137
      vertex -118.70412182807922 35.48062039911747 10.199999809265137
      vertex -121.60780310630798 36.97641660273075 10.199999809265137
    endloop
  endfacet
  facet normal 0 0 1
    outer loop
      vertex -121.60780310630798 36.97641660273075 10.199999809265137
      vertex -118.70412182807922 35.48062039911747 10.199999809265137
      vertex -118.20617938041687 35.6376218944788 10.199999809265137
    endloop
  endfacet
  facet normal 0 0 1
    outer loop
      vertex -121.60780310630798 36.97641660273075 10.199999809265137
      vertex -118.20617938041687 35.6376218944788 10.199999809265137
      vertex -120.77761483192444 37.72768498957157 10.199999809265137
    endloop
  endfacet
  facet normal 0 0 1
    outer loop
      vertex -118.20617938041687 35.6376218944788 10.199999809265137
      vertex -119.8010675907135 38.27538205683231 10.199999809265137
      vertex -120.77761483192444 37.72768498957157 10.199999809265137
    endloop
  endfacet
  facet normal 0 0 1
    outer loop
      vertex -118.20617938041687 35.6376218944788 10.199999809265137
      vertex -118.72712922096252 38.59204389154911 10.199999809265137
      vertex -119.8010675907135 38.27538205683231 10.199999809265137
    endloop
  endfacet
  facet normal 0 0 1
    outer loop
      vertex -118.20617938041687 35.6376218944788 10.199999809265137
      vertex -81.37363696098328 42.132265105843544 10.199999809265137
      vertex -118.72712922096252 38.59204389154911 10.199999809265137
    endloop
  endfacet
  facet normal 0 0 1
    outer loop
      vertex -79.28980898857117 30.314436927437782 10.199999809265137
      vertex -73.50635409355164 37.28533650934696 10.199999809265137
      vertex -81.37363696098328 42.132265105843544 10.199999809265137
    endloop
  endfacet
  facet normal 0 0 1
    outer loop
      vertex -79.28980898857117 30.314436927437782 10.199999809265137
      vertex -62.54810976982117 33.266627326607704 10.199999809265137
      vertex -71.96087145805359 36.099446311593056 10.199999809265137
    endloop
  endfacet
  facet normal 0 0 1
    outer loop
      vertex -79.28980898857117 30.314436927437782 10.199999809265137
      vertex -72.76087069511414 36.31380559504032 10.199999809265137
      vertex -73.09224200248718 36.56807614862919 10.199999809265137
    endloop
  endfacet
  facet normal 0 0 1
    outer loop
      vertex -79.28980898857117 30.314436927437782 10.199999809265137
      vertex -73.34651446342468 36.8994455486536 10.199999809265137
      vertex -73.50635409355164 37.28533650934696 10.199999809265137
    endloop
  endfacet
  facet normal 0 0 1
    outer loop
      vertex -79.28980898857117 30.314436927437782 10.199999809265137
      vertex -73.09224200248718 36.56807614862919 10.199999809265137
      vertex -73.34651446342468 36.8994455486536 10.199999809265137
    endloop
  endfacet
  facet normal 0 0 1
    outer loop
      vertex -79.28980898857117 30.314436927437782 10.199999809265137
      vertex -72.37498354911804 36.153964057564735 10.199999809265137
      vertex -72.76087069511414 36.31380559504032 10.199999809265137
    endloop
  endfacet
  facet normal 0 0 1
    outer loop
      vertex -79.28980898857117 30.314436927437782 10.199999809265137
      vertex -71.96087145805359 36.099446311593056 10.199999809265137
      vertex -72.37498354911804 36.153964057564735 10.199999809265137
    endloop
  endfacet
  facet normal 0 0 1
    outer loop
      vertex -73.50635409355164 37.28533650934696 10.199999809265137
      vertex -73.56087374687195 37.69944669306278 10.199999809265137
      vertex -81.37363696098328 42.132265105843544 10.199999809265137
    endloop
  endfacet
  facet normal 0 0 1
    outer loop
      vertex -73.56087374687195 37.69944669306278 10.199999809265137
      vertex -73.50635409355164 38.1135568767786 10.199999809265137
      vertex -81.37363696098328 42.132265105843544 10.199999809265137
    endloop
  endfacet
  facet normal 0 0 1
    outer loop
      vertex -73.50635409355164 38.1135568767786 10.199999809265137
      vertex -73.34651446342468 38.49944593012333 10.199999809265137
      vertex -81.37363696098328 42.132265105843544 10.199999809265137
    endloop
  endfacet
  facet normal 0 0 1
    outer loop
      vertex -73.34651446342468 38.49944593012333 10.199999809265137
      vertex -73.09224200248718 38.830817237496376 10.199999809265137
      vertex -81.37363696098328 42.132265105843544 10.199999809265137
    endloop
  endfacet
  facet normal 0 0 1
    outer loop
      vertex -73.09224200248718 38.830817237496376 10.199999809265137
      vertex -72.76087069511414 39.08508683741093 10.199999809265137
      vertex -81.37363696098328 42.132265105843544 10.199999809265137
    endloop
  endfacet
  facet normal 0 0 1
    outer loop
      vertex -72.76087069511414 39.08508683741093 10.199999809265137
      vertex -72.37498354911804 39.244927421212196 10.199999809265137
      vertex -81.37363696098328 42.132265105843544 10.199999809265137
    endloop
  endfacet
  facet normal 0 0 1
    outer loop
      vertex -72.37498354911804 39.244927421212196 10.199999809265137
      vertex -71.96087145805359 39.29944612085819 10.199999809265137
      vertex -81.37363696098328 42.132265105843544 10.199999809265137
    endloop
  endfacet
  facet normal 0 0 1
    outer loop
      vertex -62.54810976982117 33.266627326607704 10.199999809265137
      vertex -71.5467631816864 36.153964057564735 10.199999809265137
      vertex -71.96087145805359 36.099446311593056 10.199999809265137
    endloop
  endfacet
  facet normal 0 0 1
    outer loop
      vertex -62.54810976982117 33.266627326607704 10.199999809265137
      vertex -71.16087222099304 36.31380559504032 10.199999809265137
      vertex -71.5467631816864 36.153964057564735 10.199999809265137
    endloop
  endfacet
  facet normal 0 0 1
    outer loop
      vertex -62.54810976982117 33.266627326607704 10.199999809265137
      vertex -70.82950091362 36.56807614862919 10.199999809265137
      vertex -71.16087222099304 36.31380559504032 10.199999809265137
    endloop
  endfacet
  facet normal 0 0 1
    outer loop
      vertex -62.54810976982117 33.266627326607704 10.199999809265137
      vertex -70.57523226737976 36.8994455486536 10.199999809265137
      vertex -70.82950091362 36.56807614862919 10.199999809265137
    endloop
  endfacet
  facet normal 0 0 1
    outer loop
      vertex -62.54810976982117 33.266627326607704 10.199999809265137
      vertex -70.41539263725281 37.28533650934696 10.199999809265137
      vertex -70.57523226737976 36.8994455486536 10.199999809265137
    endloop
  endfacet
  facet normal 0 0 1
    outer loop
      vertex -62.54810976982117 33.266627326607704 10.199999809265137
      vertex -70.3608729839325 37.69944669306278 10.199999809265137
      vertex -70.41539263725281 37.28533650934696 10.199999809265137
    endloop
  endfacet
  facet normal 0 0 1
    outer loop
      vertex -62.54810976982117 33.266627326607704 10.199999809265137
      vertex -70.41539263725281 38.1135568767786 10.199999809265137
      vertex -70.3608729839325 37.69944669306278 10.199999809265137
    endloop
  endfacet
  facet normal 0 0 1
    outer loop
      vertex -62.54810976982117 33.266627326607704 10.199999809265137
      vertex -64.63191103935242 45.08431626856327 10.199999809265137
      vertex -70.41539263725281 38.1135568767786 10.199999809265137
    endloop
  endfacet
  facet normal 0 0 1
    outer loop
      vertex -70.57523226737976 38.49944593012333 10.199999809265137
      vertex -64.63191103935242 45.08431626856327 10.199999809265137
      vertex -70.82950091362 38.830817237496376 10.199999809265137
    endloop
  endfacet
  facet normal 0 0 1
    outer loop
      vertex -70.41539263725281 38.1135568767786 10.199999809265137
      vertex -64.63191103935242 45.08431626856327 10.199999809265137
      vertex -70.57523226737976 38.49944593012333 10.199999809265137
    endloop
  endfacet
  facet normal 0 0 1
    outer loop
      vertex -118.72712922096252 38.59204389154911 10.199999809265137
      vertex -81.37363696098328 42.132265105843544 10.199999809265137
      vertex -64.63191103935242 45.08431626856327 10.199999809265137
    endloop
  endfacet
  facet normal 0 0 1
    outer loop
      vertex -71.96087145805359 39.29944612085819 10.199999809265137
      vertex -64.63191103935242 45.08431626856327 10.199999809265137
      vertex -81.37363696098328 42.132265105843544 10.199999809265137
    endloop
  endfacet
  facet normal 0 0 1
    outer loop
      vertex -71.96087145805359 39.29944612085819 10.199999809265137
      vertex -71.5467631816864 39.244927421212196 10.199999809265137
      vertex -64.63191103935242 45.08431626856327 10.199999809265137
    endloop
  endfacet
  facet normal 0 0 1
    outer loop
      vertex -71.16087222099304 39.08508683741093 10.199999809265137
      vertex -64.63191103935242 45.08431626856327 10.199999809265137
      vertex -71.5467631816864 39.244927421212196 10.199999809265137
    endloop
  endfacet
  facet normal 0 0 1
    outer loop
      vertex -118.72712922096252 38.59204389154911 10.199999809265137
      vertex -64.63191103935242 45.08431626856327 10.199999809265137
      vertex -28.35614275932312 54.52706430852413 10.199999809265137
    endloop
  endfacet
  facet normal 0 0 1
    outer loop
      vertex -71.16087222099304 39.08508683741093 10.199999809265137
      vertex -70.82950091362 38.830817237496376 10.199999809265137
      vertex -64.63191103935242 45.08431626856327 10.199999809265137
    endloop
  endfacet
  facet normal 0.17365004570913165 -0.9848074236241401 0
    outer loop
      vertex -28.093676328659058 51.527064338326454 3.3000001907348633
      vertex -28.093676328659058 51.527064338326454 10.199999809265137
      vertex -64.63191103935242 45.08431626856327 10.199999809265137
    endloop
  endfacet
  facet normal -1 0 0
    outer loop
      vertex -4.499712705612183 40.527064338326454 3.3000001907348633
      vertex -4.499712705612183 40.527064338326454 10.199999809265137
      vertex -4.499712705612183 51.527064338326454 10.199999809265137
    endloop
  endfacet
  facet normal 0.35447201156719116 0.9350666249072892 0
    outer loop
      vertex -0.7436931133270264 44.110236182808876 3.3000001907348633
      vertex -0.7436931133270264 44.110236182808876 10.199999809265137
      vertex -0.3829829692840576 43.9734954982996 10.199999809265137
    endloop
  endfacet
  facet normal 0.567964938216461 0.8230527498020838 0
    outer loop
      vertex -1.0611979961395264 44.32933713495731 3.3000001907348633
      vertex -1.0611979961395264 44.32933713495731 10.199999809265137
      vertex -0.7436931133270264 44.110236182808876 10.199999809265137
    endloop
  endfacet
  facet normal 0.12036082502135166 0.9927302109839207 0
    outer loop
      vertex -0.000017881393432617188 43.92706395685673 3.3000001907348633
      vertex -0.3829829692840576 43.9734954982996 10.199999809265137
      vertex -0.000017881393432617188 43.92706395685673 10.199999809265137
    endloop
  endfacet
  facet normal 0.7484482814354885 0.6631931619191077 0
    outer loop
      vertex -1.3170344829559326 44.618062034249306 3.3000001907348633
      vertex -1.3170344829559326 44.618062034249306 10.199999809265137
      vertex -1.0611979961395264 44.32933713495731 10.199999809265137
    endloop
  endfacet
  facet normal 0.8854314257813477 0.4647700401691247 0
    outer loop
      vertex -1.4963252544403076 44.959628120064735 3.3000001907348633
      vertex -1.4963252544403076 44.959628120064735 10.199999809265137
      vertex -1.3170344829559326 44.618062034249306 10.199999809265137
    endloop
  endfacet
  facet normal 0.9709344611822738 0.23934550776792893 0
    outer loop
      vertex -1.5886561870574951 45.334179893136024 3.3000001907348633
      vertex -1.5886561870574951 45.334179893136024 10.199999809265137
      vertex -1.4963252544403076 44.959628120064735 10.199999809265137
    endloop
  endfacet
  facet normal 1 0 0
    outer loop
      vertex -1.5886561870574951 45.719943061470985 3.3000001907348633
      vertex -1.5886561870574951 45.719943061470985 10.199999809265137
      vertex -1.5886561870574951 45.334179893136024 10.199999809265137
    endloop
  endfacet
  facet normal 0.9709390570600305 -0.23932686325479427 0
    outer loop
      vertex -1.4963328838348389 46.094494834542274 3.3000001907348633
      vertex -1.4963328838348389 46.094494834542274 10.199999809265137
      vertex -1.5886561870574951 45.719943061470985 10.199999809265137
    endloop
  endfacet
  facet normal 0.8854232868652461 -0.46478554525366234 0
    outer loop
      vertex -1.3170344829559326 46.436060920357704 3.3000001907348633
      vertex -1.3170344829559326 46.436060920357704 10.199999809265137
      vertex -1.4963328838348389 46.094494834542274 10.199999809265137
    endloop
  endfacet
  facet normal 0.7484602728569913 -0.6631796287242531 0
    outer loop
      vertex -1.0612056255340576 46.72478772699833 3.3000001907348633
      vertex -1.0612056255340576 46.72478772699833 10.199999809265137
      vertex -1.3170344829559326 46.436060920357704 10.199999809265137
    endloop
  endfacet
  facet normal 0.5679674502334708 -0.8230510163260172 0
    outer loop
      vertex -0.7437007427215576 46.94389010965824 3.3000001907348633
      vertex -0.7437007427215576 46.94389010965824 10.199999809265137
      vertex -1.0612056255340576 46.72478772699833 10.199999809265137
    endloop
  endfacet
  facet normal 0.35446761782514946 -0.9350682905078986 0
    outer loop
      vertex -0.3829829692840576 47.080631747841835 3.3000001907348633
      vertex -0.3829829692840576 47.080631747841835 10.199999809265137
      vertex -0.7437007427215576 46.94389010965824 10.199999809265137
    endloop
  endfacet
  facet normal 0.12036562451489528 -0.9927296290708459 0
    outer loop
      vertex -0.3829829692840576 47.080631747841835 3.3000001907348633
      vertex -0.000025510787963867188 47.12706424295902 10.199999809265137
      vertex -0.3829829692840576 47.080631747841835 10.199999809265137
    endloop
  endfacet
  facet normal 0 -1 0
    outer loop
      vertex -4.499712705612183 51.527064338326454 3.3000001907348633
      vertex -4.499712705612183 51.527064338326454 10.199999809265137
      vertex -28.093676328659058 51.527064338326454 10.199999809265137
    endloop
  endfacet
  facet normal 0 1 0
    outer loop
      vertex -28.35614275932312 54.52706430852413 3.3000001907348633
      vertex -28.35614275932312 54.52706430852413 10.199999809265137
      vertex 28.3566792011261 54.52706430852413 10.199999809265137
    endloop
  endfacet
  facet normal 0 0 1
    outer loop
      vertex -64.63191103935242 45.08431626856327 10.199999809265137
      vertex -28.093676328659058 51.527064338326454 10.199999809265137
      vertex -28.35614275932312 54.52706430852413 10.199999809265137
    endloop
  endfacet
  facet normal 0 0 1
    outer loop
      vertex -28.093676328659058 51.527064338326454 10.199999809265137
      vertex -4.499712705612183 51.527064338326454 10.199999809265137
      vertex -28.35614275932312 54.52706430852413 10.199999809265137
    endloop
  endfacet
  facet normal 0 0 1
    outer loop
      vertex -4.499712705612183 40.527064338326454 10.199999809265137
      vertex -0.7436931133270264 44.110236182808876 10.199999809265137
      vertex -1.0611979961395264 44.32933713495731 10.199999809265137
    endloop
  endfacet
  facet normal 0 0 1
    outer loop
      vertex -4.499712705612183 40.527064338326454 10.199999809265137
      vertex -1.3170344829559326 44.618062034249306 10.199999809265137
      vertex -1.4963252544403076 44.959628120064735 10.199999809265137
    endloop
  endfacet
  facet normal 0 0 1
    outer loop
      vertex -4.499712705612183 40.527064338326454 10.199999809265137
      vertex -1.0611979961395264 44.32933713495731 10.199999809265137
      vertex -1.3170344829559326 44.618062034249306 10.199999809265137
    endloop
  endfacet
  facet normal 0 0 1
    outer loop
      vertex -4.499712705612183 40.527064338326454 10.199999809265137
      vertex -1.4963252544403076 44.959628120064735 10.199999809265137
      vertex -1.5886561870574951 45.334179893136024 10.199999809265137
    endloop
  endfacet
  facet normal 0 0 1
    outer loop
      vertex -4.499712705612183 40.527064338326454 10.199999809265137
      vertex -1.5886561870574951 45.334179893136024 10.199999809265137
      vertex -1.5886561870574951 45.719943061470985 10.199999809265137
    endloop
  endfacet
  facet normal 0 0 1
    outer loop
      vertex -4.499712705612183 40.527064338326454 10.199999809265137
      vertex -0.000017881393432617188 43.92706395685673 10.199999809265137
      vertex -0.3829829692840576 43.9734954982996 10.199999809265137
    endloop
  endfacet
  facet normal 0 0 1
    outer loop
      vertex -4.499712705612183 40.527064338326454 10.199999809265137
      vertex -0.3829829692840576 43.9734954982996 10.199999809265137
      vertex -0.7436931133270264 44.110236182808876 10.199999809265137
    endloop
  endfacet
  facet normal 0 0 1
    outer loop
      vertex -4.499712705612183 40.527064338326454 10.199999809265137
      vertex -1.5886561870574951 45.719943061470985 10.199999809265137
      vertex -4.499712705612183 51.527064338326454 10.199999809265137
    endloop
  endfacet
  facet normal 0 0 1
    outer loop
      vertex -1.5886561870574951 45.719943061470985 10.199999809265137
      vertex -1.4963328838348389 46.094494834542274 10.199999809265137
      vertex -4.499712705612183 51.527064338326454 10.199999809265137
    endloop
  endfacet
  facet normal 0 0 1
    outer loop
      vertex -1.4963328838348389 46.094494834542274 10.199999809265137
      vertex -1.3170344829559326 46.436060920357704 10.199999809265137
      vertex -4.499712705612183 51.527064338326454 10.199999809265137
    endloop
  endfacet
  facet normal 0 0 1
    outer loop
      vertex -1.3170344829559326 46.436060920357704 10.199999809265137
      vertex -1.0612056255340576 46.72478772699833 10.199999809265137
      vertex -4.499712705612183 51.527064338326454 10.199999809265137
    endloop
  endfacet
  facet normal 0 0 1
    outer loop
      vertex -1.0612056255340576 46.72478772699833 10.199999809265137
      vertex -0.7437007427215576 46.94389010965824 10.199999809265137
      vertex -4.499712705612183 51.527064338326454 10.199999809265137
    endloop
  endfacet
  facet normal 0 0 1
    outer loop
      vertex -0.7437007427215576 46.94389010965824 10.199999809265137
      vertex -0.3829829692840576 47.080631747841835 10.199999809265137
      vertex -4.499712705612183 51.527064338326454 10.199999809265137
    endloop
  endfacet
  facet normal 0 0 1
    outer loop
      vertex -0.3829829692840576 47.080631747841835 10.199999809265137
      vertex -0.000025510787963867188 47.12706424295902 10.199999809265137
      vertex -4.499712705612183 51.527064338326454 10.199999809265137
    endloop
  endfacet
  facet normal 0 0 1
    outer loop
      vertex -28.35614275932312 54.52706430852413 10.199999809265137
      vertex -4.499712705612183 51.527064338326454 10.199999809265137
      vertex 28.3566792011261 54.52706430852413 10.199999809265137
    endloop
  endfacet
  facet normal 0 0 -1
    outer loop
      vertex 20 -41.41546915471554 3.3000001907348633
      vertex 27 -40 3.3000001907348633
      vertex 28.35686230659485 -41.41546915471554 3.3000001907348633
    endloop
  endfacet
  facet normal 0 0 -1
    outer loop
      vertex 20 -41.41546915471554 3.3000001907348633
      vertex 20 -40 3.3000001907348633
      vertex 27 -40 3.3000001907348633
    endloop
  endfacet
  facet normal 0 0 -1
    outer loop
      vertex 28.35686230659485 -41.41546915471554 3.3000001907348633
      vertex 27 -40 3.3000001907348633
      vertex 28.61931347846985 -38.41546915471554 3.3000001907348633
    endloop
  endfacet
  facet normal 0 0 -1
    outer loop
      vertex 27 -40 3.3000001907348633
      vertex 27 -38.41546915471554 3.3000001907348633
      vertex 28.61931347846985 -38.41546915471554 3.3000001907348633
    endloop
  endfacet
  facet normal 0 0 -1
    outer loop
      vertex 28.35686230659485 -41.41546915471554 3.3000001907348633
      vertex 28.61931347846985 -38.41546915471554 3.3000001907348633
      vertex 86.0987446308136 -48.55053232610226 3.3000001907348633
    endloop
  endfacet
  facet normal 0 -1 0
    outer loop
      vertex 20 -41.41546915471554 3.3000001907348633
      vertex 28.35686230659485 -41.41546915471554 3.3000001907348633
      vertex 28.35686230659485 -41.41546915471554 10.199999809265137
    endloop
  endfacet
  facet normal 0 1 0
    outer loop
      vertex 27 -38.41546915471554 3.3000001907348633
      vertex 27 -38.41546915471554 10.199999809265137
      vertex 28.61931347846985 -38.41546915471554 3.3000001907348633
    endloop
  endfacet
  facet normal -0.17364631892623622 -0.984808080756534 0
    outer loop
      vertex 28.35686230659485 -41.41546915471554 3.3000001907348633
      vertex 102.31946301460266 -54.45692728459835 3.3000001907348633
      vertex 28.35686230659485 -41.41546915471554 10.199999809265137
    endloop
  endfacet
  facet normal 0 0 -1
    outer loop
      vertex 14 -27.5 3.3000001907348633
      vertex 14 -23.415469154715538 3.3000001907348633
      vertex 20.00041699409485 -27.5 3.3000001907348633
    endloop
  endfacet
  facet normal 0 0 -1
    outer loop
      vertex 20.00041699409485 -27.5 3.3000001907348633
      vertex 14 -23.415469154715538 3.3000001907348633
      vertex 20.00041699409485 -23.415469154715538 3.3000001907348633
    endloop
  endfacet
  facet normal 1 0 0
    outer loop
      vertex 20.00041699409485 -27.5 3.3000001907348633
      vertex 20.00041699409485 -23.415469154715538 3.3000001907348633
      vertex 20.00041699409485 -23.415469154715538 10.199999809265137
    endloop
  endfacet
  facet normal 0 1 0
    outer loop
      vertex 14 -23.415469154715538 3.3000001907348633
      vertex 20.00041699409485 -23.415469154715538 10.199999809265137
      vertex 20.00041699409485 -23.415469154715538 3.3000001907348633
    endloop
  endfacet
  facet normal 0 0 -1
    outer loop
      vertex 28.35686230659485 -41.41546915471554 3.3000001907348633
      vertex 86.0987446308136 -48.55053232610226 3.3000001907348633
      vertex 102.31946301460266 -54.45692728459835 3.3000001907348633
    endloop
  endfacet
  facet normal 0 0 -1
    outer loop
      vertex 86.0987446308136 -48.55053232610226 3.3000001907348633
      vertex 88.18250012397766 -36.732829079031944 3.3000001907348633
      vertex 98.55742383003235 -44.0990781635046 3.3000001907348633
    endloop
  endfacet
  facet normal 0 0 -1
    outer loop
      vertex 86.0987446308136 -48.55053232610226 3.3000001907348633
      vertex 99.52896618843079 -46.444560036063194 3.3000001907348633
      vertex 102.31946301460266 -54.45692728459835 3.3000001907348633
    endloop
  endfacet
  facet normal 0 0 -1
    outer loop
      vertex 102.31946301460266 -54.45692728459835 3.3000001907348633
      vertex 104.54189038276672 -54.34600351750851 3.3000001907348633
      vertex 103.43692517280579 -54.52666758000851 3.3000001907348633
    endloop
  endfacet
  facet normal 0 0 -1
    outer loop
      vertex 102.31946301460266 -54.45692728459835 3.3000001907348633
      vertex 105.57895398139954 -53.923998817801476 3.3000001907348633
      vertex 104.54189038276672 -54.34600351750851 3.3000001907348633
    endloop
  endfacet
  facet normal 0 0 -1
    outer loop
      vertex 102.31946301460266 -54.45692728459835 3.3000001907348633
      vertex 106.49611401557922 -53.28180216252804 3.3000001907348633
      vertex 105.57895398139954 -53.923998817801476 3.3000001907348633
    endloop
  endfacet
  facet normal 0 0 -1
    outer loop
      vertex 102.31946301460266 -54.45692728459835 3.3000001907348633
      vertex 107.24736523628235 -52.4516172260046 3.3000001907348633
      vertex 106.49611401557922 -53.28180216252804 3.3000001907348633
    endloop
  endfacet
  facet normal 0 0 -1
    outer loop
      vertex 102.31946301460266 -54.45692728459835 3.3000001907348633
      vertex 107.79506421089172 -51.475085243582726 3.3000001907348633
      vertex 107.24736523628235 -52.4516172260046 3.3000001907348633
    endloop
  endfacet
  facet normal 0 0 -1
    outer loop
      vertex 102.31946301460266 -54.45692728459835 3.3000001907348633
      vertex 99.94307446479797 -46.499072059988976 3.3000001907348633
      vertex 107.79506421089172 -51.475085243582726 3.3000001907348633
    endloop
  endfacet
  facet normal 0 0 -1
    outer loop
      vertex 102.31946301460266 -54.45692728459835 3.3000001907348633
      vertex 99.52896618843079 -46.444560036063194 3.3000001907348633
      vertex 99.94307446479797 -46.499072059988976 3.3000001907348633
    endloop
  endfacet
  facet normal 0 0 -1
    outer loop
      vertex 99.94307446479797 -46.499072059988976 3.3000001907348633
      vertex 100.35718274116516 -46.44455240666866 3.3000001907348633
      vertex 108.11171460151672 -50.40115641057491 3.3000001907348633
    endloop
  endfacet
  facet normal 0 0 -1
    outer loop
      vertex 99.94307446479797 -46.499072059988976 3.3000001907348633
      vertex 108.11171460151672 -50.40115641057491 3.3000001907348633
      vertex 107.79506421089172 -51.475085243582726 3.3000001907348633
    endloop
  endfacet
  facet normal 0 0 -1
    outer loop
      vertex 86.0987446308136 -48.55053232610226 3.3000001907348633
      vertex 99.14307141304016 -46.284716591238976 3.3000001907348633
      vertex 99.52896618843079 -46.444560036063194 3.3000001907348633
    endloop
  endfacet
  facet normal 0 0 -1
    outer loop
      vertex 86.0987446308136 -48.55053232610226 3.3000001907348633
      vertex 98.81171154975891 -46.03045175969601 3.3000001907348633
      vertex 99.14307141304016 -46.284716591238976 3.3000001907348633
    endloop
  endfacet
  facet normal 0 0 -1
    outer loop
      vertex 86.0987446308136 -48.55053232610226 3.3000001907348633
      vertex 98.55743908882141 -45.699076637625694 3.3000001907348633
      vertex 98.81171154975891 -46.03045175969601 3.3000001907348633
    endloop
  endfacet
  facet normal 0 0 -1
    outer loop
      vertex 86.0987446308136 -48.55053232610226 3.3000001907348633
      vertex 98.39758801460266 -45.3131894916296 3.3000001907348633
      vertex 98.55743908882141 -45.699076637625694 3.3000001907348633
    endloop
  endfacet
  facet normal 0 0 -1
    outer loop
      vertex 86.0987446308136 -48.55053232610226 3.3000001907348633
      vertex 98.34306836128235 -44.89908121526241 3.3000001907348633
      vertex 98.39758801460266 -45.3131894916296 3.3000001907348633
    endloop
  endfacet
  facet normal 0 0 -1
    outer loop
      vertex 86.0987446308136 -48.55053232610226 3.3000001907348633
      vertex 98.39758801460266 -44.484965309500694 3.3000001907348633
      vertex 98.34306836128235 -44.89908121526241 3.3000001907348633
    endloop
  endfacet
  facet normal 0 0 -1
    outer loop
      vertex 86.0987446308136 -48.55053232610226 3.3000001907348633
      vertex 98.55742383003235 -44.0990781635046 3.3000001907348633
      vertex 98.39758801460266 -44.484965309500694 3.3000001907348633
    endloop
  endfacet
  facet normal 0 0 -1
    outer loop
      vertex 88.18250012397766 -36.732829079031944 3.3000001907348633
      vertex 98.81169629096985 -43.76771067082882 3.3000001907348633
      vertex 98.55742383003235 -44.0990781635046 3.3000001907348633
    endloop
  endfacet
  facet normal 0 0 -1
    outer loop
      vertex 88.18250012397766 -36.732829079031944 3.3000001907348633
      vertex 99.14307141304016 -43.51343820989132 3.3000001907348633
      vertex 98.81169629096985 -43.76771067082882 3.3000001907348633
    endloop
  endfacet
  facet normal 0 0 -1
    outer loop
      vertex 88.18250012397766 -36.732829079031944 3.3000001907348633
      vertex 99.52895092964172 -43.3535947650671 3.3000001907348633
      vertex 99.14307141304016 -43.51343820989132 3.3000001907348633
    endloop
  endfacet
  facet normal 0 0 -1
    outer loop
      vertex 88.18250012397766 -36.732829079031944 3.3000001907348633
      vertex 99.94307446479797 -43.29907511174679 3.3000001907348633
      vertex 99.52895092964172 -43.3535947650671 3.3000001907348633
    endloop
  endfacet
  facet normal 0 0 -1
    outer loop
      vertex 100.35718274116516 -46.44455240666866 3.3000001907348633
      vertex 100.74307751655579 -46.284708961844444 3.3000001907348633
      vertex 108.11171460151672 -50.40115641057491 3.3000001907348633
    endloop
  endfacet
  facet normal 0 0 -1
    outer loop
      vertex 100.74307751655579 -46.284708961844444 3.3000001907348633
      vertex 101.0744526386261 -46.030436500906944 3.3000001907348633
      vertex 108.11171460151672 -50.40115641057491 3.3000001907348633
    endloop
  endfacet
  facet normal 0 0 -1
    outer loop
      vertex 101.0744526386261 -46.030436500906944 3.3000001907348633
      vertex 101.12385824542051 -45.96604732369091 3.3000001907348633
      vertex 108.11171460151672 -50.40115641057491 3.3000001907348633
    endloop
  endfacet
  facet normal 0 0 -1
    outer loop
      vertex 101.12385824542051 -45.96604732369091 3.3000001907348633
      vertex 101.12990137250318 -45.961048014189466 3.3000001907348633
      vertex 108.11171460151672 -50.40115641057491 3.3000001907348633
    endloop
  endfacet
  facet normal 0 0 -1
    outer loop
      vertex 101.16924956336715 -45.90688987568106 3.3000001907348633
      vertex 108.11171460151672 -50.40115641057491 3.3000001907348633
      vertex 101.12990137250318 -45.961048014189466 3.3000001907348633
    endloop
  endfacet
  facet normal 0 0 -1
    outer loop
      vertex 101.16924956336715 -45.90688987568106 3.3000001907348633
      vertex 101.32870984077454 -45.69906900823116 3.3000001907348633
      vertex 108.11171460151672 -50.40115641057491 3.3000001907348633
    endloop
  endfacet
  facet normal 0 0 -1
    outer loop
      vertex 101.33994413601042 -45.67194895197231 3.3000001907348633
      vertex 101.35827535406798 -45.646718194857655 3.3000001907348633
      vertex 108.11171460151672 -50.40115641057491 3.3000001907348633
    endloop
  endfacet
  facet normal 0 0 -1
    outer loop
      vertex 101.32870984077454 -45.69906900823116 3.3000001907348633
      vertex 101.33994413601042 -45.67194895197231 3.3000001907348633
      vertex 108.11171460151672 -50.40115641057491 3.3000001907348633
    endloop
  endfacet
  facet normal 0 0 -1
    outer loop
      vertex 101.35827535406798 -45.646718194857655 3.3000001907348633
      vertex 101.50130389974937 -45.285469325105524 3.3000001907348633
      vertex 108.11171460151672 -50.40115641057491 3.3000001907348633
    endloop
  endfacet
  facet normal 0 0 -1
    outer loop
      vertex 101.50130389974937 -45.285469325105524 3.3000001907348633
      vertex 101.55 -44.9 3.3000001907348633
      vertex 108.11171460151672 -50.40115641057491 3.3000001907348633
    endloop
  endfacet
  facet normal 0 0 -1
    outer loop
      vertex 101.55 -44.9 3.3000001907348633
      vertex 101.50130389974937 -44.51453067489447 3.3000001907348633
      vertex 108.11171460151672 -50.40115641057491 3.3000001907348633
    endloop
  endfacet
  facet normal 0 0 -1
    outer loop
      vertex 101.50130389974937 -44.51453067489447 3.3000001907348633
      vertex 106.89381909370422 -40.032267555594444 3.3000001907348633
      vertex 108.11171460151672 -50.40115641057491 3.3000001907348633
    endloop
  endfacet
  facet normal 0 0 -1
    outer loop
      vertex 101.32870984077454 -44.09907053411007 3.3000001907348633
      vertex 101.14392236208631 -43.85825022237986 3.3000001907348633
      vertex 106.89381909370422 -40.032267555594444 3.3000001907348633
    endloop
  endfacet
  facet normal 0 0 -1
    outer loop
      vertex 101.50130389974937 -44.51453067489447 3.3000001907348633
      vertex 101.35827535406798 -44.15328180514234 3.3000001907348633
      vertex 106.89381909370422 -40.032267555594444 3.3000001907348633
    endloop
  endfacet
  facet normal 0 0 -1
    outer loop
      vertex 101.34173417961122 -44.1305148316767 3.3000001907348633
      vertex 106.89381909370422 -40.032267555594444 3.3000001907348633
      vertex 101.35827535406798 -44.15328180514234 3.3000001907348633
    endloop
  endfacet
  facet normal 0 0 -1
    outer loop
      vertex 101.32870984077454 -44.09907053411007 3.3000001907348633
      vertex 106.89381909370422 -40.032267555594444 3.3000001907348633
      vertex 101.34173417961122 -44.1305148316767 3.3000001907348633
    endloop
  endfacet
  facet normal 0 0 -1
    outer loop
      vertex 99.94307446479797 -43.29907511174679 3.3000001907348633
      vertex 106.89381909370422 -40.032267555594444 3.3000001907348633
      vertex 100.35718274116516 -43.35358713567257 3.3000001907348633
    endloop
  endfacet
  facet normal 0 0 -1
    outer loop
      vertex 100.74306225776672 -43.51343058049679 3.3000001907348633
      vertex 100.35718274116516 -43.35358713567257 3.3000001907348633
      vertex 106.89381909370422 -40.032267555594444 3.3000001907348633
    endloop
  endfacet
  facet normal 0 0 -1
    outer loop
      vertex 100.74306225776672 -43.51343058049679 3.3000001907348633
      vertex 106.89381909370422 -40.032267555594444 3.3000001907348633
      vertex 101.07443737983704 -43.76769541203976 3.3000001907348633
    endloop
  endfacet
  facet normal 0 0 -1
    outer loop
      vertex 101.12774637942702 -43.837169220494864 3.3000001907348633
      vertex 101.07443737983704 -43.76769541203976 3.3000001907348633
      vertex 106.89381909370422 -40.032267555594444 3.3000001907348633
    endloop
  endfacet
  facet normal 0 0 -1
    outer loop
      vertex 101.12774637942702 -43.837169220494864 3.3000001907348633
      vertex 106.89381909370422 -40.032267555594444 3.3000001907348633
      vertex 101.12990137250318 -43.83895198581053 3.3000001907348633
    endloop
  endfacet
  facet normal 0 0 -1
    outer loop
      vertex 101.14392236208631 -43.85825022237986 3.3000001907348633
      vertex 101.12990137250318 -43.83895198581053 3.3000001907348633
      vertex 106.89381909370422 -40.032267555594444 3.3000001907348633
    endloop
  endfacet
  facet normal 0 0 -1
    outer loop
      vertex 88.18250012397766 -36.732829079031944 3.3000001907348633
      vertex 106.89381909370422 -40.032267555594444 3.3000001907348633
      vertex 99.94307446479797 -43.29907511174679 3.3000001907348633
    endloop
  endfacet
  facet normal 0.1736463269675596 0.9848080793386473 0
    outer loop
      vertex 28.61931347846985 -38.41546915471554 3.3000001907348633
      vertex 86.0987446308136 -48.55053232610226 10.199999809265137
      vertex 86.0987446308136 -48.55053232610226 3.3000001907348633
    endloop
  endfacet
  facet normal -0.9848081012905933 0.17364620247047355 0
    outer loop
      vertex 86.0987446308136 -48.55053232610226 3.3000001907348633
      vertex 88.18250012397766 -36.732829079031944 10.199999809265137
      vertex 88.18250012397766 -36.732829079031944 3.3000001907348633
    endloop
  endfacet
  facet normal -0.0622883494326423 -0.9980581954600429 0
    outer loop
      vertex 102.31946301460266 -54.45692728459835 3.3000001907348633
      vertex 103.43692517280579 -54.52666758000851 3.3000001907348633
      vertex 103.43692517280579 -54.52666758000851 10.199999809265137
    endloop
  endfacet
  facet normal 0.16135945736435262 -0.986895701439155 0
    outer loop
      vertex 103.43692517280579 -54.52666758000851 3.3000001907348633
      vertex 104.54189038276672 -54.34600351750851 3.3000001907348633
      vertex 103.43692517280579 -54.52666758000851 10.199999809265137
    endloop
  endfacet
  facet normal 0.3769117903640029 -0.9262491577780796 0
    outer loop
      vertex 104.54189038276672 -54.34600351750851 3.3000001907348633
      vertex 105.57895398139954 -53.923998817801476 3.3000001907348633
      vertex 104.54189038276672 -54.34600351750851 10.199999809265137
    endloop
  endfacet
  facet normal 0.5735730116609836 -0.8191544422721206 0
    outer loop
      vertex 105.57895398139954 -53.923998817801476 3.3000001907348633
      vertex 106.49611401557922 -53.28180216252804 3.3000001907348633
      vertex 105.57895398139954 -53.923998817801476 10.199999809265137
    endloop
  endfacet
  facet normal 0.7414773375618455 -0.6709779116201942 0
    outer loop
      vertex 106.49611401557922 -53.28180216252804 3.3000001907348633
      vertex 107.24736523628235 -52.4516172260046 3.3000001907348633
      vertex 106.49611401557922 -53.28180216252804 10.199999809265137
    endloop
  endfacet
  facet normal 0.8721855877914386 -0.489175122475482 0
    outer loop
      vertex 107.24736523628235 -52.4516172260046 3.3000001907348633
      vertex 107.79506421089172 -51.475085243582726 3.3000001907348633
      vertex 107.24736523628235 -52.4516172260046 10.199999809265137
    endloop
  endfacet
  facet normal 0.1305112130867278 0.9914468332990078 0
    outer loop
      vertex 99.52896618843079 -46.444560036063194 3.3000001907348633
      vertex 99.52896618843079 -46.444560036063194 10.199999809265137
      vertex 99.94307446479797 -46.499072059988976 3.3000001907348633
    endloop
  endfacet
  facet normal 0.3826846486796632 0.9238790286963564 0
    outer loop
      vertex 99.52896618843079 -46.444560036063194 3.3000001907348633
      vertex 99.14307141304016 -46.284716591238976 3.3000001907348633
      vertex 99.14307141304016 -46.284716591238976 10.199999809265137
    endloop
  endfacet
  facet normal 0.6087666516418879 0.7933493327965456 0
    outer loop
      vertex 98.81171154975891 -46.03045175969601 3.3000001907348633
      vertex 98.81171154975891 -46.03045175969601 10.199999809265137
      vertex 99.14307141304016 -46.284716591238976 3.3000001907348633
    endloop
  endfacet
  facet normal 0.7933540495169145 0.6087605047267054 0
    outer loop
      vertex 98.81171154975891 -46.03045175969601 3.3000001907348633
      vertex 98.55743908882141 -45.699076637625694 3.3000001907348633
      vertex 98.55743908882141 -45.699076637625694 10.199999809265137
    endloop
  endfacet
  facet normal 0.9238698954597289 0.38270669743712293 0
    outer loop
      vertex 98.55743908882141 -45.699076637625694 3.3000001907348633
      vertex 98.39758801460266 -45.3131894916296 3.3000001907348633
      vertex 98.39758801460266 -45.3131894916296 10.199999809265137
    endloop
  endfacet
  facet normal 0.9914444696026447 0.13052916798298572 0
    outer loop
      vertex 98.39758801460266 -45.3131894916296 3.3000001907348633
      vertex 98.34306836128235 -44.89908121526241 3.3000001907348633
      vertex 98.34306836128235 -44.89908121526241 10.199999809265137
    endloop
  endfacet
  facet normal 0.9914447808086008 -0.13052680417211557 0
    outer loop
      vertex 98.34306836128235 -44.89908121526241 3.3000001907348633
      vertex 98.39758801460266 -44.484965309500694 3.3000001907348633
      vertex 98.39758801460266 -44.484965309500694 10.199999809265137
    endloop
  endfacet
  facet normal 0.9238828116915137 -0.3826755156277746 0
    outer loop
      vertex 98.39758801460266 -44.484965309500694 3.3000001907348633
      vertex 98.55742383003235 -44.0990781635046 3.3000001907348633
      vertex 98.55742383003235 -44.0990781635046 10.199999809265137
    endloop
  endfacet
  facet normal 0.7933472802818885 -0.6087693264852712 0
    outer loop
      vertex 98.55742383003235 -44.0990781635046 3.3000001907348633
      vertex 98.81169629096985 -43.76771067082882 3.3000001907348633
      vertex 98.81169629096985 -43.76771067082882 10.199999809265137
    endloop
  endfacet
  facet normal 0.6087605047267054 -0.7933540495169145 0
    outer loop
      vertex 98.81169629096985 -43.76771067082882 3.3000001907348633
      vertex 99.14307141304016 -43.51343820989132 3.3000001907348633
      vertex 99.14307141304016 -43.51343820989132 10.199999809265137
    endloop
  endfacet
  facet normal 0.3826975649114555 -0.9238736784922723 0
    outer loop
      vertex 99.14307141304016 -43.51343820989132 3.3000001907348633
      vertex 99.52895092964172 -43.3535947650671 3.3000001907348633
      vertex 99.52895092964172 -43.3535947650671 10.199999809265137
    endloop
  endfacet
  facet normal 0.13052444044611652 -0.9914450919976497 0
    outer loop
      vertex 99.52895092964172 -43.3535947650671 3.3000001907348633
      vertex 99.94307446479797 -43.29907511174679 3.3000001907348633
      vertex 99.94307446479797 -43.29907511174679 10.199999809265137
    endloop
  endfacet
  facet normal -0.13052916798298572 0.9914444696026447 0
    outer loop
      vertex 99.94307446479797 -46.499072059988976 3.3000001907348633
      vertex 99.94307446479797 -46.499072059988976 10.199999809265137
      vertex 100.35718274116516 -46.44455240666866 3.3000001907348633
    endloop
  endfacet
  facet normal -0.3826846486796632 0.9238790286963564 0
    outer loop
      vertex 100.35718274116516 -46.44455240666866 3.3000001907348633
      vertex 100.35718274116516 -46.44455240666866 10.199999809265137
      vertex 100.74307751655579 -46.284708961844444 3.3000001907348633
    endloop
  endfacet
  facet normal -0.6087605047267054 0.7933540495169145 0
    outer loop
      vertex 100.74307751655579 -46.284708961844444 3.3000001907348633
      vertex 100.74307751655579 -46.284708961844444 10.199999809265137
      vertex 101.0744526386261 -46.030436500906944 3.3000001907348633
    endloop
  endfacet
  facet normal -0.7933649240386066 0.608746332477836 0
    outer loop
      vertex 101.0744526386261 -46.030436500906944 3.3000001907348633
      vertex 101.0744526386261 -46.030436500906944 10.199999809265137
      vertex 101.12385824542051 -45.96604732369091 3.3000001907348633
    endloop
  endfacet
  facet normal -0.7933649240386009 0.6087463324778434 0
    outer loop
      vertex 101.16924956336715 -45.90688987568106 3.3000001907348633
      vertex 101.16924956336715 -45.90688987568106 10.199999809265137
      vertex 101.32870984077454 -45.69906900823116 3.3000001907348633
    endloop
  endfacet
  facet normal -0.9238698954597007 0.3827066974371912 0
    outer loop
      vertex 101.32870984077454 -45.69906900823116 3.3000001907348633
      vertex 101.32870984077454 -45.69906900823116 10.199999809265137
      vertex 101.33994413601042 -45.67194895197231 3.3000001907348633
    endloop
  endfacet
  facet normal -0.3826975649114555 -0.9238736784922723 0
    outer loop
      vertex 100.74306225776672 -43.51343058049679 3.3000001907348633
      vertex 100.74306225776672 -43.51343058049679 10.199999809265137
      vertex 100.35718274116516 -43.35358713567257 3.3000001907348633
    endloop
  endfacet
  facet normal -0.92388281169154 -0.3826755156277112 0
    outer loop
      vertex 101.32870984077454 -44.09907053411007 3.3000001907348633
      vertex 101.34173417961122 -44.1305148316767 3.3000001907348633
      vertex 101.34173417961122 -44.1305148316767 10.199999809265137
    endloop
  endfacet
  facet normal -0.7933540495169236 -0.6087605047266935 0
    outer loop
      vertex 101.32870984077454 -44.09907053411007 3.3000001907348633
      vertex 101.32870984077454 -44.09907053411007 10.199999809265137
      vertex 101.14392236208631 -43.85825022237986 3.3000001907348633
    endloop
  endfacet
  facet normal -0.6087490078851745 -0.793362871200068 0
    outer loop
      vertex 100.74306225776672 -43.51343058049679 3.3000001907348633
      vertex 101.07443737983704 -43.76769541203976 3.3000001907348633
      vertex 101.07443737983704 -43.76769541203976 10.199999809265137
    endloop
  endfacet
  facet normal -0.7933540495169558 -0.6087605047266514 0
    outer loop
      vertex 101.12774637942702 -43.837169220494864 3.3000001907348633
      vertex 101.12774637942702 -43.837169220494864 10.199999809265137
      vertex 101.07443737983704 -43.76769541203976 3.3000001907348633
    endloop
  endfacet
  facet normal -0.1305112130867278 -0.9914468332990078 0
    outer loop
      vertex 99.94307446479797 -43.29907511174679 3.3000001907348633
      vertex 100.35718274116516 -43.35358713567257 3.3000001907348633
      vertex 100.35718274116516 -43.35358713567257 10.199999809265137
    endloop
  endfacet
  facet normal 0.9591745293221138 -0.28281481980211287 0
    outer loop
      vertex 107.79506421089172 -51.475085243582726 3.3000001907348633
      vertex 108.11171460151672 -50.40115641057491 3.3000001907348633
      vertex 108.11171460151672 -50.40115641057491 10.199999809265137
    endloop
  endfacet
  facet normal 0.17365471634659221 0.9848066000441836 0
    outer loop
      vertex 88.18250012397766 -36.732829079031944 3.3000001907348633
      vertex 106.89381909370422 -40.032267555594444 10.199999809265137
      vertex 106.89381909370422 -40.032267555594444 3.3000001907348633
    endloop
  endfacet
  facet normal 0 0 -1
    outer loop
      vertex 108.11171460151672 -50.40115641057491 3.3000001907348633
      vertex 106.89381909370422 -40.032267555594444 3.3000001907348633
      vertex 122.78290295600891 32.800183311104774 3.3000001907348633
    endloop
  endfacet
  facet normal 0.9848066451140961 -0.17365446075214666 0
    outer loop
      vertex 108.11171460151672 -50.40115641057491 3.3000001907348633
      vertex 122.78290295600891 32.800183311104774 3.3000001907348633
      vertex 108.11171460151672 -50.40115641057491 10.199999809265137
    endloop
  endfacet
  facet normal 0 -1 0
    outer loop
      vertex 20 -41.41546915471554 3.3000001907348633
      vertex 28.35686230659485 -41.41546915471554 10.199999809265137
      vertex 20 -41.41546915471554 10.199999809265137
    endloop
  endfacet
  facet normal 0 1 0
    outer loop
      vertex 28.61931347846985 -38.41546915471554 3.3000001907348633
      vertex 27 -38.41546915471554 10.199999809265137
      vertex 28.61931347846985 -38.41546915471554 10.199999809265137
    endloop
  endfacet
  facet normal 0.1736463269675596 0.9848080793386473 0
    outer loop
      vertex 28.61931347846985 -38.41546915471554 3.3000001907348633
      vertex 28.61931347846985 -38.41546915471554 10.199999809265137
      vertex 86.0987446308136 -48.55053232610226 10.199999809265137
    endloop
  endfacet
  facet normal 0 0 1
    outer loop
      vertex 20 -41.41546915471554 10.199999809265137
      vertex 28.35686230659485 -41.41546915471554 10.199999809265137
      vertex 27 -40 10.199999809265137
    endloop
  endfacet
  facet normal 0 0 1
    outer loop
      vertex 20 -41.41546915471554 10.199999809265137
      vertex 27 -40 10.199999809265137
      vertex 20 -40 10.199999809265137
    endloop
  endfacet
  facet normal 0 0 1
    outer loop
      vertex 28.35686230659485 -41.41546915471554 10.199999809265137
      vertex 28.61931347846985 -38.41546915471554 10.199999809265137
      vertex 27 -40 10.199999809265137
    endloop
  endfacet
  facet normal 0 0 1
    outer loop
      vertex 27 -40 10.199999809265137
      vertex 28.61931347846985 -38.41546915471554 10.199999809265137
      vertex 27 -38.41546915471554 10.199999809265137
    endloop
  endfacet
  facet normal 0 0 1
    outer loop
      vertex 28.35686230659485 -41.41546915471554 10.199999809265137
      vertex 86.0987446308136 -48.55053232610226 10.199999809265137
      vertex 28.61931347846985 -38.41546915471554 10.199999809265137
    endloop
  endfacet
  facet normal 1 0 0
    outer loop
      vertex 20.00041699409485 -27.5 3.3000001907348633
      vertex 20.00041699409485 -23.415469154715538 10.199999809265137
      vertex 20.00041699409485 -27.5 10.199999809265137
    endloop
  endfacet
  facet normal 0 1 0
    outer loop
      vertex 14 -23.415469154715538 3.3000001907348633
      vertex 14 -23.415469154715538 10.199999809265137
      vertex 20.00041699409485 -23.415469154715538 10.199999809265137
    endloop
  endfacet
  facet normal 0 0 1
    outer loop
      vertex 14 -27.5 10.199999809265137
      vertex 20.00041699409485 -27.5 10.199999809265137
      vertex 20.00041699409485 -23.415469154715538 10.199999809265137
    endloop
  endfacet
  facet normal 0 0 1
    outer loop
      vertex 14 -27.5 10.199999809265137
      vertex 20.00041699409485 -23.415469154715538 10.199999809265137
      vertex 14 -23.415469154715538 10.199999809265137
    endloop
  endfacet
  facet normal -0.17364631892623622 -0.984808080756534 0
    outer loop
      vertex 102.31946301460266 -54.45692728459835 3.3000001907348633
      vertex 102.31946301460266 -54.45692728459835 10.199999809265137
      vertex 28.35686230659485 -41.41546915471554 10.199999809265137
    endloop
  endfacet
  facet normal -0.9848081012905933 0.17364620247047355 0
    outer loop
      vertex 86.0987446308136 -48.55053232610226 3.3000001907348633
      vertex 86.0987446308136 -48.55053232610226 10.199999809265137
      vertex 88.18250012397766 -36.732829079031944 10.199999809265137
    endloop
  endfacet
  facet normal -0.0622883494326423 -0.9980581954600429 0
    outer loop
      vertex 102.31946301460266 -54.45692728459835 3.3000001907348633
      vertex 103.43692517280579 -54.52666758000851 10.199999809265137
      vertex 102.31946301460266 -54.45692728459835 10.199999809265137
    endloop
  endfacet
  facet normal 0.16135945736435262 -0.986895701439155 0
    outer loop
      vertex 104.54189038276672 -54.34600351750851 3.3000001907348633
      vertex 104.54189038276672 -54.34600351750851 10.199999809265137
      vertex 103.43692517280579 -54.52666758000851 10.199999809265137
    endloop
  endfacet
  facet normal 0.3769117903640029 -0.9262491577780796 0
    outer loop
      vertex 105.57895398139954 -53.923998817801476 3.3000001907348633
      vertex 105.57895398139954 -53.923998817801476 10.199999809265137
      vertex 104.54189038276672 -54.34600351750851 10.199999809265137
    endloop
  endfacet
  facet normal 0.5735730116609836 -0.8191544422721206 0
    outer loop
      vertex 106.49611401557922 -53.28180216252804 3.3000001907348633
      vertex 106.49611401557922 -53.28180216252804 10.199999809265137
      vertex 105.57895398139954 -53.923998817801476 10.199999809265137
    endloop
  endfacet
  facet normal 0.7414773375618455 -0.6709779116201942 0
    outer loop
      vertex 107.24736523628235 -52.4516172260046 3.3000001907348633
      vertex 107.24736523628235 -52.4516172260046 10.199999809265137
      vertex 106.49611401557922 -53.28180216252804 10.199999809265137
    endloop
  endfacet
  facet normal 0.1305112130867278 0.9914468332990078 0
    outer loop
      vertex 99.94307446479797 -46.499072059988976 3.3000001907348633
      vertex 99.52896618843079 -46.444560036063194 10.199999809265137
      vertex 99.94307446479797 -46.499072059988976 10.199999809265137
    endloop
  endfacet
  facet normal 0.6087666516418879 0.7933493327965456 0
    outer loop
      vertex 99.14307141304016 -46.284716591238976 3.3000001907348633
      vertex 98.81171154975891 -46.03045175969601 10.199999809265137
      vertex 99.14307141304016 -46.284716591238976 10.199999809265137
    endloop
  endfacet
  facet normal 0.3826846486796632 0.9238790286963564 0
    outer loop
      vertex 99.52896618843079 -46.444560036063194 3.3000001907348633
      vertex 99.14307141304016 -46.284716591238976 10.199999809265137
      vertex 99.52896618843079 -46.444560036063194 10.199999809265137
    endloop
  endfacet
  facet normal 0.7933540495169145 0.6087605047267054 0
    outer loop
      vertex 98.81171154975891 -46.03045175969601 3.3000001907348633
      vertex 98.55743908882141 -45.699076637625694 10.199999809265137
      vertex 98.81171154975891 -46.03045175969601 10.199999809265137
    endloop
  endfacet
  facet normal 0.9238698954597289 0.38270669743712293 0
    outer loop
      vertex 98.55743908882141 -45.699076637625694 3.3000001907348633
      vertex 98.39758801460266 -45.3131894916296 10.199999809265137
      vertex 98.55743908882141 -45.699076637625694 10.199999809265137
    endloop
  endfacet
  facet normal 0.9914444696026447 0.13052916798298572 0
    outer loop
      vertex 98.39758801460266 -45.3131894916296 3.3000001907348633
      vertex 98.34306836128235 -44.89908121526241 10.199999809265137
      vertex 98.39758801460266 -45.3131894916296 10.199999809265137
    endloop
  endfacet
  facet normal 0.9914447808086008 -0.13052680417211557 0
    outer loop
      vertex 98.34306836128235 -44.89908121526241 3.3000001907348633
      vertex 98.39758801460266 -44.484965309500694 10.199999809265137
      vertex 98.34306836128235 -44.89908121526241 10.199999809265137
    endloop
  endfacet
  facet normal 0.9238828116915137 -0.3826755156277746 0
    outer loop
      vertex 98.39758801460266 -44.484965309500694 3.3000001907348633
      vertex 98.55742383003235 -44.0990781635046 10.199999809265137
      vertex 98.39758801460266 -44.484965309500694 10.199999809265137
    endloop
  endfacet
  facet normal 0.7933472802818885 -0.6087693264852712 0
    outer loop
      vertex 98.55742383003235 -44.0990781635046 3.3000001907348633
      vertex 98.81169629096985 -43.76771067082882 10.199999809265137
      vertex 98.55742383003235 -44.0990781635046 10.199999809265137
    endloop
  endfacet
  facet normal 0.6087605047267054 -0.7933540495169145 0
    outer loop
      vertex 98.81169629096985 -43.76771067082882 3.3000001907348633
      vertex 99.14307141304016 -43.51343820989132 10.199999809265137
      vertex 98.81169629096985 -43.76771067082882 10.199999809265137
    endloop
  endfacet
  facet normal 0.3826975649114555 -0.9238736784922723 0
    outer loop
      vertex 99.14307141304016 -43.51343820989132 3.3000001907348633
      vertex 99.52895092964172 -43.3535947650671 10.199999809265137
      vertex 99.14307141304016 -43.51343820989132 10.199999809265137
    endloop
  endfacet
  facet normal 0.13052444044611652 -0.9914450919976497 0
    outer loop
      vertex 99.52895092964172 -43.3535947650671 3.3000001907348633
      vertex 99.94307446479797 -43.29907511174679 10.199999809265137
      vertex 99.52895092964172 -43.3535947650671 10.199999809265137
    endloop
  endfacet
  facet normal -0.13052916798298572 0.9914444696026447 0
    outer loop
      vertex 100.35718274116516 -46.44455240666866 3.3000001907348633
      vertex 99.94307446479797 -46.499072059988976 10.199999809265137
      vertex 100.35718274116516 -46.44455240666866 10.199999809265137
    endloop
  endfacet
  facet normal -0.3826846486796632 0.9238790286963564 0
    outer loop
      vertex 100.74307751655579 -46.284708961844444 3.3000001907348633
      vertex 100.35718274116516 -46.44455240666866 10.199999809265137
      vertex 100.74307751655579 -46.284708961844444 10.199999809265137
    endloop
  endfacet
  facet normal -0.6087605047267054 0.7933540495169145 0
    outer loop
      vertex 101.0744526386261 -46.030436500906944 3.3000001907348633
      vertex 100.74307751655579 -46.284708961844444 10.199999809265137
      vertex 101.0744526386261 -46.030436500906944 10.199999809265137
    endloop
  endfacet
  facet normal -0.7933649240386066 0.608746332477836 0
    outer loop
      vertex 101.12385824542051 -45.96604732369091 3.3000001907348633
      vertex 101.0744526386261 -46.030436500906944 10.199999809265137
      vertex 101.12385824542051 -45.96604732369091 10.199999809265137
    endloop
  endfacet
  facet normal -0.7933649240386009 0.6087463324778434 0
    outer loop
      vertex 101.32870984077454 -45.69906900823116 3.3000001907348633
      vertex 101.16924956336715 -45.90688987568106 10.199999809265137
      vertex 101.32870984077454 -45.69906900823116 10.199999809265137
    endloop
  endfacet
  facet normal -0.9238698954597007 0.3827066974371912 0
    outer loop
      vertex 101.33994413601042 -45.67194895197231 3.3000001907348633
      vertex 101.32870984077454 -45.69906900823116 10.199999809265137
      vertex 101.33994413601042 -45.67194895197231 10.199999809265137
    endloop
  endfacet
  facet normal -0.7933540495169236 -0.6087605047266935 0
    outer loop
      vertex 101.14392236208631 -43.85825022237986 3.3000001907348633
      vertex 101.32870984077454 -44.09907053411007 10.199999809265137
      vertex 101.14392236208631 -43.85825022237986 10.199999809265137
    endloop
  endfacet
  facet normal -0.92388281169154 -0.3826755156277112 0
    outer loop
      vertex 101.32870984077454 -44.09907053411007 3.3000001907348633
      vertex 101.34173417961122 -44.1305148316767 10.199999809265137
      vertex 101.32870984077454 -44.09907053411007 10.199999809265137
    endloop
  endfacet
  facet normal -0.7933540495169558 -0.6087605047266514 0
    outer loop
      vertex 101.07443737983704 -43.76769541203976 3.3000001907348633
      vertex 101.12774637942702 -43.837169220494864 10.199999809265137
      vertex 101.07443737983704 -43.76769541203976 10.199999809265137
    endloop
  endfacet
  facet normal -0.6087490078851745 -0.793362871200068 0
    outer loop
      vertex 100.74306225776672 -43.51343058049679 3.3000001907348633
      vertex 101.07443737983704 -43.76769541203976 10.199999809265137
      vertex 100.74306225776672 -43.51343058049679 10.199999809265137
    endloop
  endfacet
  facet normal -0.1305112130867278 -0.9914468332990078 0
    outer loop
      vertex 99.94307446479797 -43.29907511174679 3.3000001907348633
      vertex 100.35718274116516 -43.35358713567257 10.199999809265137
      vertex 99.94307446479797 -43.29907511174679 10.199999809265137
    endloop
  endfacet
  facet normal -0.3826975649114555 -0.9238736784922723 0
    outer loop
      vertex 100.35718274116516 -43.35358713567257 3.3000001907348633
      vertex 100.74306225776672 -43.51343058049679 10.199999809265137
      vertex 100.35718274116516 -43.35358713567257 10.199999809265137
    endloop
  endfacet
  facet normal 0.8721855877914386 -0.489175122475482 0
    outer loop
      vertex 107.79506421089172 -51.475085243582726 3.3000001907348633
      vertex 107.79506421089172 -51.475085243582726 10.199999809265137
      vertex 107.24736523628235 -52.4516172260046 10.199999809265137
    endloop
  endfacet
  facet normal 0.9591745293221138 -0.28281481980211287 0
    outer loop
      vertex 107.79506421089172 -51.475085243582726 3.3000001907348633
      vertex 108.11171460151672 -50.40115641057491 10.199999809265137
      vertex 107.79506421089172 -51.475085243582726 10.199999809265137
    endloop
  endfacet
  facet normal 0.17365471634659221 0.9848066000441836 0
    outer loop
      vertex 88.18250012397766 -36.732829079031944 3.3000001907348633
      vertex 88.18250012397766 -36.732829079031944 10.199999809265137
      vertex 106.89381909370422 -40.032267555594444 10.199999809265137
    endloop
  endfacet
  facet normal 0 0 1
    outer loop
      vertex 28.35686230659485 -41.41546915471554 10.199999809265137
      vertex 102.31946301460266 -54.45692728459835 10.199999809265137
      vertex 86.0987446308136 -48.55053232610226 10.199999809265137
    endloop
  endfacet
  facet normal 0 0 1
    outer loop
      vertex 86.0987446308136 -48.55053232610226 10.199999809265137
      vertex 98.55742383003235 -44.0990781635046 10.199999809265137
      vertex 88.18250012397766 -36.732829079031944 10.199999809265137
    endloop
  endfacet
  facet normal 0 0 1
    outer loop
      vertex 86.0987446308136 -48.55053232610226 10.199999809265137
      vertex 102.31946301460266 -54.45692728459835 10.199999809265137
      vertex 99.52896618843079 -46.444560036063194 10.199999809265137
    endloop
  endfacet
  facet normal 0 0 1
    outer loop
      vertex 102.31946301460266 -54.45692728459835 10.199999809265137
      vertex 103.43692517280579 -54.52666758000851 10.199999809265137
      vertex 104.54189038276672 -54.34600351750851 10.199999809265137
    endloop
  endfacet
  facet normal 0 0 1
    outer loop
      vertex 102.31946301460266 -54.45692728459835 10.199999809265137
      vertex 104.54189038276672 -54.34600351750851 10.199999809265137
      vertex 105.57895398139954 -53.923998817801476 10.199999809265137
    endloop
  endfacet
  facet normal 0 0 1
    outer loop
      vertex 102.31946301460266 -54.45692728459835 10.199999809265137
      vertex 105.57895398139954 -53.923998817801476 10.199999809265137
      vertex 106.49611401557922 -53.28180216252804 10.199999809265137
    endloop
  endfacet
  facet normal 0 0 1
    outer loop
      vertex 102.31946301460266 -54.45692728459835 10.199999809265137
      vertex 106.49611401557922 -53.28180216252804 10.199999809265137
      vertex 107.24736523628235 -52.4516172260046 10.199999809265137
    endloop
  endfacet
  facet normal 0 0 1
    outer loop
      vertex 102.31946301460266 -54.45692728459835 10.199999809265137
      vertex 107.24736523628235 -52.4516172260046 10.199999809265137
      vertex 107.79506421089172 -51.475085243582726 10.199999809265137
    endloop
  endfacet
  facet normal 0 0 1
    outer loop
      vertex 102.31946301460266 -54.45692728459835 10.199999809265137
      vertex 107.79506421089172 -51.475085243582726 10.199999809265137
      vertex 99.94307446479797 -46.499072059988976 10.199999809265137
    endloop
  endfacet
  facet normal 0 0 1
    outer loop
      vertex 102.31946301460266 -54.45692728459835 10.199999809265137
      vertex 99.94307446479797 -46.499072059988976 10.199999809265137
      vertex 99.52896618843079 -46.444560036063194 10.199999809265137
    endloop
  endfacet
  facet normal 0 0 1
    outer loop
      vertex 99.94307446479797 -46.499072059988976 10.199999809265137
      vertex 108.11171460151672 -50.40115641057491 10.199999809265137
      vertex 100.35718274116516 -46.44455240666866 10.199999809265137
    endloop
  endfacet
  facet normal 0 0 1
    outer loop
      vertex 99.94307446479797 -46.499072059988976 10.199999809265137
      vertex 107.79506421089172 -51.475085243582726 10.199999809265137
      vertex 108.11171460151672 -50.40115641057491 10.199999809265137
    endloop
  endfacet
  facet normal 0 0 1
    outer loop
      vertex 86.0987446308136 -48.55053232610226 10.199999809265137
      vertex 99.52896618843079 -46.444560036063194 10.199999809265137
      vertex 99.14307141304016 -46.284716591238976 10.199999809265137
    endloop
  endfacet
  facet normal 0 0 1
    outer loop
      vertex 86.0987446308136 -48.55053232610226 10.199999809265137
      vertex 99.14307141304016 -46.284716591238976 10.199999809265137
      vertex 98.81171154975891 -46.03045175969601 10.199999809265137
    endloop
  endfacet
  facet normal 0 0 1
    outer loop
      vertex 86.0987446308136 -48.55053232610226 10.199999809265137
      vertex 98.81171154975891 -46.03045175969601 10.199999809265137
      vertex 98.55743908882141 -45.699076637625694 10.199999809265137
    endloop
  endfacet
  facet normal 0 0 1
    outer loop
      vertex 86.0987446308136 -48.55053232610226 10.199999809265137
      vertex 98.55743908882141 -45.699076637625694 10.199999809265137
      vertex 98.39758801460266 -45.3131894916296 10.199999809265137
    endloop
  endfacet
  facet normal 0 0 1
    outer loop
      vertex 86.0987446308136 -48.55053232610226 10.199999809265137
      vertex 98.39758801460266 -45.3131894916296 10.199999809265137
      vertex 98.34306836128235 -44.89908121526241 10.199999809265137
    endloop
  endfacet
  facet normal 0 0 1
    outer loop
      vertex 86.0987446308136 -48.55053232610226 10.199999809265137
      vertex 98.34306836128235 -44.89908121526241 10.199999809265137
      vertex 98.39758801460266 -44.484965309500694 10.199999809265137
    endloop
  endfacet
  facet normal 0 0 1
    outer loop
      vertex 86.0987446308136 -48.55053232610226 10.199999809265137
      vertex 98.39758801460266 -44.484965309500694 10.199999809265137
      vertex 98.55742383003235 -44.0990781635046 10.199999809265137
    endloop
  endfacet
  facet normal 0 0 1
    outer loop
      vertex 88.18250012397766 -36.732829079031944 10.199999809265137
      vertex 98.55742383003235 -44.0990781635046 10.199999809265137
      vertex 98.81169629096985 -43.76771067082882 10.199999809265137
    endloop
  endfacet
  facet normal 0 0 1
    outer loop
      vertex 88.18250012397766 -36.732829079031944 10.199999809265137
      vertex 98.81169629096985 -43.76771067082882 10.199999809265137
      vertex 99.14307141304016 -43.51343820989132 10.199999809265137
    endloop
  endfacet
  facet normal 0 0 1
    outer loop
      vertex 88.18250012397766 -36.732829079031944 10.199999809265137
      vertex 99.14307141304016 -43.51343820989132 10.199999809265137
      vertex 99.52895092964172 -43.3535947650671 10.199999809265137
    endloop
  endfacet
  facet normal 0 0 1
    outer loop
      vertex 88.18250012397766 -36.732829079031944 10.199999809265137
      vertex 99.52895092964172 -43.3535947650671 10.199999809265137
      vertex 99.94307446479797 -43.29907511174679 10.199999809265137
    endloop
  endfacet
  facet normal 0 0 1
    outer loop
      vertex 100.35718274116516 -46.44455240666866 10.199999809265137
      vertex 108.11171460151672 -50.40115641057491 10.199999809265137
      vertex 100.74307751655579 -46.284708961844444 10.199999809265137
    endloop
  endfacet
  facet normal 0 0 1
    outer loop
      vertex 100.74307751655579 -46.284708961844444 10.199999809265137
      vertex 108.11171460151672 -50.40115641057491 10.199999809265137
      vertex 101.0744526386261 -46.030436500906944 10.199999809265137
    endloop
  endfacet
  facet normal 0 0 1
    outer loop
      vertex 101.0744526386261 -46.030436500906944 10.199999809265137
      vertex 108.11171460151672 -50.40115641057491 10.199999809265137
      vertex 101.12385824542051 -45.96604732369091 10.199999809265137
    endloop
  endfacet
  facet normal 0 0 1
    outer loop
      vertex 101.12385824542051 -45.96604732369091 10.199999809265137
      vertex 108.11171460151672 -50.40115641057491 10.199999809265137
      vertex 101.12990137250318 -45.961048014189466 10.199999809265137
    endloop
  endfacet
  facet normal 0 0 1
    outer loop
      vertex 101.16924956336715 -45.90688987568106 10.199999809265137
      vertex 101.12990137250318 -45.961048014189466 10.199999809265137
      vertex 108.11171460151672 -50.40115641057491 10.199999809265137
    endloop
  endfacet
  facet normal 0 0 1
    outer loop
      vertex 101.16924956336715 -45.90688987568106 10.199999809265137
      vertex 108.11171460151672 -50.40115641057491 10.199999809265137
      vertex 101.32870984077454 -45.69906900823116 10.199999809265137
    endloop
  endfacet
  facet normal 0 0 1
    outer loop
      vertex 101.33994413601042 -45.67194895197231 10.199999809265137
      vertex 108.11171460151672 -50.40115641057491 10.199999809265137
      vertex 101.35827535406798 -45.646718194857655 10.199999809265137
    endloop
  endfacet
  facet normal 0 0 1
    outer loop
      vertex 101.32870984077454 -45.69906900823116 10.199999809265137
      vertex 108.11171460151672 -50.40115641057491 10.199999809265137
      vertex 101.33994413601042 -45.67194895197231 10.199999809265137
    endloop
  endfacet
  facet normal 0 0 1
    outer loop
      vertex 101.35827535406798 -45.646718194857655 10.199999809265137
      vertex 108.11171460151672 -50.40115641057491 10.199999809265137
      vertex 101.50130389974937 -45.285469325105524 10.199999809265137
    endloop
  endfacet
  facet normal 0 0 1
    outer loop
      vertex 101.50130389974937 -45.285469325105524 10.199999809265137
      vertex 108.11171460151672 -50.40115641057491 10.199999809265137
      vertex 101.55 -44.9 10.199999809265137
    endloop
  endfacet
  facet normal 0 0 1
    outer loop
      vertex 101.55 -44.9 10.199999809265137
      vertex 108.11171460151672 -50.40115641057491 10.199999809265137
      vertex 106.89381909370422 -40.032267555594444 10.199999809265137
    endloop
  endfacet
  facet normal 0 0 1
    outer loop
      vertex 101.55 -44.9 10.199999809265137
      vertex 106.89381909370422 -40.032267555594444 10.199999809265137
      vertex 101.50130389974937 -44.51453067489447 10.199999809265137
    endloop
  endfacet
  facet normal 0 0 1
    outer loop
      vertex 101.32870984077454 -44.09907053411007 10.199999809265137
      vertex 106.89381909370422 -40.032267555594444 10.199999809265137
      vertex 101.14392236208631 -43.85825022237986 10.199999809265137
    endloop
  endfacet
  facet normal 0 0 1
    outer loop
      vertex 101.50130389974937 -44.51453067489447 10.199999809265137
      vertex 106.89381909370422 -40.032267555594444 10.199999809265137
      vertex 101.35827535406798 -44.15328180514234 10.199999809265137
    endloop
  endfacet
  facet normal 0 0 1
    outer loop
      vertex 101.34173417961122 -44.1305148316767 10.199999809265137
      vertex 101.35827535406798 -44.15328180514234 10.199999809265137
      vertex 106.89381909370422 -40.032267555594444 10.199999809265137
    endloop
  endfacet
  facet normal 0 0 1
    outer loop
      vertex 101.32870984077454 -44.09907053411007 10.199999809265137
      vertex 101.34173417961122 -44.1305148316767 10.199999809265137
      vertex 106.89381909370422 -40.032267555594444 10.199999809265137
    endloop
  endfacet
  facet normal 0 0 1
    outer loop
      vertex 99.94307446479797 -43.29907511174679 10.199999809265137
      vertex 100.35718274116516 -43.35358713567257 10.199999809265137
      vertex 106.89381909370422 -40.032267555594444 10.199999809265137
    endloop
  endfacet
  facet normal 0 0 1
    outer loop
      vertex 100.74306225776672 -43.51343058049679 10.199999809265137
      vertex 106.89381909370422 -40.032267555594444 10.199999809265137
      vertex 100.35718274116516 -43.35358713567257 10.199999809265137
    endloop
  endfacet
  facet normal 0 0 1
    outer loop
      vertex 100.74306225776672 -43.51343058049679 10.199999809265137
      vertex 101.07443737983704 -43.76769541203976 10.199999809265137
      vertex 106.89381909370422 -40.032267555594444 10.199999809265137
    endloop
  endfacet
  facet normal 0 0 1
    outer loop
      vertex 101.12774637942702 -43.837169220494864 10.199999809265137
      vertex 106.89381909370422 -40.032267555594444 10.199999809265137
      vertex 101.07443737983704 -43.76769541203976 10.199999809265137
    endloop
  endfacet
  facet normal 0 0 1
    outer loop
      vertex 101.12774637942702 -43.837169220494864 10.199999809265137
      vertex 101.12990137250318 -43.83895198581053 10.199999809265137
      vertex 106.89381909370422 -40.032267555594444 10.199999809265137
    endloop
  endfacet
  facet normal 0 0 1
    outer loop
      vertex 101.14392236208631 -43.85825022237986 10.199999809265137
      vertex 106.89381909370422 -40.032267555594444 10.199999809265137
      vertex 101.12990137250318 -43.83895198581053 10.199999809265137
    endloop
  endfacet
  facet normal 0 0 1
    outer loop
      vertex 88.18250012397766 -36.732829079031944 10.199999809265137
      vertex 99.94307446479797 -43.29907511174679 10.199999809265137
      vertex 106.89381909370422 -40.032267555594444 10.199999809265137
    endloop
  endfacet
  facet normal -0.9848066256733741 0.17365457100181023 0
    outer loop
      vertex 106.89381909370422 -40.032267555594444 3.3000001907348633
      vertex 106.89381909370422 -40.032267555594444 10.199999809265137
      vertex 119.82849621772766 33.32114697992802 10.199999809265137
    endloop
  endfacet
  facet normal 0 0 1
    outer loop
      vertex 108.11171460151672 -50.40115641057491 10.199999809265137
      vertex 122.78290295600891 32.800183311104774 10.199999809265137
      vertex 106.89381909370422 -40.032267555594444 10.199999809265137
    endloop
  endfacet
  facet normal 0 0 -1
    outer loop
      vertex -4.499712705612183 40.527064338326454 3.3000001907348633
      vertex -0.000017881393432617188 43.92706395685673 3.3000001907348633
      vertex 4.500294923782349 40.527064338326454 3.3000001907348633
    endloop
  endfacet
  facet normal 0 0 -1
    outer loop
      vertex -0.000017881393432617188 43.92706395685673 3.3000001907348633
      vertex 0.38293957710266113 43.973496451973915 3.3000001907348633
      vertex 4.500294923782349 40.527064338326454 3.3000001907348633
    endloop
  endfacet
  facet normal 0 0 -1
    outer loop
      vertex 4.500294923782349 40.527064338326454 3.3000001907348633
      vertex 0.38293957710266113 43.973496451973915 3.3000001907348633
      vertex 0.7436497211456299 44.11023809015751 3.3000001907348633
    endloop
  endfacet
  facet normal 0 0 -1
    outer loop
      vertex 4.500294923782349 40.527064338326454 3.3000001907348633
      vertex 0.7436497211456299 44.11023809015751 3.3000001907348633
      vertex 1.0611546039581299 44.32934094965458 3.3000001907348633
    endloop
  endfacet
  facet normal 0 0 -1
    outer loop
      vertex 4.500294923782349 40.527064338326454 3.3000001907348633
      vertex 1.0611546039581299 44.32934094965458 3.3000001907348633
      vertex 1.3169910907745361 44.61806680262089 3.3000001907348633
    endloop
  endfacet
  facet normal 0 0 -1
    outer loop
      vertex 4.500294923782349 40.527064338326454 3.3000001907348633
      vertex 1.3169910907745361 44.61806680262089 3.3000001907348633
      vertex 1.4962818622589111 44.959633842110634 3.3000001907348633
    endloop
  endfacet
  facet normal 0 0 -1
    outer loop
      vertex 4.500294923782349 40.527064338326454 3.3000001907348633
      vertex 1.4962818622589111 44.959633842110634 3.3000001907348633
      vertex 1.5886127948760986 45.33418561518192 3.3000001907348633
    endloop
  endfacet
  facet normal 0 0 -1
    outer loop
      vertex 4.500294923782349 40.527064338326454 3.3000001907348633
      vertex 1.5886127948760986 45.33418561518192 3.3000001907348633
      vertex 1.5886127948760986 45.719948783516884 3.3000001907348633
    endloop
  endfacet
  facet normal 0 0 -1
    outer loop
      vertex 4.500294923782349 40.527064338326454 3.3000001907348633
      vertex 1.5886127948760986 45.719948783516884 3.3000001907348633
      vertex 4.500294923782349 51.527064338326454 3.3000001907348633
    endloop
  endfacet
  facet normal 0 0 -1
    outer loop
      vertex 0.3829319477081299 47.08063317835331 3.3000001907348633
      vertex 4.500294923782349 51.527064338326454 3.3000001907348633
      vertex 0.7436497211456299 46.94389297068119 3.3000001907348633
    endloop
  endfacet
  facet normal 0 0 -1
    outer loop
      vertex -0.000025510787963867188 47.12706424295902 3.3000001907348633
      vertex 4.500294923782349 51.527064338326454 3.3000001907348633
      vertex 0.3829319477081299 47.08063317835331 3.3000001907348633
    endloop
  endfacet
  facet normal 0 0 -1
    outer loop
      vertex 1.5886127948760986 45.719948783516884 3.3000001907348633
      vertex 1.4962818622589111 46.09450055658817 3.3000001907348633
      vertex 4.500294923782349 51.527064338326454 3.3000001907348633
    endloop
  endfacet
  facet normal 0 0 -1
    outer loop
      vertex 1.4962818622589111 46.09450055658817 3.3000001907348633
      vertex 1.3169834613800049 46.4360666424036 3.3000001907348633
      vertex 4.500294923782349 51.527064338326454 3.3000001907348633
    endloop
  endfacet
  facet normal 0 0 -1
    outer loop
      vertex 1.3169834613800049 46.4360666424036 3.3000001907348633
      vertex 1.0611546039581299 46.724791541695595 3.3000001907348633
      vertex 4.500294923782349 51.527064338326454 3.3000001907348633
    endloop
  endfacet
  facet normal 0 0 -1
    outer loop
      vertex 1.0611546039581299 46.724791541695595 3.3000001907348633
      vertex 0.7436497211456299 46.94389297068119 3.3000001907348633
      vertex 4.500294923782349 51.527064338326454 3.3000001907348633
    endloop
  endfacet
  facet normal 0 0 -1
    outer loop
      vertex -0.000025510787963867188 47.12706424295902 3.3000001907348633
      vertex -4.499712705612183 51.527064338326454 3.3000001907348633
      vertex 4.500294923782349 51.527064338326454 3.3000001907348633
    endloop
  endfacet
  facet normal 0 0 -1
    outer loop
      vertex -4.499712705612183 51.527064338326454 3.3000001907348633
      vertex 28.3566792011261 54.52706430852413 3.3000001907348633
      vertex 4.500294923782349 51.527064338326454 3.3000001907348633
    endloop
  endfacet
  facet normal 0 0 -1
    outer loop
      vertex 4.500294923782349 51.527064338326454 3.3000001907348633
      vertex 28.3566792011261 54.52706430852413 3.3000001907348633
      vertex 28.094212770462036 51.527064338326454 3.3000001907348633
    endloop
  endfacet
  facet normal 0 0 -1
    outer loop
      vertex 28.094212770462036 51.527064338326454 3.3000001907348633
      vertex 28.3566792011261 54.52706430852413 3.3000001907348633
      vertex 64.63185620307922 45.0845623165369 3.3000001907348633
    endloop
  endfacet
  facet normal -0.12036562451489528 0.9927296290708459 0
    outer loop
      vertex -0.000017881393432617188 43.92706395685673 3.3000001907348633
      vertex -0.000017881393432617188 43.92706395685673 10.199999809265137
      vertex 0.38293957710266113 43.973496451973915 3.3000001907348633
    endloop
  endfacet
  facet normal -0.3544741731348222 0.9350658054812956 0
    outer loop
      vertex 0.38293957710266113 43.973496451973915 3.3000001907348633
      vertex 0.7436497211456299 44.11023809015751 10.199999809265137
      vertex 0.7436497211456299 44.11023809015751 3.3000001907348633
    endloop
  endfacet
  facet normal -0.567968287568947 0.8230504385005806 0
    outer loop
      vertex 0.7436497211456299 44.11023809015751 3.3000001907348633
      vertex 1.0611546039581299 44.32934094965458 10.199999809265137
      vertex 1.0611546039581299 44.32934094965458 3.3000001907348633
    endloop
  endfacet
  facet normal 1 0 0
    outer loop
      vertex 4.500294923782349 40.527064338326454 3.3000001907348633
      vertex 4.500294923782349 51.527064338326454 3.3000001907348633
      vertex 4.500294923782349 40.527064338326454 10.199999809265137
    endloop
  endfacet
  facet normal -0.7484493687533382 0.6631919348218355 0
    outer loop
      vertex 1.0611546039581299 44.32934094965458 3.3000001907348633
      vertex 1.3169910907745361 44.61806680262089 10.199999809265137
      vertex 1.3169910907745361 44.61806680262089 3.3000001907348633
    endloop
  endfacet
  facet normal -0.8854319597983686 0.4647690228141504 0
    outer loop
      vertex 1.3169910907745361 44.61806680262089 3.3000001907348633
      vertex 1.4962818622589111 44.959633842110634 10.199999809265137
      vertex 1.4962818622589111 44.959633842110634 3.3000001907348633
    endloop
  endfacet
  facet normal -0.9709344611822738 0.23934550776792893 0
    outer loop
      vertex 1.4962818622589111 44.959633842110634 3.3000001907348633
      vertex 1.5886127948760986 45.33418561518192 10.199999809265137
      vertex 1.5886127948760986 45.33418561518192 3.3000001907348633
    endloop
  endfacet
  facet normal -1 0 0
    outer loop
      vertex 1.5886127948760986 45.33418561518192 3.3000001907348633
      vertex 1.5886127948760986 45.719948783516884 10.199999809265137
      vertex 1.5886127948760986 45.719948783516884 3.3000001907348633
    endloop
  endfacet
  facet normal -0.9709344611822738 -0.23934550776792893 0
    outer loop
      vertex 1.5886127948760986 45.719948783516884 3.3000001907348633
      vertex 1.4962818622589111 46.09450055658817 10.199999809265137
      vertex 1.4962818622589111 46.09450055658817 3.3000001907348633
    endloop
  endfacet
  facet normal -0.8854232868652461 -0.46478554525366234 0
    outer loop
      vertex 1.4962818622589111 46.09450055658817 3.3000001907348633
      vertex 1.3169834613800049 46.4360666424036 10.199999809265137
      vertex 1.3169834613800049 46.4360666424036 3.3000001907348633
    endloop
  endfacet
  facet normal -0.7484580982714617 -0.6631820829394195 0
    outer loop
      vertex 1.3169834613800049 46.4360666424036 3.3000001907348633
      vertex 1.0611546039581299 46.724791541695595 10.199999809265137
      vertex 1.0611546039581299 46.724791541695595 3.3000001907348633
    endloop
  endfacet
  facet normal -0.12036196996364709 -0.9927300721678931 0
    outer loop
      vertex -0.000025510787963867188 47.12706424295902 3.3000001907348633
      vertex 0.3829319477081299 47.08063317835331 3.3000001907348633
      vertex 0.3829319477081299 47.08063317835331 10.199999809265137
    endloop
  endfacet
  facet normal -0.35446437551429966 -0.9350695196033595 0
    outer loop
      vertex 0.3829319477081299 47.08063317835331 3.3000001907348633
      vertex 0.7436497211456299 46.94389297068119 3.3000001907348633
      vertex 0.3829319477081299 47.08063317835331 10.199999809265137
    endloop
  endfacet
  facet normal -0.5679657755572279 -0.8230521719767688 0
    outer loop
      vertex 1.0611546039581299 46.724791541695595 3.3000001907348633
      vertex 0.7436497211456299 46.94389297068119 10.199999809265137
      vertex 0.7436497211456299 46.94389297068119 3.3000001907348633
    endloop
  endfacet
  facet normal 0 1 0
    outer loop
      vertex -28.35614275932312 54.52706430852413 3.3000001907348633
      vertex 28.3566792011261 54.52706430852413 10.199999809265137
      vertex 28.3566792011261 54.52706430852413 3.3000001907348633
    endloop
  endfacet
  facet normal 0 -1 0
    outer loop
      vertex 4.500294923782349 51.527064338326454 3.3000001907348633
      vertex 28.094212770462036 51.527064338326454 3.3000001907348633
      vertex 4.500294923782349 51.527064338326454 10.199999809265137
    endloop
  endfacet
  facet normal -0.17364633928624823 -0.9848080771665539 0
    outer loop
      vertex 28.094212770462036 51.527064338326454 3.3000001907348633
      vertex 64.63185620307922 45.0845623165369 3.3000001907348633
      vertex 28.094212770462036 51.527064338326454 10.199999809265137
    endloop
  endfacet
  facet normal 0 0 -1
    outer loop
      vertex 106.89381909370422 -40.032267555594444 3.3000001907348633
      vertex 119.82849621772766 33.32114697992802 3.3000001907348633
      vertex 122.78290295600891 32.800183311104774 3.3000001907348633
    endloop
  endfacet
  facet normal -0.9848066256733741 0.17365457100181023 0
    outer loop
      vertex 106.89381909370422 -40.032267555594444 3.3000001907348633
      vertex 119.82849621772766 33.32114697992802 10.199999809265137
      vertex 119.82849621772766 33.32114697992802 3.3000001907348633
    endloop
  endfacet
  facet normal 0 0 -1
    outer loop
      vertex 62.54810070991516 33.266865745186806 3.3000001907348633
      vertex 71.96086621284485 36.09971906244755 3.3000001907348633
      vertex 79.28981518745422 30.314738288521767 3.3000001907348633
    endloop
  endfacet
  facet normal 0 0 -1
    outer loop
      vertex 62.54810070991516 33.266865745186806 3.3000001907348633
      vertex 70.57521557807922 36.89971448481083 3.3000001907348633
      vertex 70.82948803901672 36.568345084786415 3.3000001907348633
    endloop
  endfacet
  facet normal 0 0 -1
    outer loop
      vertex 62.54810070991516 33.266865745186806 3.3000001907348633
      vertex 71.16086316108704 36.31407643854618 3.3000001907348633
      vertex 71.5467426776886 36.15423680841923 3.3000001907348633
    endloop
  endfacet
  facet normal 0 0 -1
    outer loop
      vertex 62.54810070991516 33.266865745186806 3.3000001907348633
      vertex 71.5467426776886 36.15423680841923 3.3000001907348633
      vertex 71.96086621284485 36.09971906244755 3.3000001907348633
    endloop
  endfacet
  facet normal 0 0 -1
    outer loop
      vertex 62.54810070991516 33.266865745186806 3.3000001907348633
      vertex 70.82948803901672 36.568345084786415 3.3000001907348633
      vertex 71.16086316108704 36.31407643854618 3.3000001907348633
    endloop
  endfacet
  facet normal 0 0 -1
    outer loop
      vertex 62.54810070991516 33.266865745186806 3.3000001907348633
      vertex 70.41537976264954 37.285603538155556 3.3000001907348633
      vertex 70.57521557807922 36.89971448481083 3.3000001907348633
    endloop
  endfacet
  facet normal 0 0 -1
    outer loop
      vertex 62.54810070991516 33.266865745186806 3.3000001907348633
      vertex 70.36086010932922 37.699713721871376 3.3000001907348633
      vertex 70.41537976264954 37.285603538155556 3.3000001907348633
    endloop
  endfacet
  facet normal 0 0 -1
    outer loop
      vertex 62.54810070991516 33.266865745186806 3.3000001907348633
      vertex 70.41536450386047 38.113823905587196 3.3000001907348633
      vertex 70.36086010932922 37.699713721871376 3.3000001907348633
    endloop
  endfacet
  facet normal 0 0 -1
    outer loop
      vertex 62.54810070991516 33.266865745186806 3.3000001907348633
      vertex 64.63185620307922 45.0845623165369 3.3000001907348633
      vertex 70.41536450386047 38.113823905587196 3.3000001907348633
    endloop
  endfacet
  facet normal 0 0 -1
    outer loop
      vertex 70.41536450386047 38.113823905587196 3.3000001907348633
      vertex 64.63185620307922 45.0845623165369 3.3000001907348633
      vertex 70.57521557807922 38.499714866280556 3.3000001907348633
    endloop
  endfacet
  facet normal 0 0 -1
    outer loop
      vertex 70.57521557807922 38.499714866280556 3.3000001907348633
      vertex 64.63185620307922 45.0845623165369 3.3000001907348633
      vertex 70.82947278022766 38.8310861736536 3.3000001907348633
    endloop
  endfacet
  facet normal 0 0 -1
    outer loop
      vertex 71.96086621284485 36.09971906244755 3.3000001907348633
      vertex 72.37497448921204 36.15424062311649 3.3000001907348633
      vertex 79.28981518745422 30.314738288521767 3.3000001907348633
    endloop
  endfacet
  facet normal 0 0 -1
    outer loop
      vertex 72.37497448921204 36.15424062311649 3.3000001907348633
      vertex 72.7608540058136 36.31408216059208 3.3000001907348633
      vertex 79.28981518745422 30.314738288521767 3.3000001907348633
    endloop
  endfacet
  facet normal 0 0 -1
    outer loop
      vertex 72.7608540058136 36.31408216059208 3.3000001907348633
      vertex 73.09222912788391 36.568352714180946 3.3000001907348633
      vertex 79.28981518745422 30.314738288521767 3.3000001907348633
    endloop
  endfacet
  facet normal 0 0 -1
    outer loop
      vertex 73.09222912788391 36.568352714180946 3.3000001907348633
      vertex 73.34650158882141 36.899725928902626 3.3000001907348633
      vertex 79.28981518745422 30.314738288521767 3.3000001907348633
    endloop
  endfacet
  facet normal 0 0 -1
    outer loop
      vertex 73.34650158882141 36.899725928902626 3.3000001907348633
      vertex 73.5063374042511 37.28561498224735 3.3000001907348633
      vertex 79.28981518745422 30.314738288521767 3.3000001907348633
    endloop
  endfacet
  facet normal 0 0 -1
    outer loop
      vertex 73.5063374042511 37.28561498224735 3.3000001907348633
      vertex 73.56085705757141 37.69972516596317 3.3000001907348633
      vertex 81.37360119819641 42.132575049996376 3.3000001907348633
    endloop
  endfacet
  facet normal 0 0 -1
    outer loop
      vertex 72.7608540058136 39.085363402962685 3.3000001907348633
      vertex 81.37360119819641 42.132575049996376 3.3000001907348633
      vertex 73.09221386909485 38.83109571039677 3.3000001907348633
    endloop
  endfacet
  facet normal 0 0 -1
    outer loop
      vertex 73.56085705757141 37.69972516596317 3.3000001907348633
      vertex 73.5063374042511 38.11383534967899 3.3000001907348633
      vertex 81.37360119819641 42.132575049996376 3.3000001907348633
    endloop
  endfacet
  facet normal 0 0 -1
    outer loop
      vertex 73.5063374042511 38.11383534967899 3.3000001907348633
      vertex 73.34648633003235 38.49972440302372 3.3000001907348633
      vertex 81.37360119819641 42.132575049996376 3.3000001907348633
    endloop
  endfacet
  facet normal 0 0 -1
    outer loop
      vertex 73.34648633003235 38.49972440302372 3.3000001907348633
      vertex 73.09221386909485 38.83109571039677 3.3000001907348633
      vertex 81.37360119819641 42.132575049996376 3.3000001907348633
    endloop
  endfacet
  facet normal 0 0 -1
    outer loop
      vertex 71.96085095405579 39.299719825387 3.3000001907348633
      vertex 81.37360119819641 42.132575049996376 3.3000001907348633
      vertex 72.37495923042297 39.24520303308964 3.3000001907348633
    endloop
  endfacet
  facet normal 0 0 -1
    outer loop
      vertex 72.7608540058136 39.085363402962685 3.3000001907348633
      vertex 72.37495923042297 39.24520303308964 3.3000001907348633
      vertex 81.37360119819641 42.132575049996376 3.3000001907348633
    endloop
  endfacet
  facet normal 0 0 -1
    outer loop
      vertex 73.5063374042511 37.28561498224735 3.3000001907348633
      vertex 81.37360119819641 42.132575049996376 3.3000001907348633
      vertex 79.28981518745422 30.314738288521767 3.3000001907348633
    endloop
  endfacet
  facet normal 0 0 -1
    outer loop
      vertex 70.82947278022766 38.8310861736536 3.3000001907348633
      vertex 64.63185620307922 45.0845623165369 3.3000001907348633
      vertex 71.16084790229797 39.085357680916786 3.3000001907348633
    endloop
  endfacet
  facet normal 0 0 -1
    outer loop
      vertex 71.16084790229797 39.085357680916786 3.3000001907348633
      vertex 64.63185620307922 45.0845623165369 3.3000001907348633
      vertex 71.5467426776886 39.24519921839237 3.3000001907348633
    endloop
  endfacet
  facet normal 0 0 -1
    outer loop
      vertex 71.5467426776886 39.24519921839237 3.3000001907348633
      vertex 64.63185620307922 45.0845623165369 3.3000001907348633
      vertex 71.96085095405579 39.299719825387 3.3000001907348633
    endloop
  endfacet
  facet normal 0 0 -1
    outer loop
      vertex 71.96085095405579 39.299719825387 3.3000001907348633
      vertex 64.63185620307922 45.0845623165369 3.3000001907348633
      vertex 81.37360119819641 42.132575049996376 3.3000001907348633
    endloop
  endfacet
  facet normal 0 0 -1
    outer loop
      vertex 28.3566792011261 54.52706430852413 3.3000001907348633
      vertex 118.72710156440735 38.59249593317509 3.3000001907348633
      vertex 64.63185620307922 45.0845623165369 3.3000001907348633
    endloop
  endfacet
  facet normal 0 0 -1
    outer loop
      vertex 64.63185620307922 45.0845623165369 3.3000001907348633
      vertex 118.72710156440735 38.59249593317509 3.3000001907348633
      vertex 81.37360119819641 42.132575049996376 3.3000001907348633
    endloop
  endfacet
  facet normal 0 0 -1
    outer loop
      vertex 81.37360119819641 42.132575049996376 3.3000001907348633
      vertex 118.72710156440735 38.59249593317509 3.3000001907348633
      vertex 118.2061665058136 35.63807202875614 3.3000001907348633
    endloop
  endfacet
  facet normal 0 0 -1
    outer loop
      vertex 119.82849621772766 33.32114697992802 3.3000001907348633
      vertex 119.85126233100891 33.84275723993778 3.3000001907348633
      vertex 122.85266613960266 33.91765882074833 3.3000001907348633
    endloop
  endfacet
  facet normal 0 0 -1
    outer loop
      vertex 119.85126233100891 33.84275723993778 3.3000001907348633
      vertex 119.7382709980011 34.35248853266239 3.3000001907348633
      vertex 122.85266613960266 33.91765882074833 3.3000001907348633
    endloop
  endfacet
  facet normal 0 0 -1
    outer loop
      vertex 119.82849621772766 33.32114697992802 3.3000001907348633
      vertex 122.85266613960266 33.91765882074833 3.3000001907348633
      vertex 122.78290295600891 32.800183311104774 3.3000001907348633
    endloop
  endfacet
  facet normal 0 0 -1
    outer loop
      vertex 119.7382709980011 34.35248853266239 3.3000001907348633
      vertex 119.4971821308136 34.81560422480106 3.3000001907348633
      vertex 122.67200207710266 35.022637382149696 3.3000001907348633
    endloop
  endfacet
  facet normal 0 0 -1
    outer loop
      vertex 119.4971821308136 34.81560422480106 3.3000001907348633
      vertex 119.14445996284485 35.20054341852665 3.3000001907348633
      vertex 122.67200207710266 35.022637382149696 3.3000001907348633
    endloop
  endfacet
  facet normal 0 0 -1
    outer loop
      vertex 118.70410656929016 35.48107053339481 3.3000001907348633
      vertex 122.2499897480011 36.059712424874306 3.3000001907348633
      vertex 119.14445996284485 35.20054341852665 3.3000001907348633
    endloop
  endfacet
  facet normal 0 0 -1
    outer loop
      vertex 122.85266613960266 33.91765882074833 3.3000001907348633
      vertex 119.7382709980011 34.35248853266239 3.3000001907348633
      vertex 122.67200207710266 35.022637382149696 3.3000001907348633
    endloop
  endfacet
  facet normal 0 0 -1
    outer loop
      vertex 119.14445996284485 35.20054341852665 3.3000001907348633
      vertex 122.2499897480011 36.059712424874306 3.3000001907348633
      vertex 122.67200207710266 35.022637382149696 3.3000001907348633
    endloop
  endfacet
  facet normal 0 0 -1
    outer loop
      vertex 118.2061665058136 35.63807202875614 3.3000001907348633
      vertex 121.60779309272766 36.97687818109989 3.3000001907348633
      vertex 118.70410656929016 35.48107053339481 3.3000001907348633
    endloop
  endfacet
  facet normal 0 0 -1
    outer loop
      vertex 118.70410656929016 35.48107053339481 3.3000001907348633
      vertex 121.60779309272766 36.97687818109989 3.3000001907348633
      vertex 122.2499897480011 36.059712424874306 3.3000001907348633
    endloop
  endfacet
  facet normal 0 0 -1
    outer loop
      vertex 118.2061665058136 35.63807202875614 3.3000001907348633
      vertex 119.80104565620422 38.275837913155556 3.3000001907348633
      vertex 120.77759289741516 37.72814466059208 3.3000001907348633
    endloop
  endfacet
  facet normal 0 0 -1
    outer loop
      vertex 118.2061665058136 35.63807202875614 3.3000001907348633
      vertex 120.77759289741516 37.72814466059208 3.3000001907348633
      vertex 121.60779309272766 36.97687818109989 3.3000001907348633
    endloop
  endfacet
  facet normal 0 0 -1
    outer loop
      vertex 118.2061665058136 35.63807202875614 3.3000001907348633
      vertex 118.72710156440735 38.59249593317509 3.3000001907348633
      vertex 119.80104565620422 38.275837913155556 3.3000001907348633
    endloop
  endfacet
  facet normal -0.17365453819756746 -0.9848066314578662 0
    outer loop
      vertex 62.54810070991516 33.266865745186806 3.3000001907348633
      vertex 79.28981518745422 30.314738288521767 3.3000001907348633
      vertex 62.54810070991516 33.266865745186806 10.199999809265137
    endloop
  endfacet
  facet normal 0.6087547563538793 0.793358460354794 0
    outer loop
      vertex 70.82948803901672 36.568345084786415 3.3000001907348633
      vertex 70.82948803901672 36.568345084786415 10.199999809265137
      vertex 71.16086316108704 36.31407643854618 3.3000001907348633
    endloop
  endfacet
  facet normal 0.7933489726182341 0.6087671210287167 0
    outer loop
      vertex 70.82948803901672 36.568345084786415 3.3000001907348633
      vertex 70.57521557807922 36.89971448481083 3.3000001907348633
      vertex 70.57521557807922 36.89971448481083 10.199999809265137
    endloop
  endfacet
  facet normal 0.9238834804129747 0.38267390114823413 0
    outer loop
      vertex 70.57521557807922 36.89971448481083 3.3000001907348633
      vertex 70.41537976264954 37.285603538155556 3.3000001907348633
      vertex 70.41537976264954 37.285603538155556 10.199999809265137
    endloop
  endfacet
  facet normal 0.13051995189102944 0.9914456829087328 0
    outer loop
      vertex 71.5467426776886 36.15423680841923 3.3000001907348633
      vertex 71.5467426776886 36.15423680841923 10.199999809265137
      vertex 71.96086621284485 36.09971906244755 3.3000001907348633
    endloop
  endfacet
  facet normal 0.3826897693318384 0.9238769076282534 0
    outer loop
      vertex 71.5467426776886 36.15423680841923 3.3000001907348633
      vertex 71.16086316108704 36.31407643854618 3.3000001907348633
      vertex 71.16086316108704 36.31407643854618 10.199999809265137
    endloop
  endfacet
  facet normal -0.1305336566869842 0.991443878629509 0
    outer loop
      vertex 71.96086621284485 36.09971906244755 3.3000001907348633
      vertex 71.96086621284485 36.09971906244755 10.199999809265137
      vertex 72.37497448921204 36.15424062311649 3.3000001907348633
    endloop
  endfacet
  facet normal -0.38269366713186465 0.9238752930656635 0
    outer loop
      vertex 72.37497448921204 36.15424062311649 3.3000001907348633
      vertex 72.37497448921204 36.15424062311649 10.199999809265137
      vertex 72.7608540058136 36.31408216059208 3.3000001907348633
    endloop
  endfacet
  facet normal -0.6087576305522772 0.7933562549349298 0
    outer loop
      vertex 72.7608540058136 36.31408216059208 3.3000001907348633
      vertex 72.7608540058136 36.31408216059208 10.199999809265137
      vertex 73.09222912788391 36.568352714180946 3.3000001907348633
    endloop
  endfacet
  facet normal -0.7933523572357469 0.608762710149434 0
    outer loop
      vertex 73.09222912788391 36.568352714180946 3.3000001907348633
      vertex 73.09222912788391 36.568352714180946 10.199999809265137
      vertex 73.34650158882141 36.899725928902626 3.3000001907348633
    endloop
  endfacet
  facet normal -0.9238834804129747 0.38267390114823413 0
    outer loop
      vertex 73.34650158882141 36.899725928902626 3.3000001907348633
      vertex 73.34650158882141 36.899725928902626 10.199999809265137
      vertex 73.5063374042511 37.28561498224735 3.3000001907348633
    endloop
  endfacet
  facet normal -0.9914445474057189 0.13052857702231127 0
    outer loop
      vertex 73.5063374042511 37.28561498224735 3.3000001907348633
      vertex 73.5063374042511 37.28561498224735 10.199999809265137
      vertex 73.56085705757141 37.69972516596317 3.3000001907348633
    endloop
  endfacet
  facet normal 0.9914445474057189 0.13052857702231127 0
    outer loop
      vertex 70.41537976264954 37.285603538155556 3.3000001907348633
      vertex 70.36086010932922 37.699713721871376 3.3000001907348633
      vertex 70.36086010932922 37.699713721871376 10.199999809265137
    endloop
  endfacet
  facet normal 0.9914492744421202 -0.13049266725833103 0
    outer loop
      vertex 70.36086010932922 37.699713721871376 3.3000001907348633
      vertex 70.41536450386047 38.113823905587196 3.3000001907348633
      vertex 70.41536450386047 38.113823905587196 10.199999809265137
    endloop
  endfacet
  facet normal 0.923871233093454 -0.38270346831767904 0
    outer loop
      vertex 70.41536450386047 38.113823905587196 3.3000001907348633
      vertex 70.57521557807922 38.499714866280556 3.3000001907348633
      vertex 70.57521557807922 38.499714866280556 10.199999809265137
    endloop
  endfacet
  facet normal 0.7933683085124821 -0.6087419215464326 0
    outer loop
      vertex 70.57521557807922 38.499714866280556 3.3000001907348633
      vertex 70.82947278022766 38.8310861736536 3.3000001907348633
      vertex 70.82947278022766 38.8310861736536 10.199999809265137
    endloop
  endfacet
  facet normal 0.6087590676424876 -0.793355152225691 0
    outer loop
      vertex 70.82947278022766 38.8310861736536 3.3000001907348633
      vertex 71.16084790229797 39.085357680916786 3.3000001907348633
      vertex 71.16084790229797 39.085357680916786 10.199999809265137
    endloop
  endfacet
  facet normal -0.382676853272867 -0.9238822576330691 0
    outer loop
      vertex 72.7608540058136 39.085363402962685 3.3000001907348633
      vertex 72.7608540058136 39.085363402962685 10.199999809265137
      vertex 72.37495923042297 39.24520303308964 3.3000001907348633
    endloop
  endfacet
  facet normal 0.38268075098648185 -0.9238806431701133 0
    outer loop
      vertex 71.16084790229797 39.085357680916786 3.3000001907348633
      vertex 71.5467426776886 39.24519921839237 3.3000001907348633
      vertex 71.5467426776886 39.24519921839237 10.199999809265137
    endloop
  endfacet
  facet normal 0.1305314123359883 -0.9914441741185289 0
    outer loop
      vertex 71.5467426776886 39.24519921839237 3.3000001907348633
      vertex 71.96085095405579 39.299719825387 3.3000001907348633
      vertex 71.96085095405579 39.299719825387 10.199999809265137
    endloop
  endfacet
  facet normal -0.1305224349119381 -0.9914453560255647 0
    outer loop
      vertex 71.96085095405579 39.299719825387 3.3000001907348633
      vertex 72.37495923042297 39.24520303308964 3.3000001907348633
      vertex 72.37495923042297 39.24520303308964 10.199999809265137
    endloop
  endfacet
  facet normal -0.9914445474057189 -0.13052857702231127 0
    outer loop
      vertex 73.56085705757141 37.69972516596317 3.3000001907348633
      vertex 73.56085705757141 37.69972516596317 10.199999809265137
      vertex 73.5063374042511 38.11383534967899 3.3000001907348633
    endloop
  endfacet
  facet normal -0.9238705642808239 -0.3827050828711739 0
    outer loop
      vertex 73.5063374042511 38.11383534967899 3.3000001907348633
      vertex 73.5063374042511 38.11383534967899 10.199999809265137
      vertex 73.34648633003235 38.49972440302372 3.3000001907348633
    endloop
  endfacet
  facet normal -0.7933506649361869 -0.6087649155834376 0
    outer loop
      vertex 73.34648633003235 38.49972440302372 3.3000001907348633
      vertex 73.34648633003235 38.49972440302372 10.199999809265137
      vertex 73.09221386909485 38.83109571039677 3.3000001907348633
    endloop
  endfacet
  facet normal -0.6087709629802164 -0.7933460245265869 0
    outer loop
      vertex 72.7608540058136 39.085363402962685 3.3000001907348633
      vertex 73.09221386909485 38.83109571039677 3.3000001907348633
      vertex 73.09221386909485 38.83109571039677 10.199999809265137
    endloop
  endfacet
  facet normal 0.9848080018836667 -0.1736467662408369 0
    outer loop
      vertex 79.28981518745422 30.314738288521767 3.3000001907348633
      vertex 81.37360119819641 42.132575049996376 3.3000001907348633
      vertex 79.28981518745422 30.314738288521767 10.199999809265137
    endloop
  endfacet
  facet normal -0.9848080845161701 0.17364629760404385 0
    outer loop
      vertex 62.54810070991516 33.266865745186806 3.3000001907348633
      vertex 64.63185620307922 45.0845623165369 10.199999809265137
      vertex 64.63185620307922 45.0845623165369 3.3000001907348633
    endloop
  endfacet
  facet normal 0.17364632446624237 0.9848080797796922 0
    outer loop
      vertex 28.3566792011261 54.52706430852413 3.3000001907348633
      vertex 118.72710156440735 38.59249593317509 10.199999809265137
      vertex 118.72710156440735 38.59249593317509 3.3000001907348633
    endloop
  endfacet
  facet normal -0.173646310330067 -0.9848080822722538 0
    outer loop
      vertex 81.37360119819641 42.132575049996376 3.3000001907348633
      vertex 118.2061665058136 35.63807202875614 3.3000001907348633
      vertex 81.37360119819641 42.132575049996376 10.199999809265137
    endloop
  endfacet
  facet normal -0.9990488793845792 0.04360431859823726 0
    outer loop
      vertex 119.82849621772766 33.32114697992802 3.3000001907348633
      vertex 119.82849621772766 33.32114697992802 10.199999809265137
      vertex 119.85126233100891 33.84275723993778 3.3000001907348633
    endloop
  endfacet
  facet normal -0.9763014196058585 -0.21641519834703252 0
    outer loop
      vertex 119.85126233100891 33.84275723993778 3.3000001907348633
      vertex 119.85126233100891 33.84275723993778 10.199999809265137
      vertex 119.7382709980011 34.35248853266239 3.3000001907348633
    endloop
  endfacet
  facet normal 0.9980569706915169 -0.06230797103158318 0
    outer loop
      vertex 122.78290295600891 32.800183311104774 3.3000001907348633
      vertex 122.85266613960266 33.91765882074833 3.3000001907348633
      vertex 122.85266613960266 33.91765882074833 10.199999809265137
    endloop
  endfacet
  facet normal -0.5372874337282965 -0.8433992017767514 0
    outer loop
      vertex 118.70410656929016 35.48107053339481 3.3000001907348633
      vertex 119.14445996284485 35.20054341852665 3.3000001907348633
      vertex 119.14445996284485 35.20054341852665 10.199999809265137
    endloop
  endfacet
  facet normal -0.3007085806647476 -0.9537160738472393 0
    outer loop
      vertex 118.2061665058136 35.63807202875614 3.3000001907348633
      vertex 118.70410656929016 35.48107053339481 3.3000001907348633
      vertex 118.70410656929016 35.48107053339481 10.199999809265137
    endloop
  endfacet
  facet normal -0.8870060500599737 -0.4617578014035101 0
    outer loop
      vertex 119.7382709980011 34.35248853266239 3.3000001907348633
      vertex 119.7382709980011 34.35248853266239 10.199999809265137
      vertex 119.4971821308136 34.81560422480106 3.3000001907348633
    endloop
  endfacet
  facet normal -0.7372865099909657 -0.6755801967089783 0
    outer loop
      vertex 119.4971821308136 34.81560422480106 3.3000001907348633
      vertex 119.4971821308136 34.81560422480106 10.199999809265137
      vertex 119.14445996284485 35.20054341852665 3.3000001907348633
    endloop
  endfacet
  facet normal 0.9868960119179601 0.16135755842360044 0
    outer loop
      vertex 122.85266613960266 33.91765882074833 3.3000001907348633
      vertex 122.67200207710266 35.022637382149696 3.3000001907348633
      vertex 122.85266613960266 33.91765882074833 10.199999809265137
    endloop
  endfacet
  facet normal 0.926248230920719 0.3769140680795007 0
    outer loop
      vertex 122.67200207710266 35.022637382149696 3.3000001907348633
      vertex 122.2499897480011 36.059712424874306 3.3000001907348633
      vertex 122.67200207710266 35.022637382149696 10.199999809265137
    endloop
  endfacet
  facet normal 0.8191561235778598 0.5735706104786873 0
    outer loop
      vertex 122.2499897480011 36.059712424874306 3.3000001907348633
      vertex 121.60779309272766 36.97687818109989 3.3000001907348633
      vertex 122.2499897480011 36.059712424874306 10.199999809265137
    endloop
  endfacet
  facet normal 0.6709786240105248 0.7414766929047351 0
    outer loop
      vertex 121.60779309272766 36.97687818109989 3.3000001907348633
      vertex 120.77759289741516 37.72814466059208 3.3000001907348633
      vertex 121.60779309272766 36.97687818109989 10.199999809265137
    endloop
  endfacet
  facet normal 0.4891654203011902 0.8721910292943628 0
    outer loop
      vertex 119.80104565620422 38.275837913155556 3.3000001907348633
      vertex 120.77759289741516 37.72814466059208 10.199999809265137
      vertex 120.77759289741516 37.72814466059208 3.3000001907348633
    endloop
  endfacet
  facet normal 0.2828173919589026 0.9591737709120097 0
    outer loop
      vertex 118.72710156440735 38.59249593317509 3.3000001907348633
      vertex 118.72710156440735 38.59249593317509 10.199999809265137
      vertex 119.80104565620422 38.275837913155556 3.3000001907348633
    endloop
  endfacet
  facet normal 0 -1 0
    outer loop
      vertex -4.499712705612183 40.527064338326454 10.199999809265137
      vertex 4.500294923782349 40.527064338326454 3.3000001907348633
      vertex 4.500294923782349 40.527064338326454 10.199999809265137
    endloop
  endfacet
  facet normal -0.12036562451489528 0.9927296290708459 0
    outer loop
      vertex -0.000017881393432617188 43.92706395685673 10.199999809265137
      vertex 0.38293957710266113 43.973496451973915 10.199999809265137
      vertex 0.38293957710266113 43.973496451973915 3.3000001907348633
    endloop
  endfacet
  facet normal -0.3544741731348222 0.9350658054812956 0
    outer loop
      vertex 0.38293957710266113 43.973496451973915 3.3000001907348633
      vertex 0.38293957710266113 43.973496451973915 10.199999809265137
      vertex 0.7436497211456299 44.11023809015751 10.199999809265137
    endloop
  endfacet
  facet normal -0.567968287568947 0.8230504385005806 0
    outer loop
      vertex 0.7436497211456299 44.11023809015751 3.3000001907348633
      vertex 0.7436497211456299 44.11023809015751 10.199999809265137
      vertex 1.0611546039581299 44.32934094965458 10.199999809265137
    endloop
  endfacet
  facet normal -0.7484493687533382 0.6631919348218355 0
    outer loop
      vertex 1.0611546039581299 44.32934094965458 3.3000001907348633
      vertex 1.0611546039581299 44.32934094965458 10.199999809265137
      vertex 1.3169910907745361 44.61806680262089 10.199999809265137
    endloop
  endfacet
  facet normal -0.8854319597983686 0.4647690228141504 0
    outer loop
      vertex 1.3169910907745361 44.61806680262089 3.3000001907348633
      vertex 1.3169910907745361 44.61806680262089 10.199999809265137
      vertex 1.4962818622589111 44.959633842110634 10.199999809265137
    endloop
  endfacet
  facet normal -0.9709344611822738 0.23934550776792893 0
    outer loop
      vertex 1.4962818622589111 44.959633842110634 3.3000001907348633
      vertex 1.4962818622589111 44.959633842110634 10.199999809265137
      vertex 1.5886127948760986 45.33418561518192 10.199999809265137
    endloop
  endfacet
  facet normal -1 0 0
    outer loop
      vertex 1.5886127948760986 45.33418561518192 3.3000001907348633
      vertex 1.5886127948760986 45.33418561518192 10.199999809265137
      vertex 1.5886127948760986 45.719948783516884 10.199999809265137
    endloop
  endfacet
  facet normal -0.9709344611822738 -0.23934550776792893 0
    outer loop
      vertex 1.5886127948760986 45.719948783516884 3.3000001907348633
      vertex 1.5886127948760986 45.719948783516884 10.199999809265137
      vertex 1.4962818622589111 46.09450055658817 10.199999809265137
    endloop
  endfacet
  facet normal -0.5679657755572279 -0.8230521719767688 0
    outer loop
      vertex 1.0611546039581299 46.724791541695595 3.3000001907348633
      vertex 1.0611546039581299 46.724791541695595 10.199999809265137
      vertex 0.7436497211456299 46.94389297068119 10.199999809265137
    endloop
  endfacet
  facet normal -0.8854232868652461 -0.46478554525366234 0
    outer loop
      vertex 1.4962818622589111 46.09450055658817 3.3000001907348633
      vertex 1.4962818622589111 46.09450055658817 10.199999809265137
      vertex 1.3169834613800049 46.4360666424036 10.199999809265137
    endloop
  endfacet
  facet normal -0.7484580982714617 -0.6631820829394195 0
    outer loop
      vertex 1.3169834613800049 46.4360666424036 3.3000001907348633
      vertex 1.3169834613800049 46.4360666424036 10.199999809265137
      vertex 1.0611546039581299 46.724791541695595 10.199999809265137
    endloop
  endfacet
  facet normal -0.12036196996364709 -0.9927300721678931 0
    outer loop
      vertex -0.000025510787963867188 47.12706424295902 3.3000001907348633
      vertex 0.3829319477081299 47.08063317835331 10.199999809265137
      vertex -0.000025510787963867188 47.12706424295902 10.199999809265137
    endloop
  endfacet
  facet normal -0.35446437551429966 -0.9350695196033595 0
    outer loop
      vertex 0.7436497211456299 46.94389297068119 3.3000001907348633
      vertex 0.7436497211456299 46.94389297068119 10.199999809265137
      vertex 0.3829319477081299 47.08063317835331 10.199999809265137
    endloop
  endfacet
  facet normal 1 0 0
    outer loop
      vertex 4.500294923782349 51.527064338326454 3.3000001907348633
      vertex 4.500294923782349 51.527064338326454 10.199999809265137
      vertex 4.500294923782349 40.527064338326454 10.199999809265137
    endloop
  endfacet
  facet normal 0 -1 0
    outer loop
      vertex 28.094212770462036 51.527064338326454 3.3000001907348633
      vertex 28.094212770462036 51.527064338326454 10.199999809265137
      vertex 4.500294923782349 51.527064338326454 10.199999809265137
    endloop
  endfacet
  facet normal -0.17364633928624823 -0.9848080771665539 0
    outer loop
      vertex 64.63185620307922 45.0845623165369 3.3000001907348633
      vertex 64.63185620307922 45.0845623165369 10.199999809265137
      vertex 28.094212770462036 51.527064338326454 10.199999809265137
    endloop
  endfacet
  facet normal 0.17364632446624237 0.9848080797796922 0
    outer loop
      vertex 28.3566792011261 54.52706430852413 3.3000001907348633
      vertex 28.3566792011261 54.52706430852413 10.199999809265137
      vertex 118.72710156440735 38.59249593317509 10.199999809265137
    endloop
  endfacet
  facet normal 0 0 1
    outer loop
      vertex -4.499712705612183 40.527064338326454 10.199999809265137
      vertex 4.500294923782349 40.527064338326454 10.199999809265137
      vertex -0.000017881393432617188 43.92706395685673 10.199999809265137
    endloop
  endfacet
  facet normal 0 0 1
    outer loop
      vertex -0.000017881393432617188 43.92706395685673 10.199999809265137
      vertex 4.500294923782349 40.527064338326454 10.199999809265137
      vertex 0.38293957710266113 43.973496451973915 10.199999809265137
    endloop
  endfacet
  facet normal 0 0 1
    outer loop
      vertex 4.500294923782349 40.527064338326454 10.199999809265137
      vertex 0.7436497211456299 44.11023809015751 10.199999809265137
      vertex 0.38293957710266113 43.973496451973915 10.199999809265137
    endloop
  endfacet
  facet normal 0 0 1
    outer loop
      vertex 4.500294923782349 40.527064338326454 10.199999809265137
      vertex 1.0611546039581299 44.32934094965458 10.199999809265137
      vertex 0.7436497211456299 44.11023809015751 10.199999809265137
    endloop
  endfacet
  facet normal 0 0 1
    outer loop
      vertex 4.500294923782349 40.527064338326454 10.199999809265137
      vertex 1.3169910907745361 44.61806680262089 10.199999809265137
      vertex 1.0611546039581299 44.32934094965458 10.199999809265137
    endloop
  endfacet
  facet normal 0 0 1
    outer loop
      vertex 4.500294923782349 40.527064338326454 10.199999809265137
      vertex 1.4962818622589111 44.959633842110634 10.199999809265137
      vertex 1.3169910907745361 44.61806680262089 10.199999809265137
    endloop
  endfacet
  facet normal 0 0 1
    outer loop
      vertex 4.500294923782349 40.527064338326454 10.199999809265137
      vertex 1.5886127948760986 45.33418561518192 10.199999809265137
      vertex 1.4962818622589111 44.959633842110634 10.199999809265137
    endloop
  endfacet
  facet normal 0 0 1
    outer loop
      vertex 4.500294923782349 40.527064338326454 10.199999809265137
      vertex 1.5886127948760986 45.719948783516884 10.199999809265137
      vertex 1.5886127948760986 45.33418561518192 10.199999809265137
    endloop
  endfacet
  facet normal 0 0 1
    outer loop
      vertex 4.500294923782349 40.527064338326454 10.199999809265137
      vertex 4.500294923782349 51.527064338326454 10.199999809265137
      vertex 1.5886127948760986 45.719948783516884 10.199999809265137
    endloop
  endfacet
  facet normal 0 0 1
    outer loop
      vertex 0.3829319477081299 47.08063317835331 10.199999809265137
      vertex 0.7436497211456299 46.94389297068119 10.199999809265137
      vertex 4.500294923782349 51.527064338326454 10.199999809265137
    endloop
  endfacet
  facet normal 0 0 1
    outer loop
      vertex -0.000025510787963867188 47.12706424295902 10.199999809265137
      vertex 0.3829319477081299 47.08063317835331 10.199999809265137
      vertex 4.500294923782349 51.527064338326454 10.199999809265137
    endloop
  endfacet
  facet normal 0 0 1
    outer loop
      vertex 1.5886127948760986 45.719948783516884 10.199999809265137
      vertex 4.500294923782349 51.527064338326454 10.199999809265137
      vertex 1.4962818622589111 46.09450055658817 10.199999809265137
    endloop
  endfacet
  facet normal 0 0 1
    outer loop
      vertex 1.4962818622589111 46.09450055658817 10.199999809265137
      vertex 4.500294923782349 51.527064338326454 10.199999809265137
      vertex 1.3169834613800049 46.4360666424036 10.199999809265137
    endloop
  endfacet
  facet normal 0 0 1
    outer loop
      vertex 1.3169834613800049 46.4360666424036 10.199999809265137
      vertex 4.500294923782349 51.527064338326454 10.199999809265137
      vertex 1.0611546039581299 46.724791541695595 10.199999809265137
    endloop
  endfacet
  facet normal 0 0 1
    outer loop
      vertex 1.0611546039581299 46.724791541695595 10.199999809265137
      vertex 4.500294923782349 51.527064338326454 10.199999809265137
      vertex 0.7436497211456299 46.94389297068119 10.199999809265137
    endloop
  endfacet
  facet normal 0 0 1
    outer loop
      vertex -0.000025510787963867188 47.12706424295902 10.199999809265137
      vertex 4.500294923782349 51.527064338326454 10.199999809265137
      vertex -4.499712705612183 51.527064338326454 10.199999809265137
    endloop
  endfacet
  facet normal 0 0 1
    outer loop
      vertex -4.499712705612183 51.527064338326454 10.199999809265137
      vertex 4.500294923782349 51.527064338326454 10.199999809265137
      vertex 28.3566792011261 54.52706430852413 10.199999809265137
    endloop
  endfacet
  facet normal 0 0 1
    outer loop
      vertex 4.500294923782349 51.527064338326454 10.199999809265137
      vertex 28.094212770462036 51.527064338326454 10.199999809265137
      vertex 28.3566792011261 54.52706430852413 10.199999809265137
    endloop
  endfacet
  facet normal 0 0 1
    outer loop
      vertex 28.094212770462036 51.527064338326454 10.199999809265137
      vertex 64.63185620307922 45.0845623165369 10.199999809265137
      vertex 28.3566792011261 54.52706430852413 10.199999809265137
    endloop
  endfacet
  facet normal 0.9848066451140961 -0.17365446075214666 0
    outer loop
      vertex 108.11171460151672 -50.40115641057491 10.199999809265137
      vertex 122.78290295600891 32.800183311104774 3.3000001907348633
      vertex 122.78290295600891 32.800183311104774 10.199999809265137
    endloop
  endfacet
  facet normal 0 0 1
    outer loop
      vertex 106.89381909370422 -40.032267555594444 10.199999809265137
      vertex 122.78290295600891 32.800183311104774 10.199999809265137
      vertex 119.82849621772766 33.32114697992802 10.199999809265137
    endloop
  endfacet
  facet normal -0.17365453819756746 -0.9848066314578662 0
    outer loop
      vertex 79.28981518745422 30.314738288521767 3.3000001907348633
      vertex 79.28981518745422 30.314738288521767 10.199999809265137
      vertex 62.54810070991516 33.266865745186806 10.199999809265137
    endloop
  endfacet
  facet normal -0.9848080845161701 0.17364629760404385 0
    outer loop
      vertex 62.54810070991516 33.266865745186806 3.3000001907348633
      vertex 62.54810070991516 33.266865745186806 10.199999809265137
      vertex 64.63185620307922 45.0845623165369 10.199999809265137
    endloop
  endfacet
  facet normal 0.9238834804129747 0.38267390114823413 0
    outer loop
      vertex 70.57521557807922 36.89971448481083 3.3000001907348633
      vertex 70.41537976264954 37.285603538155556 10.199999809265137
      vertex 70.57521557807922 36.89971448481083 10.199999809265137
    endloop
  endfacet
  facet normal 0.7933489726182341 0.6087671210287167 0
    outer loop
      vertex 70.82948803901672 36.568345084786415 3.3000001907348633
      vertex 70.57521557807922 36.89971448481083 10.199999809265137
      vertex 70.82948803901672 36.568345084786415 10.199999809265137
    endloop
  endfacet
  facet normal 0.9914445474057189 0.13052857702231127 0
    outer loop
      vertex 70.41537976264954 37.285603538155556 3.3000001907348633
      vertex 70.36086010932922 37.699713721871376 10.199999809265137
      vertex 70.41537976264954 37.285603538155556 10.199999809265137
    endloop
  endfacet
  facet normal 0.3826897693318384 0.9238769076282534 0
    outer loop
      vertex 71.5467426776886 36.15423680841923 3.3000001907348633
      vertex 71.16086316108704 36.31407643854618 10.199999809265137
      vertex 71.5467426776886 36.15423680841923 10.199999809265137
    endloop
  endfacet
  facet normal 0.13051995189102944 0.9914456829087328 0
    outer loop
      vertex 71.96086621284485 36.09971906244755 3.3000001907348633
      vertex 71.5467426776886 36.15423680841923 10.199999809265137
      vertex 71.96086621284485 36.09971906244755 10.199999809265137
    endloop
  endfacet
  facet normal 0.6087547563538793 0.793358460354794 0
    outer loop
      vertex 71.16086316108704 36.31407643854618 3.3000001907348633
      vertex 70.82948803901672 36.568345084786415 10.199999809265137
      vertex 71.16086316108704 36.31407643854618 10.199999809265137
    endloop
  endfacet
  facet normal -0.1305336566869842 0.991443878629509 0
    outer loop
      vertex 72.37497448921204 36.15424062311649 3.3000001907348633
      vertex 71.96086621284485 36.09971906244755 10.199999809265137
      vertex 72.37497448921204 36.15424062311649 10.199999809265137
    endloop
  endfacet
  facet normal -0.38269366713186465 0.9238752930656635 0
    outer loop
      vertex 72.7608540058136 36.31408216059208 3.3000001907348633
      vertex 72.37497448921204 36.15424062311649 10.199999809265137
      vertex 72.7608540058136 36.31408216059208 10.199999809265137
    endloop
  endfacet
  facet normal -0.6087576305522772 0.7933562549349298 0
    outer loop
      vertex 73.09222912788391 36.568352714180946 3.3000001907348633
      vertex 72.7608540058136 36.31408216059208 10.199999809265137
      vertex 73.09222912788391 36.568352714180946 10.199999809265137
    endloop
  endfacet
  facet normal -0.7933523572357469 0.608762710149434 0
    outer loop
      vertex 73.34650158882141 36.899725928902626 3.3000001907348633
      vertex 73.09222912788391 36.568352714180946 10.199999809265137
      vertex 73.34650158882141 36.899725928902626 10.199999809265137
    endloop
  endfacet
  facet normal -0.9238834804129747 0.38267390114823413 0
    outer loop
      vertex 73.5063374042511 37.28561498224735 3.3000001907348633
      vertex 73.34650158882141 36.899725928902626 10.199999809265137
      vertex 73.5063374042511 37.28561498224735 10.199999809265137
    endloop
  endfacet
  facet normal 0.9914492744421202 -0.13049266725833103 0
    outer loop
      vertex 70.36086010932922 37.699713721871376 3.3000001907348633
      vertex 70.41536450386047 38.113823905587196 10.199999809265137
      vertex 70.36086010932922 37.699713721871376 10.199999809265137
    endloop
  endfacet
  facet normal 0.923871233093454 -0.38270346831767904 0
    outer loop
      vertex 70.41536450386047 38.113823905587196 3.3000001907348633
      vertex 70.57521557807922 38.499714866280556 10.199999809265137
      vertex 70.41536450386047 38.113823905587196 10.199999809265137
    endloop
  endfacet
  facet normal 0.7933683085124821 -0.6087419215464326 0
    outer loop
      vertex 70.57521557807922 38.499714866280556 3.3000001907348633
      vertex 70.82947278022766 38.8310861736536 10.199999809265137
      vertex 70.57521557807922 38.499714866280556 10.199999809265137
    endloop
  endfacet
  facet normal 0.6087590676424876 -0.793355152225691 0
    outer loop
      vertex 70.82947278022766 38.8310861736536 3.3000001907348633
      vertex 71.16084790229797 39.085357680916786 10.199999809265137
      vertex 70.82947278022766 38.8310861736536 10.199999809265137
    endloop
  endfacet
  facet normal 0.38268075098648185 -0.9238806431701133 0
    outer loop
      vertex 71.16084790229797 39.085357680916786 3.3000001907348633
      vertex 71.5467426776886 39.24519921839237 10.199999809265137
      vertex 71.16084790229797 39.085357680916786 10.199999809265137
    endloop
  endfacet
  facet normal -0.6087709629802164 -0.7933460245265869 0
    outer loop
      vertex 72.7608540058136 39.085363402962685 3.3000001907348633
      vertex 73.09221386909485 38.83109571039677 10.199999809265137
      vertex 72.7608540058136 39.085363402962685 10.199999809265137
    endloop
  endfacet
  facet normal 0.1305314123359883 -0.9914441741185289 0
    outer loop
      vertex 71.5467426776886 39.24519921839237 3.3000001907348633
      vertex 71.96085095405579 39.299719825387 10.199999809265137
      vertex 71.5467426776886 39.24519921839237 10.199999809265137
    endloop
  endfacet
  facet normal -0.1305224349119381 -0.9914453560255647 0
    outer loop
      vertex 71.96085095405579 39.299719825387 3.3000001907348633
      vertex 72.37495923042297 39.24520303308964 10.199999809265137
      vertex 71.96085095405579 39.299719825387 10.199999809265137
    endloop
  endfacet
  facet normal -0.382676853272867 -0.9238822576330691 0
    outer loop
      vertex 72.37495923042297 39.24520303308964 3.3000001907348633
      vertex 72.7608540058136 39.085363402962685 10.199999809265137
      vertex 72.37495923042297 39.24520303308964 10.199999809265137
    endloop
  endfacet
  facet normal -0.9914445474057189 0.13052857702231127 0
    outer loop
      vertex 73.56085705757141 37.69972516596317 3.3000001907348633
      vertex 73.5063374042511 37.28561498224735 10.199999809265137
      vertex 73.56085705757141 37.69972516596317 10.199999809265137
    endloop
  endfacet
  facet normal -0.9914445474057189 -0.13052857702231127 0
    outer loop
      vertex 73.5063374042511 38.11383534967899 3.3000001907348633
      vertex 73.56085705757141 37.69972516596317 10.199999809265137
      vertex 73.5063374042511 38.11383534967899 10.199999809265137
    endloop
  endfacet
  facet normal -0.9238705642808239 -0.3827050828711739 0
    outer loop
      vertex 73.34648633003235 38.49972440302372 3.3000001907348633
      vertex 73.5063374042511 38.11383534967899 10.199999809265137
      vertex 73.34648633003235 38.49972440302372 10.199999809265137
    endloop
  endfacet
  facet normal -0.7933506649361869 -0.6087649155834376 0
    outer loop
      vertex 73.09221386909485 38.83109571039677 3.3000001907348633
      vertex 73.34648633003235 38.49972440302372 10.199999809265137
      vertex 73.09221386909485 38.83109571039677 10.199999809265137
    endloop
  endfacet
  facet normal 0.9848080018836667 -0.1736467662408369 0
    outer loop
      vertex 81.37360119819641 42.132575049996376 3.3000001907348633
      vertex 81.37360119819641 42.132575049996376 10.199999809265137
      vertex 79.28981518745422 30.314738288521767 10.199999809265137
    endloop
  endfacet
  facet normal -0.173646310330067 -0.9848080822722538 0
    outer loop
      vertex 118.2061665058136 35.63807202875614 3.3000001907348633
      vertex 118.2061665058136 35.63807202875614 10.199999809265137
      vertex 81.37360119819641 42.132575049996376 10.199999809265137
    endloop
  endfacet
  facet normal -0.9990488793845792 0.04360431859823726 0
    outer loop
      vertex 119.85126233100891 33.84275723993778 3.3000001907348633
      vertex 119.82849621772766 33.32114697992802 10.199999809265137
      vertex 119.85126233100891 33.84275723993778 10.199999809265137
    endloop
  endfacet
  facet normal 0.9980569706915169 -0.06230797103158318 0
    outer loop
      vertex 122.78290295600891 32.800183311104774 3.3000001907348633
      vertex 122.85266613960266 33.91765882074833 10.199999809265137
      vertex 122.78290295600891 32.800183311104774 10.199999809265137
    endloop
  endfacet
  facet normal -0.3007085806647476 -0.9537160738472393 0
    outer loop
      vertex 118.2061665058136 35.63807202875614 3.3000001907348633
      vertex 118.70410656929016 35.48107053339481 10.199999809265137
      vertex 118.2061665058136 35.63807202875614 10.199999809265137
    endloop
  endfacet
  facet normal -0.5372874337282965 -0.8433992017767514 0
    outer loop
      vertex 118.70410656929016 35.48107053339481 3.3000001907348633
      vertex 119.14445996284485 35.20054341852665 10.199999809265137
      vertex 118.70410656929016 35.48107053339481 10.199999809265137
    endloop
  endfacet
  facet normal -0.9763014196058585 -0.21641519834703252 0
    outer loop
      vertex 119.7382709980011 34.35248853266239 3.3000001907348633
      vertex 119.85126233100891 33.84275723993778 10.199999809265137
      vertex 119.7382709980011 34.35248853266239 10.199999809265137
    endloop
  endfacet
  facet normal -0.8870060500599737 -0.4617578014035101 0
    outer loop
      vertex 119.4971821308136 34.81560422480106 3.3000001907348633
      vertex 119.7382709980011 34.35248853266239 10.199999809265137
      vertex 119.4971821308136 34.81560422480106 10.199999809265137
    endloop
  endfacet
  facet normal -0.7372865099909657 -0.6755801967089783 0
    outer loop
      vertex 119.14445996284485 35.20054341852665 3.3000001907348633
      vertex 119.4971821308136 34.81560422480106 10.199999809265137
      vertex 119.14445996284485 35.20054341852665 10.199999809265137
    endloop
  endfacet
  facet normal 0.9868960119179601 0.16135755842360044 0
    outer loop
      vertex 122.67200207710266 35.022637382149696 3.3000001907348633
      vertex 122.67200207710266 35.022637382149696 10.199999809265137
      vertex 122.85266613960266 33.91765882074833 10.199999809265137
    endloop
  endfacet
  facet normal 0.926248230920719 0.3769140680795007 0
    outer loop
      vertex 122.2499897480011 36.059712424874306 3.3000001907348633
      vertex 122.2499897480011 36.059712424874306 10.199999809265137
      vertex 122.67200207710266 35.022637382149696 10.199999809265137
    endloop
  endfacet
  facet normal 0.8191561235778598 0.5735706104786873 0
    outer loop
      vertex 121.60779309272766 36.97687818109989 3.3000001907348633
      vertex 121.60779309272766 36.97687818109989 10.199999809265137
      vertex 122.2499897480011 36.059712424874306 10.199999809265137
    endloop
  endfacet
  facet normal 0.6709786240105248 0.7414766929047351 0
    outer loop
      vertex 120.77759289741516 37.72814466059208 3.3000001907348633
      vertex 120.77759289741516 37.72814466059208 10.199999809265137
      vertex 121.60779309272766 36.97687818109989 10.199999809265137
    endloop
  endfacet
  facet normal 0.4891654203011902 0.8721910292943628 0
    outer loop
      vertex 119.80104565620422 38.275837913155556 3.3000001907348633
      vertex 119.80104565620422 38.275837913155556 10.199999809265137
      vertex 120.77759289741516 37.72814466059208 10.199999809265137
    endloop
  endfacet
  facet normal 0.2828173919589026 0.9591737709120097 0
    outer loop
      vertex 119.80104565620422 38.275837913155556 3.3000001907348633
      vertex 118.72710156440735 38.59249593317509 10.199999809265137
      vertex 119.80104565620422 38.275837913155556 10.199999809265137
    endloop
  endfacet
  facet normal 0 0 1
    outer loop
      vertex 62.54810070991516 33.266865745186806 10.199999809265137
      vertex 79.28981518745422 30.314738288521767 10.199999809265137
      vertex 71.96086621284485 36.09971906244755 10.199999809265137
    endloop
  endfacet
  facet normal 0 0 1
    outer loop
      vertex 62.54810070991516 33.266865745186806 10.199999809265137
      vertex 70.82948803901672 36.568345084786415 10.199999809265137
      vertex 70.57521557807922 36.89971448481083 10.199999809265137
    endloop
  endfacet
  facet normal 0 0 1
    outer loop
      vertex 62.54810070991516 33.266865745186806 10.199999809265137
      vertex 71.5467426776886 36.15423680841923 10.199999809265137
      vertex 71.16086316108704 36.31407643854618 10.199999809265137
    endloop
  endfacet
  facet normal 0 0 1
    outer loop
      vertex 62.54810070991516 33.266865745186806 10.199999809265137
      vertex 71.96086621284485 36.09971906244755 10.199999809265137
      vertex 71.5467426776886 36.15423680841923 10.199999809265137
    endloop
  endfacet
  facet normal 0 0 1
    outer loop
      vertex 62.54810070991516 33.266865745186806 10.199999809265137
      vertex 71.16086316108704 36.31407643854618 10.199999809265137
      vertex 70.82948803901672 36.568345084786415 10.199999809265137
    endloop
  endfacet
  facet normal 0 0 1
    outer loop
      vertex 62.54810070991516 33.266865745186806 10.199999809265137
      vertex 70.57521557807922 36.89971448481083 10.199999809265137
      vertex 70.41537976264954 37.285603538155556 10.199999809265137
    endloop
  endfacet
  facet normal 0 0 1
    outer loop
      vertex 62.54810070991516 33.266865745186806 10.199999809265137
      vertex 70.41537976264954 37.285603538155556 10.199999809265137
      vertex 70.36086010932922 37.699713721871376 10.199999809265137
    endloop
  endfacet
  facet normal 0 0 1
    outer loop
      vertex 62.54810070991516 33.266865745186806 10.199999809265137
      vertex 70.36086010932922 37.699713721871376 10.199999809265137
      vertex 70.41536450386047 38.113823905587196 10.199999809265137
    endloop
  endfacet
  facet normal 0 0 1
    outer loop
      vertex 62.54810070991516 33.266865745186806 10.199999809265137
      vertex 70.41536450386047 38.113823905587196 10.199999809265137
      vertex 64.63185620307922 45.0845623165369 10.199999809265137
    endloop
  endfacet
  facet normal 0 0 1
    outer loop
      vertex 70.41536450386047 38.113823905587196 10.199999809265137
      vertex 70.57521557807922 38.499714866280556 10.199999809265137
      vertex 64.63185620307922 45.0845623165369 10.199999809265137
    endloop
  endfacet
  facet normal 0 0 1
    outer loop
      vertex 70.57521557807922 38.499714866280556 10.199999809265137
      vertex 70.82947278022766 38.8310861736536 10.199999809265137
      vertex 64.63185620307922 45.0845623165369 10.199999809265137
    endloop
  endfacet
  facet normal 0 0 1
    outer loop
      vertex 71.96086621284485 36.09971906244755 10.199999809265137
      vertex 79.28981518745422 30.314738288521767 10.199999809265137
      vertex 72.37497448921204 36.15424062311649 10.199999809265137
    endloop
  endfacet
  facet normal 0 0 1
    outer loop
      vertex 72.37497448921204 36.15424062311649 10.199999809265137
      vertex 79.28981518745422 30.314738288521767 10.199999809265137
      vertex 72.7608540058136 36.31408216059208 10.199999809265137
    endloop
  endfacet
  facet normal 0 0 1
    outer loop
      vertex 72.7608540058136 36.31408216059208 10.199999809265137
      vertex 79.28981518745422 30.314738288521767 10.199999809265137
      vertex 73.09222912788391 36.568352714180946 10.199999809265137
    endloop
  endfacet
  facet normal 0 0 1
    outer loop
      vertex 73.09222912788391 36.568352714180946 10.199999809265137
      vertex 79.28981518745422 30.314738288521767 10.199999809265137
      vertex 73.34650158882141 36.899725928902626 10.199999809265137
    endloop
  endfacet
  facet normal 0 0 1
    outer loop
      vertex 73.34650158882141 36.899725928902626 10.199999809265137
      vertex 79.28981518745422 30.314738288521767 10.199999809265137
      vertex 73.5063374042511 37.28561498224735 10.199999809265137
    endloop
  endfacet
  facet normal 0 0 1
    outer loop
      vertex 73.5063374042511 37.28561498224735 10.199999809265137
      vertex 81.37360119819641 42.132575049996376 10.199999809265137
      vertex 73.56085705757141 37.69972516596317 10.199999809265137
    endloop
  endfacet
  facet normal 0 0 1
    outer loop
      vertex 72.7608540058136 39.085363402962685 10.199999809265137
      vertex 73.09221386909485 38.83109571039677 10.199999809265137
      vertex 81.37360119819641 42.132575049996376 10.199999809265137
    endloop
  endfacet
  facet normal 0 0 1
    outer loop
      vertex 73.56085705757141 37.69972516596317 10.199999809265137
      vertex 81.37360119819641 42.132575049996376 10.199999809265137
      vertex 73.5063374042511 38.11383534967899 10.199999809265137
    endloop
  endfacet
  facet normal 0 0 1
    outer loop
      vertex 73.5063374042511 38.11383534967899 10.199999809265137
      vertex 81.37360119819641 42.132575049996376 10.199999809265137
      vertex 73.34648633003235 38.49972440302372 10.199999809265137
    endloop
  endfacet
  facet normal 0 0 1
    outer loop
      vertex 73.34648633003235 38.49972440302372 10.199999809265137
      vertex 81.37360119819641 42.132575049996376 10.199999809265137
      vertex 73.09221386909485 38.83109571039677 10.199999809265137
    endloop
  endfacet
  facet normal 0 0 1
    outer loop
      vertex 71.96085095405579 39.299719825387 10.199999809265137
      vertex 72.37495923042297 39.24520303308964 10.199999809265137
      vertex 81.37360119819641 42.132575049996376 10.199999809265137
    endloop
  endfacet
  facet normal 0 0 1
    outer loop
      vertex 72.7608540058136 39.085363402962685 10.199999809265137
      vertex 81.37360119819641 42.132575049996376 10.199999809265137
      vertex 72.37495923042297 39.24520303308964 10.199999809265137
    endloop
  endfacet
  facet normal 0 0 1
    outer loop
      vertex 73.5063374042511 37.28561498224735 10.199999809265137
      vertex 79.28981518745422 30.314738288521767 10.199999809265137
      vertex 81.37360119819641 42.132575049996376 10.199999809265137
    endloop
  endfacet
  facet normal 0 0 1
    outer loop
      vertex 70.82947278022766 38.8310861736536 10.199999809265137
      vertex 71.16084790229797 39.085357680916786 10.199999809265137
      vertex 64.63185620307922 45.0845623165369 10.199999809265137
    endloop
  endfacet
  facet normal 0 0 1
    outer loop
      vertex 71.16084790229797 39.085357680916786 10.199999809265137
      vertex 71.5467426776886 39.24519921839237 10.199999809265137
      vertex 64.63185620307922 45.0845623165369 10.199999809265137
    endloop
  endfacet
  facet normal 0 0 1
    outer loop
      vertex 71.5467426776886 39.24519921839237 10.199999809265137
      vertex 71.96085095405579 39.299719825387 10.199999809265137
      vertex 64.63185620307922 45.0845623165369 10.199999809265137
    endloop
  endfacet
  facet normal 0 0 1
    outer loop
      vertex 71.96085095405579 39.299719825387 10.199999809265137
      vertex 81.37360119819641 42.132575049996376 10.199999809265137
      vertex 64.63185620307922 45.0845623165369 10.199999809265137
    endloop
  endfacet
  facet normal 0 0 1
    outer loop
      vertex 28.3566792011261 54.52706430852413 10.199999809265137
      vertex 64.63185620307922 45.0845623165369 10.199999809265137
      vertex 118.72710156440735 38.59249593317509 10.199999809265137
    endloop
  endfacet
  facet normal 0 0 1
    outer loop
      vertex 64.63185620307922 45.0845623165369 10.199999809265137
      vertex 81.37360119819641 42.132575049996376 10.199999809265137
      vertex 118.72710156440735 38.59249593317509 10.199999809265137
    endloop
  endfacet
  facet normal 0 0 1
    outer loop
      vertex 81.37360119819641 42.132575049996376 10.199999809265137
      vertex 118.2061665058136 35.63807202875614 10.199999809265137
      vertex 118.72710156440735 38.59249593317509 10.199999809265137
    endloop
  endfacet
  facet normal 0 0 1
    outer loop
      vertex 119.82849621772766 33.32114697992802 10.199999809265137
      vertex 122.85266613960266 33.91765882074833 10.199999809265137
      vertex 119.85126233100891 33.84275723993778 10.199999809265137
    endloop
  endfacet
  facet normal 0 0 1
    outer loop
      vertex 119.85126233100891 33.84275723993778 10.199999809265137
      vertex 122.85266613960266 33.91765882074833 10.199999809265137
      vertex 119.7382709980011 34.35248853266239 10.199999809265137
    endloop
  endfacet
  facet normal 0 0 1
    outer loop
      vertex 119.82849621772766 33.32114697992802 10.199999809265137
      vertex 122.78290295600891 32.800183311104774 10.199999809265137
      vertex 122.85266613960266 33.91765882074833 10.199999809265137
    endloop
  endfacet
  facet normal 0 0 1
    outer loop
      vertex 119.7382709980011 34.35248853266239 10.199999809265137
      vertex 122.67200207710266 35.022637382149696 10.199999809265137
      vertex 119.4971821308136 34.81560422480106 10.199999809265137
    endloop
  endfacet
  facet normal 0 0 1
    outer loop
      vertex 119.4971821308136 34.81560422480106 10.199999809265137
      vertex 122.67200207710266 35.022637382149696 10.199999809265137
      vertex 119.14445996284485 35.20054341852665 10.199999809265137
    endloop
  endfacet
  facet normal 0 0 1
    outer loop
      vertex 118.70410656929016 35.48107053339481 10.199999809265137
      vertex 119.14445996284485 35.20054341852665 10.199999809265137
      vertex 122.2499897480011 36.059712424874306 10.199999809265137
    endloop
  endfacet
  facet normal 0 0 1
    outer loop
      vertex 122.85266613960266 33.91765882074833 10.199999809265137
      vertex 122.67200207710266 35.022637382149696 10.199999809265137
      vertex 119.7382709980011 34.35248853266239 10.199999809265137
    endloop
  endfacet
  facet normal 0 0 1
    outer loop
      vertex 119.14445996284485 35.20054341852665 10.199999809265137
      vertex 122.67200207710266 35.022637382149696 10.199999809265137
      vertex 122.2499897480011 36.059712424874306 10.199999809265137
    endloop
  endfacet
  facet normal 0 0 1
    outer loop
      vertex 118.2061665058136 35.63807202875614 10.199999809265137
      vertex 118.70410656929016 35.48107053339481 10.199999809265137
      vertex 121.60779309272766 36.97687818109989 10.199999809265137
    endloop
  endfacet
  facet normal 0 0 1
    outer loop
      vertex 118.70410656929016 35.48107053339481 10.199999809265137
      vertex 122.2499897480011 36.059712424874306 10.199999809265137
      vertex 121.60779309272766 36.97687818109989 10.199999809265137
    endloop
  endfacet
  facet normal 0 0 1
    outer loop
      vertex 118.2061665058136 35.63807202875614 10.199999809265137
      vertex 120.77759289741516 37.72814466059208 10.199999809265137
      vertex 119.80104565620422 38.275837913155556 10.199999809265137
    endloop
  endfacet
  facet normal 0 0 1
    outer loop
      vertex 118.2061665058136 35.63807202875614 10.199999809265137
      vertex 121.60779309272766 36.97687818109989 10.199999809265137
      vertex 120.77759289741516 37.72814466059208 10.199999809265137
    endloop
  endfacet
  facet normal 0 0 1
    outer loop
      vertex 118.2061665058136 35.63807202875614 10.199999809265137
      vertex 119.80104565620422 38.275837913155556 10.199999809265137
      vertex 118.72710156440735 38.59249593317509 10.199999809265137
    endloop
  endfacet
  facet normal -1 0 0
    outer loop
      vertex -27 -40 3.3
      vertex -27 -40 3.3000001907348633
      vertex -27 -38.41546915471554 3.3000001907348633
    endloop
  endfacet
  facet normal 0 -1 0
    outer loop
      vertex -27 -40 3.3
      vertex -20 -40 3.3000001907348633
      vertex -27 -40 3.3000001907348633
    endloop
  endfacet
  facet normal -1 0 0
    outer loop
      vertex -27 -40 3.3
      vertex -27 -38.41546915471554 3.3000001907348633
      vertex -27 -27.5 3.3
    endloop
  endfacet
  facet normal 0 0 -1
    outer loop
      vertex -27 -40 3.3
      vertex -22.830531532217446 -33.70870828452812 3.3
      vertex -22.478976341281168 -33.874137600257484 3.3
    endloop
  endfacet
  facet normal 0 0 -1
    outer loop
      vertex -27 -40 3.3
      vertex -22.478976341281168 -33.874137600257484 3.3
      vertex -22.097325305270438 -33.94694142906382 3.3
    endloop
  endfacet
  facet normal 0 0 -1
    outer loop
      vertex -27 -40 3.3
      vertex -23.358275354067988 -33.146718194857655 3.3
      vertex -23.129901372503188 -33.461048014189466 3.3
    endloop
  endfacet
  facet normal 0 0 -1
    outer loop
      vertex -27 -40 3.3
      vertex -23.129901372503188 -33.461048014189466 3.3
      vertex -22.830531532217446 -33.70870828452812 3.3
    endloop
  endfacet
  facet normal 0 0 -1
    outer loop
      vertex -27 -40 3.3
      vertex -23.501303899749377 -32.785469325105524 3.3
      vertex -23.358275354067988 -33.146718194857655 3.3
    endloop
  endfacet
  facet normal 0 0 -1
    outer loop
      vertex -27 -40 3.3
      vertex -23.55 -32.4 3.3
      vertex -23.501303899749377 -32.785469325105524 3.3
    endloop
  endfacet
  facet normal 0 -1 0
    outer loop
      vertex -27 -40 3.3
      vertex -20 -40 3.3
      vertex -20 -40 3.3000001907348633
    endloop
  endfacet
  facet normal 0 0 -1
    outer loop
      vertex -27 -40 3.3
      vertex -14 -38.8 3.3
      vertex -20 -40 3.3
    endloop
  endfacet
  facet normal 0 0 -1
    outer loop
      vertex -27 -40 3.3
      vertex -22.097325305270438 -33.94694142906382 3.3
      vertex -14 -38.8 3.3
    endloop
  endfacet
  facet normal 0 0 -1
    outer loop
      vertex -22.097325305270438 -33.94694142906382 3.3
      vertex -21.709558962392126 -33.92254523862947 3.3
      vertex -14 -38.8 3.3
    endloop
  endfacet
  facet normal 0 0 -1
    outer loop
      vertex -21.709558962392126 -33.92254523862947 3.3
      vertex -21.340042098074136 -33.802481931322326 3.3
      vertex -14 -38.8 3.3
    endloop
  endfacet
  facet normal 0 0 -1
    outer loop
      vertex -21.340042098074136 -33.802481931322326 3.3
      vertex -21.01199281588953 -33.594295526302474 3.3
      vertex -14 -38.8 3.3
    endloop
  endfacet
  facet normal 0 0 -1
    outer loop
      vertex -21.01199281588953 -33.594295526302474 3.3
      vertex -20.74602365871883 -33.31106714105333 3.3
      vertex -14 -38.8 3.3
    endloop
  endfacet
  facet normal 0 0 -1
    outer loop
      vertex -20.74602365871883 -33.31106714105333 3.3
      vertex -20.55884644687321 -32.97059305666125 3.3
      vertex -14 -38.8 3.3
    endloop
  endfacet
  facet normal 0 0 -1
    outer loop
      vertex -27 -40 3.3
      vertex -27 -27.5 3.3
      vertex -23.55 -32.4 3.3
    endloop
  endfacet
  facet normal 0 0 -1
    outer loop
      vertex -23.55 -32.4 3.3
      vertex -27 -27.5 3.3
      vertex -23.501303899749377 -32.01453067489447 3.3
    endloop
  endfacet
  facet normal 0 0 -1
    outer loop
      vertex -23.501303899749377 -32.01453067489447 3.3
      vertex -27 -27.5 3.3
      vertex -23.358275354067988 -31.65328180514234 3.3
    endloop
  endfacet
  facet normal 0 0 -1
    outer loop
      vertex -23.358275354067988 -31.65328180514234 3.3
      vertex -27 -27.5 3.3
      vertex -23.129901372503188 -31.33895198581053 3.3
    endloop
  endfacet
  facet normal 0 0 -1
    outer loop
      vertex -23.129901372503188 -31.33895198581053 3.3
      vertex -27 -27.5 3.3
      vertex -22.830531532217446 -31.091291715471876 3.3
    endloop
  endfacet
  facet normal 0 0 -1
    outer loop
      vertex -27 -27.5 3.3
      vertex -22.478976341281168 -30.92586239974251 3.3
      vertex -22.830531532217446 -31.091291715471876 3.3
    endloop
  endfacet
  facet normal 0 0 -1
    outer loop
      vertex -20.55884644687321 -32.97059305666125 3.3
      vertex -14 -27.5 3.3
      vertex -14 -38.8 3.3
    endloop
  endfacet
  facet normal 0 0 -1
    outer loop
      vertex -20.55884644687321 -32.97059305666125 3.3
      vertex -20.46222221296256 -32.59426651202467 3.3
      vertex -14 -27.5 3.3
    endloop
  endfacet
  facet normal 0 0 -1
    outer loop
      vertex -20.46222221296256 -32.59426651202467 3.3
      vertex -20.46222221296256 -32.20573348797533 3.3
      vertex -14 -27.5 3.3
    endloop
  endfacet
  facet normal 0 0 -1
    outer loop
      vertex -22.478976341281168 -30.92586239974251 3.3
      vertex -14 -27.5 3.3
      vertex -22.097325305270434 -30.853058570936177 3.3
    endloop
  endfacet
  facet normal 0 0 -1
    outer loop
      vertex -22.097325305270434 -30.853058570936177 3.3
      vertex -14 -27.5 3.3
      vertex -21.709558962392126 -30.87745476137053 3.3
    endloop
  endfacet
  facet normal 0 0 -1
    outer loop
      vertex -27 -27.5 3.3
      vertex -14 -27.5 3.3
      vertex -22.478976341281168 -30.92586239974251 3.3
    endloop
  endfacet
  facet normal 0 1 0
    outer loop
      vertex -27 -27.5 3.3
      vertex -19.99958300590515 -27.5 3.3000001907348633
      vertex -14 -27.5 3.3
    endloop
  endfacet
  facet normal 0 0 -1
    outer loop
      vertex -20.46222221296256 -32.20573348797533 3.3
      vertex -20.55884644687321 -31.829406943338746 3.3
      vertex -14 -27.5 3.3
    endloop
  endfacet
  facet normal 0 0 -1
    outer loop
      vertex -20.55884644687321 -31.829406943338746 3.3
      vertex -20.74602365871883 -31.488932858946665 3.3
      vertex -14 -27.5 3.3
    endloop
  endfacet
  facet normal 0 0 -1
    outer loop
      vertex -21.340042098074136 -30.997518068677667 3.3
      vertex -14 -27.5 3.3
      vertex -21.01199281588953 -31.205704473697526 3.3
    endloop
  endfacet
  facet normal 0 0 -1
    outer loop
      vertex -20.74602365871883 -31.488932858946665 3.3
      vertex -21.01199281588953 -31.205704473697526 3.3
      vertex -14 -27.5 3.3
    endloop
  endfacet
  facet normal 0 0 -1
    outer loop
      vertex -21.709558962392126 -30.87745476137053 3.3
      vertex -14 -27.5 3.3
      vertex -21.340042098074136 -30.997518068677667 3.3
    endloop
  endfacet
  facet normal 0 1 0
    outer loop
      vertex -19.99958300590515 -27.5 3.3000001907348633
      vertex -14 -27.5 3.3000001907348633
      vertex -14 -27.5 3.3
    endloop
  endfacet
  facet normal 0 0 -1
    outer loop
      vertex -20 -40 3.3
      vertex -14 -38.8 3.3
      vertex -5 -40 3.3
    endloop
  endfacet
  facet normal 0 0 -1
    outer loop
      vertex -14 -38.8 3.3
      vertex -5 -39.11764705882353 3.3
      vertex -5 -40 3.3
    endloop
  endfacet
  facet normal 0 0 -1
    outer loop
      vertex -14 -38.8 3.3
      vertex 14 -38.8 3.3
      vertex -5 -39.11764705882353 3.3
    endloop
  endfacet
  facet normal -1 0 0
    outer loop
      vertex -27 -38.41546915471554 3.3000001907348633
      vertex -27 -27.5 10.2
      vertex -27 -27.5 3.3
    endloop
  endfacet
  facet normal 0 1 0
    outer loop
      vertex -27 -27.5 3.3
      vertex -19.99958300590515 -27.5 10.199999809265137
      vertex -19.99958300590515 -27.5 3.3000001907348633
    endloop
  endfacet
  facet normal -1 0 0
    outer loop
      vertex -27 -38.41546915471554 3.3000001907348633
      vertex -27 -38.41546915471554 10.199999809265137
      vertex -27 -27.5 10.2
    endloop
  endfacet
  facet normal 0 1 0
    outer loop
      vertex -27 -27.5 3.3
      vertex -27 -27.5 10.2
      vertex -19.99958300590515 -27.5 10.199999809265137
    endloop
  endfacet
  facet normal -1 0 0
    outer loop
      vertex -27 -40 10.2
      vertex -27 -38.41546915471554 10.199999809265137
      vertex -27 -40 10.199999809265137
    endloop
  endfacet
  facet normal 0 -1 0
    outer loop
      vertex -27 -40 10.2
      vertex -27 -40 10.199999809265137
      vertex -20 -40 10.2
    endloop
  endfacet
  facet normal -1 0 0
    outer loop
      vertex -27 -40 10.2
      vertex -27 -27.5 10.2
      vertex -27 -38.41546915471554 10.199999809265137
    endloop
  endfacet
  facet normal 0 0 1
    outer loop
      vertex -27 -40 10.2
      vertex -20 -40 10.2
      vertex -27 -27.5 10.2
    endloop
  endfacet
  facet normal 0 -1 0
    outer loop
      vertex -27 -40 10.199999809265137
      vertex -20 -40 10.199999809265137
      vertex -20 -40 10.2
    endloop
  endfacet
  facet normal 0 0 1
    outer loop
      vertex -20 -40 10.2
      vertex -14 -38.8 10.2
      vertex -21.340042098074136 -33.802481931322326 10.2
    endloop
  endfacet
  facet normal 0 0 1
    outer loop
      vertex -20 -40 10.2
      vertex -22.478976341281168 -33.874137600257484 10.2
      vertex -22.830531532217446 -33.70870828452812 10.2
    endloop
  endfacet
  facet normal 0 0 1
    outer loop
      vertex -20 -40 10.2
      vertex -22.097325305270438 -33.94694142906382 10.2
      vertex -22.478976341281168 -33.874137600257484 10.2
    endloop
  endfacet
  facet normal 0 0 1
    outer loop
      vertex -20 -40 10.2
      vertex -21.709558962392126 -33.92254523862947 10.2
      vertex -22.097325305270438 -33.94694142906382 10.2
    endloop
  endfacet
  facet normal 0 0 1
    outer loop
      vertex -20 -40 10.2
      vertex -21.340042098074136 -33.802481931322326 10.2
      vertex -21.709558962392126 -33.92254523862947 10.2
    endloop
  endfacet
  facet normal 0 0 1
    outer loop
      vertex -20 -40 10.2
      vertex -23.129901372503188 -33.461048014189466 10.2
      vertex -23.358275354067988 -33.146718194857655 10.2
    endloop
  endfacet
  facet normal 0 0 1
    outer loop
      vertex -20 -40 10.2
      vertex -22.830531532217446 -33.70870828452812 10.2
      vertex -23.129901372503188 -33.461048014189466 10.2
    endloop
  endfacet
  facet normal 0 0 1
    outer loop
      vertex -21.340042098074136 -33.802481931322326 10.2
      vertex -14 -38.8 10.2
      vertex -21.01199281588953 -33.594295526302474 10.2
    endloop
  endfacet
  facet normal 0 0 1
    outer loop
      vertex -21.01199281588953 -33.594295526302474 10.2
      vertex -14 -38.8 10.2
      vertex -20.74602365871883 -33.31106714105333 10.2
    endloop
  endfacet
  facet normal 0 0 1
    outer loop
      vertex -20.74602365871883 -33.31106714105333 10.2
      vertex -14 -38.8 10.2
      vertex -20.55884644687321 -32.97059305666125 10.2
    endloop
  endfacet
  facet normal 0 0 1
    outer loop
      vertex -20.55884644687321 -32.97059305666125 10.2
      vertex -14 -38.8 10.2
      vertex -20.46222221296256 -32.59426651202467 10.2
    endloop
  endfacet
  facet normal 0 0 1
    outer loop
      vertex -20 -40 10.2
      vertex -23.358275354067988 -33.146718194857655 10.2
      vertex -27 -27.5 10.2
    endloop
  endfacet
  facet normal 0 0 1
    outer loop
      vertex -23.358275354067988 -33.146718194857655 10.2
      vertex -23.501303899749377 -32.785469325105524 10.2
      vertex -27 -27.5 10.2
    endloop
  endfacet
  facet normal 0 0 1
    outer loop
      vertex -23.55 -32.4 10.2
      vertex -27 -27.5 10.2
      vertex -23.501303899749377 -32.785469325105524 10.2
    endloop
  endfacet
  facet normal 0 0 1
    outer loop
      vertex -23.55 -32.4 10.2
      vertex -23.501303899749377 -32.01453067489447 10.2
      vertex -27 -27.5 10.2
    endloop
  endfacet
  facet normal 0 0 1
    outer loop
      vertex -23.501303899749377 -32.01453067489447 10.2
      vertex -23.358275354067988 -31.65328180514234 10.2
      vertex -27 -27.5 10.2
    endloop
  endfacet
  facet normal 0 0 1
    outer loop
      vertex -23.358275354067988 -31.65328180514234 10.2
      vertex -23.129901372503188 -31.33895198581053 10.2
      vertex -27 -27.5 10.2
    endloop
  endfacet
  facet normal 0 0 1
    outer loop
      vertex -23.129901372503188 -31.33895198581053 10.2
      vertex -22.830531532217446 -31.091291715471876 10.2
      vertex -27 -27.5 10.2
    endloop
  endfacet
  facet normal 0 0 1
    outer loop
      vertex -27 -27.5 10.2
      vertex -22.830531532217446 -31.091291715471876 10.2
      vertex -22.478976341281168 -30.92586239974251 10.2
    endloop
  endfacet
  facet normal 0 0 1
    outer loop
      vertex -27 -27.5 10.2
      vertex -22.478976341281168 -30.92586239974251 10.2
      vertex -22.097325305270434 -30.853058570936177 10.2
    endloop
  endfacet
  facet normal 0 0 1
    outer loop
      vertex -27 -27.5 10.2
      vertex -22.097325305270434 -30.853058570936177 10.2
      vertex -21.709558962392126 -30.87745476137053 10.2
    endloop
  endfacet
  facet normal 0 0 1
    outer loop
      vertex -27 -27.5 10.2
      vertex -21.709558962392126 -30.87745476137053 10.2
      vertex -21.340042098074136 -30.997518068677667 10.2
    endloop
  endfacet
  facet normal 0 0 1
    outer loop
      vertex -20.46222221296256 -32.59426651202467 10.2
      vertex -14 -38.8 10.2
      vertex -14 -27.5 10.2
    endloop
  endfacet
  facet normal 0 0 1
    outer loop
      vertex -20.46222221296256 -32.59426651202467 10.2
      vertex -14 -27.5 10.2
      vertex -20.46222221296256 -32.20573348797533 10.2
    endloop
  endfacet
  facet normal 0 0 1
    outer loop
      vertex -27 -27.5 10.2
      vertex -21.340042098074136 -30.997518068677667 10.2
      vertex -14 -27.5 10.2
    endloop
  endfacet
  facet normal 0 1 0
    outer loop
      vertex -27 -27.5 10.2
      vertex -14 -27.5 10.2
      vertex -19.99958300590515 -27.5 10.199999809265137
    endloop
  endfacet
  facet normal 0 0 1
    outer loop
      vertex -20.46222221296256 -32.20573348797533 10.2
      vertex -14 -27.5 10.2
      vertex -20.55884644687321 -31.829406943338746 10.2
    endloop
  endfacet
  facet normal 0 0 1
    outer loop
      vertex -20.55884644687321 -31.829406943338746 10.2
      vertex -14 -27.5 10.2
      vertex -20.74602365871883 -31.488932858946665 10.2
    endloop
  endfacet
  facet normal 0 0 1
    outer loop
      vertex -21.340042098074136 -30.997518068677667 10.2
      vertex -21.01199281588953 -31.205704473697526 10.2
      vertex -14 -27.5 10.2
    endloop
  endfacet
  facet normal 0 0 1
    outer loop
      vertex -20.74602365871883 -31.488932858946665 10.2
      vertex -14 -27.5 10.2
      vertex -21.01199281588953 -31.205704473697526 10.2
    endloop
  endfacet
  facet normal 0 1 0
    outer loop
      vertex -19.99958300590515 -27.5 10.199999809265137
      vertex -14 -27.5 10.2
      vertex -14 -27.5 10.199999809265137
    endloop
  endfacet
  facet normal 0 0 1
    outer loop
      vertex -20 -40 10.2
      vertex 14 -38.8 10.2
      vertex -14 -38.8 10.2
    endloop
  endfacet
  facet normal 0 0 -1
    outer loop
      vertex 14 -38.8 3.3
      vertex 5 -39.470588235294116 3.3
      vertex -5 -39.11764705882353 3.3
    endloop
  endfacet
  facet normal 0 0 -1
    outer loop
      vertex 20 -40 3.3
      vertex 5 -40 3.3
      vertex 5 -39.470588235294116 3.3
    endloop
  endfacet
  facet normal 0 0 -1
    outer loop
      vertex 14 -38.8 3.3
      vertex 20 -40 3.3
      vertex 5 -39.470588235294116 3.3
    endloop
  endfacet
  facet normal 0 0 -1
    outer loop
      vertex 14 -38.8 3.3
      vertex 21.340042098074136 -33.802481931322326 3.3
      vertex 20 -40 3.3
    endloop
  endfacet
  facet normal 0 -1 0
    outer loop
      vertex 20 -40 3.3000001907348633
      vertex 20 -40 3.3
      vertex 27 -40 3.3000001907348633
    endloop
  endfacet
  facet normal 0 0 -1
    outer loop
      vertex 14 -38.8 3.3
      vertex 21.01199281588953 -33.594295526302474 3.3
      vertex 21.340042098074136 -33.802481931322326 3.3
    endloop
  endfacet
  facet normal 0 0 -1
    outer loop
      vertex 14 -38.8 3.3
      vertex 20.74602365871883 -33.31106714105333 3.3
      vertex 21.01199281588953 -33.594295526302474 3.3
    endloop
  endfacet
  facet normal 0 0 -1
    outer loop
      vertex 14 -38.8 3.3
      vertex 20.55884644687321 -32.97059305666125 3.3
      vertex 20.74602365871883 -33.31106714105333 3.3
    endloop
  endfacet
  facet normal 0 0 -1
    outer loop
      vertex 14 -38.8 3.3
      vertex 20.46222221296256 -32.59426651202467 3.3
      vertex 20.55884644687321 -32.97059305666125 3.3
    endloop
  endfacet
  facet normal 0 0 -1
    outer loop
      vertex 20 -40 3.3
      vertex 21.340042098074136 -33.802481931322326 3.3
      vertex 21.709558962392126 -33.92254523862947 3.3
    endloop
  endfacet
  facet normal 0 0 -1
    outer loop
      vertex 20 -40 3.3
      vertex 21.709558962392126 -33.92254523862947 3.3
      vertex 22.097325305270438 -33.94694142906382 3.3
    endloop
  endfacet
  facet normal 0 0 -1
    outer loop
      vertex 20 -40 3.3
      vertex 22.097325305270438 -33.94694142906382 3.3
      vertex 22.478976341281168 -33.874137600257484 3.3
    endloop
  endfacet
  facet normal 0 0 -1
    outer loop
      vertex 20 -40 3.3
      vertex 22.478976341281168 -33.874137600257484 3.3
      vertex 22.830531532217446 -33.70870828452812 3.3
    endloop
  endfacet
  facet normal 0 0 -1
    outer loop
      vertex 20 -40 3.3
      vertex 22.830531532217446 -33.70870828452812 3.3
      vertex 23.129901372503188 -33.461048014189466 3.3
    endloop
  endfacet
  facet normal 0 0 -1
    outer loop
      vertex 20 -40 3.3
      vertex 23.129901372503188 -33.461048014189466 3.3
      vertex 23.358275354067988 -33.146718194857655 3.3
    endloop
  endfacet
  facet normal 0 -1 0
    outer loop
      vertex 20 -40 3.3
      vertex 27 -40 3.3
      vertex 27 -40 3.3000001907348633
    endloop
  endfacet
  facet normal 1 0 0
    outer loop
      vertex 27 -40 3.3
      vertex 27 -38.41546915471554 3.3000001907348633
      vertex 27 -40 3.3000001907348633
    endloop
  endfacet
  facet normal 0 0 -1
    outer loop
      vertex 20 -40 3.3
      vertex 27 -27.5 3.3
      vertex 27 -40 3.3
    endloop
  endfacet
  facet normal 1 0 0
    outer loop
      vertex 27 -40 3.3
      vertex 27 -27.5 3.3
      vertex 27 -38.41546915471554 3.3000001907348633
    endloop
  endfacet
  facet normal 0 0 -1
    outer loop
      vertex 14 -38.8 3.3
      vertex 14 -27.5 3.3
      vertex 20.46222221296256 -32.59426651202467 3.3
    endloop
  endfacet
  facet normal 0 0 -1
    outer loop
      vertex 14 -27.5 3.3
      vertex 20.46222221296256 -32.20573348797533 3.3
      vertex 20.46222221296256 -32.59426651202467 3.3
    endloop
  endfacet
  facet normal 0 0 -1
    outer loop
      vertex 14 -27.5 3.3
      vertex 20.55884644687321 -31.829406943338746 3.3
      vertex 20.46222221296256 -32.20573348797533 3.3
    endloop
  endfacet
  facet normal 0 0 -1
    outer loop
      vertex 14 -27.5 3.3
      vertex 20.74602365871883 -31.488932858946665 3.3
      vertex 20.55884644687321 -31.829406943338746 3.3
    endloop
  endfacet
  facet normal 0 0 -1
    outer loop
      vertex 14 -27.5 3.3
      vertex 21.01199281588953 -31.205704473697526 3.3
      vertex 20.74602365871883 -31.488932858946665 3.3
    endloop
  endfacet
  facet normal 0 0 -1
    outer loop
      vertex 14 -27.5 3.3
      vertex 21.340042098074136 -30.997518068677667 3.3
      vertex 21.01199281588953 -31.205704473697526 3.3
    endloop
  endfacet
  facet normal 0 1 0
    outer loop
      vertex 14 -27.5 3.3
      vertex 14 -27.5 3.3000001907348633
      vertex 27 -27.5 3.3
    endloop
  endfacet
  facet normal 0 0 -1
    outer loop
      vertex 14 -27.5 3.3
      vertex 27 -27.5 3.3
      vertex 21.340042098074136 -30.997518068677667 3.3
    endloop
  endfacet
  facet normal 0 1 0
    outer loop
      vertex 14 -27.5 3.3000001907348633
      vertex 20.00041699409485 -27.5 3.3000001907348633
      vertex 27 -27.5 3.3
    endloop
  endfacet
  facet normal 0 0 -1
    outer loop
      vertex 20 -40 3.3
      vertex 23.358275354067988 -33.146718194857655 3.3
      vertex 27 -27.5 3.3
    endloop
  endfacet
  facet normal 0 0 -1
    outer loop
      vertex 23.358275354067988 -33.146718194857655 3.3
      vertex 23.501303899749377 -32.785469325105524 3.3
      vertex 27 -27.5 3.3
    endloop
  endfacet
  facet normal 0 0 -1
    outer loop
      vertex 23.501303899749377 -32.785469325105524 3.3
      vertex 23.55 -32.4 3.3
      vertex 27 -27.5 3.3
    endloop
  endfacet
  facet normal 0 0 -1
    outer loop
      vertex 23.55 -32.4 3.3
      vertex 23.501303899749377 -32.01453067489447 3.3
      vertex 27 -27.5 3.3
    endloop
  endfacet
  facet normal 0 0 -1
    outer loop
      vertex 23.501303899749377 -32.01453067489447 3.3
      vertex 23.358275354067988 -31.65328180514234 3.3
      vertex 27 -27.5 3.3
    endloop
  endfacet
  facet normal 0 0 -1
    outer loop
      vertex 22.478976341281168 -30.92586239974251 3.3
      vertex 27 -27.5 3.3
      vertex 22.830531532217446 -31.091291715471876 3.3
    endloop
  endfacet
  facet normal 0 0 -1
    outer loop
      vertex 22.830531532217446 -31.091291715471876 3.3
      vertex 27 -27.5 3.3
      vertex 23.129901372503188 -31.33895198581053 3.3
    endloop
  endfacet
  facet normal 0 0 -1
    outer loop
      vertex 23.358275354067988 -31.65328180514234 3.3
      vertex 23.129901372503188 -31.33895198581053 3.3
      vertex 27 -27.5 3.3
    endloop
  endfacet
  facet normal 0 0 -1
    outer loop
      vertex 21.340042098074136 -30.997518068677667 3.3
      vertex 27 -27.5 3.3
      vertex 21.709558962392126 -30.87745476137053 3.3
    endloop
  endfacet
  facet normal 0 0 -1
    outer loop
      vertex 21.709558962392126 -30.87745476137053 3.3
      vertex 27 -27.5 3.3
      vertex 22.097325305270434 -30.853058570936177 3.3
    endloop
  endfacet
  facet normal 0 0 -1
    outer loop
      vertex 22.478976341281168 -30.92586239974251 3.3
      vertex 22.097325305270434 -30.853058570936177 3.3
      vertex 27 -27.5 3.3
    endloop
  endfacet
  facet normal 1 0 0
    outer loop
      vertex 27 -38.41546915471554 3.3000001907348633
      vertex 27 -27.5 3.3
      vertex 27 -38.41546915471554 10.199999809265137
    endloop
  endfacet
  facet normal 0 1 0
    outer loop
      vertex 20.00041699409485 -27.5 3.3000001907348633
      vertex 27 -27.5 10.2
      vertex 27 -27.5 3.3
    endloop
  endfacet
  facet normal 0 1 0
    outer loop
      vertex 20.00041699409485 -27.5 3.3000001907348633
      vertex 20.00041699409485 -27.5 10.199999809265137
      vertex 27 -27.5 10.2
    endloop
  endfacet
  facet normal 1 0 0
    outer loop
      vertex 27 -27.5 3.3
      vertex 27 -27.5 10.2
      vertex 27 -38.41546915471554 10.199999809265137
    endloop
  endfacet
  facet normal 0 0 1
    outer loop
      vertex -20 -40 10.2
      vertex 20 -40 10.2
      vertex 14 -38.8 10.2
    endloop
  endfacet
  facet normal 0 0 1
    outer loop
      vertex 14 -38.8 10.2
      vertex 20 -40 10.2
      vertex 27 -40 10.2
    endloop
  endfacet
  facet normal 0 -1 0
    outer loop
      vertex 20 -40 10.199999809265137
      vertex 27 -40 10.2
      vertex 20 -40 10.2
    endloop
  endfacet
  facet normal 0 0 1
    outer loop
      vertex 14 -38.8 10.2
      vertex 27 -40 10.2
      vertex 22.097325305270438 -33.94694142906382 10.2
    endloop
  endfacet
  facet normal 0 0 1
    outer loop
      vertex 14 -38.8 10.2
      vertex 21.340042098074136 -33.802481931322326 10.2
      vertex 21.01199281588953 -33.594295526302474 10.2
    endloop
  endfacet
  facet normal 0 0 1
    outer loop
      vertex 14 -38.8 10.2
      vertex 21.709558962392126 -33.92254523862947 10.2
      vertex 21.340042098074136 -33.802481931322326 10.2
    endloop
  endfacet
  facet normal 0 0 1
    outer loop
      vertex 14 -38.8 10.2
      vertex 21.01199281588953 -33.594295526302474 10.2
      vertex 20.74602365871883 -33.31106714105333 10.2
    endloop
  endfacet
  facet normal 0 0 1
    outer loop
      vertex 14 -38.8 10.2
      vertex 20.74602365871883 -33.31106714105333 10.2
      vertex 20.55884644687321 -32.97059305666125 10.2
    endloop
  endfacet
  facet normal 0 0 1
    outer loop
      vertex 14 -38.8 10.2
      vertex 22.097325305270438 -33.94694142906382 10.2
      vertex 21.709558962392126 -33.92254523862947 10.2
    endloop
  endfacet
  facet normal 0 -1 0
    outer loop
      vertex 20 -40 10.199999809265137
      vertex 27 -40 10.199999809265137
      vertex 27 -40 10.2
    endloop
  endfacet
  facet normal 1 0 0
    outer loop
      vertex 27 -40 10.2
      vertex 27 -40 10.199999809265137
      vertex 27 -38.41546915471554 10.199999809265137
    endloop
  endfacet
  facet normal 0 0 1
    outer loop
      vertex 27 -40 10.2
      vertex 22.478976341281168 -33.874137600257484 10.2
      vertex 22.097325305270438 -33.94694142906382 10.2
    endloop
  endfacet
  facet normal 0 0 1
    outer loop
      vertex 27 -40 10.2
      vertex 22.830531532217446 -33.70870828452812 10.2
      vertex 22.478976341281168 -33.874137600257484 10.2
    endloop
  endfacet
  facet normal 0 0 1
    outer loop
      vertex 27 -40 10.2
      vertex 23.129901372503188 -33.461048014189466 10.2
      vertex 22.830531532217446 -33.70870828452812 10.2
    endloop
  endfacet
  facet normal 0 0 1
    outer loop
      vertex 27 -40 10.2
      vertex 23.358275354067988 -33.146718194857655 10.2
      vertex 23.129901372503188 -33.461048014189466 10.2
    endloop
  endfacet
  facet normal 0 0 1
    outer loop
      vertex 27 -40 10.2
      vertex 23.501303899749377 -32.785469325105524 10.2
      vertex 23.358275354067988 -33.146718194857655 10.2
    endloop
  endfacet
  facet normal 0 0 1
    outer loop
      vertex 27 -40 10.2
      vertex 23.55 -32.4 10.2
      vertex 23.501303899749377 -32.785469325105524 10.2
    endloop
  endfacet
  facet normal 1 0 0
    outer loop
      vertex 27 -40 10.2
      vertex 27 -38.41546915471554 10.199999809265137
      vertex 27 -27.5 10.2
    endloop
  endfacet
  facet normal 0 0 1
    outer loop
      vertex 14 -38.8 10.2
      vertex 20.55884644687321 -32.97059305666125 10.2
      vertex 14 -27.5 10.2
    endloop
  endfacet
  facet normal 0 0 1
    outer loop
      vertex 14 -27.5 10.2
      vertex 20.55884644687321 -32.97059305666125 10.2
      vertex 20.46222221296256 -32.59426651202467 10.2
    endloop
  endfacet
  facet normal 0 0 1
    outer loop
      vertex 14 -27.5 10.2
      vertex 20.46222221296256 -32.59426651202467 10.2
      vertex 20.46222221296256 -32.20573348797533 10.2
    endloop
  endfacet
  facet normal 0 0 1
    outer loop
      vertex 14 -27.5 10.2
      vertex 20.46222221296256 -32.20573348797533 10.2
      vertex 20.55884644687321 -31.829406943338746 10.2
    endloop
  endfacet
  facet normal 0 0 1
    outer loop
      vertex 14 -27.5 10.2
      vertex 20.55884644687321 -31.829406943338746 10.2
      vertex 20.74602365871883 -31.488932858946665 10.2
    endloop
  endfacet
  facet normal 0 0 1
    outer loop
      vertex 14 -27.5 10.2
      vertex 20.74602365871883 -31.488932858946665 10.2
      vertex 21.01199281588953 -31.205704473697526 10.2
    endloop
  endfacet
  facet normal 0 0 1
    outer loop
      vertex 14 -27.5 10.2
      vertex 21.01199281588953 -31.205704473697526 10.2
      vertex 21.340042098074136 -30.997518068677667 10.2
    endloop
  endfacet
  facet normal 0 0 1
    outer loop
      vertex 14 -27.5 10.2
      vertex 21.340042098074136 -30.997518068677667 10.2
      vertex 21.709558962392126 -30.87745476137053 10.2
    endloop
  endfacet
  facet normal 0 1 0
    outer loop
      vertex 14 -27.5 10.2
      vertex 20.00041699409485 -27.5 10.199999809265137
      vertex 14 -27.5 10.199999809265137
    endloop
  endfacet
  facet normal 0 0 1
    outer loop
      vertex 14 -27.5 10.2
      vertex 21.709558962392126 -30.87745476137053 10.2
      vertex 22.097325305270434 -30.853058570936177 10.2
    endloop
  endfacet
  facet normal 0 0 1
    outer loop
      vertex 14 -27.5 10.2
      vertex 22.097325305270434 -30.853058570936177 10.2
      vertex 22.478976341281168 -30.92586239974251 10.2
    endloop
  endfacet
  facet normal 0 1 0
    outer loop
      vertex 14 -27.5 10.2
      vertex 27 -27.5 10.2
      vertex 20.00041699409485 -27.5 10.199999809265137
    endloop
  endfacet
  facet normal 0 0 1
    outer loop
      vertex 14 -27.5 10.2
      vertex 22.478976341281168 -30.92586239974251 10.2
      vertex 27 -27.5 10.2
    endloop
  endfacet
  facet normal 0 0 1
    outer loop
      vertex 27 -40 10.2
      vertex 27 -27.5 10.2
      vertex 23.55 -32.4 10.2
    endloop
  endfacet
  facet normal 0 0 1
    outer loop
      vertex 23.55 -32.4 10.2
      vertex 27 -27.5 10.2
      vertex 23.501303899749377 -32.01453067489447 10.2
    endloop
  endfacet
  facet normal 0 0 1
    outer loop
      vertex 23.501303899749377 -32.01453067489447 10.2
      vertex 27 -27.5 10.2
      vertex 23.358275354067988 -31.65328180514234 10.2
    endloop
  endfacet
  facet normal 0 0 1
    outer loop
      vertex 22.478976341281168 -30.92586239974251 10.2
      vertex 22.830531532217446 -31.091291715471876 10.2
      vertex 27 -27.5 10.2
    endloop
  endfacet
  facet normal 0 0 1
    outer loop
      vertex 22.830531532217446 -31.091291715471876 10.2
      vertex 23.129901372503188 -31.33895198581053 10.2
      vertex 27 -27.5 10.2
    endloop
  endfacet
  facet normal 0 0 1
    outer loop
      vertex 23.358275354067988 -31.65328180514234 10.2
      vertex 27 -27.5 10.2
      vertex 23.129901372503188 -31.33895198581053 10.2
    endloop
  endfacet
  facet normal -1 0 0
    outer loop
      vertex -20 -41.42 3.3
      vertex -20 -41.41546915471554 3.3000001907348633
      vertex -20 -40 3.3
    endloop
  endfacet
  facet normal 0 0 -1
    outer loop
      vertex -20 -41.42 3.3
      vertex -5 -40.5325 3.3
      vertex 5 -40.8875 3.3
    endloop
  endfacet
  facet normal 0 -1 0
    outer loop
      vertex -20 -41.42 3.3
      vertex 20 -41.42 3.3
      vertex -4.55 -41.42 3.8
    endloop
  endfacet
  facet normal 0 -1 0
    outer loop
      vertex -20 -41.42 3.3
      vertex -4.55 -41.42 3.8
      vertex -4.55 -41.42 7.3
    endloop
  endfacet
  facet normal -1 0 0
    outer loop
      vertex -20 -41.41546915471554 3.3000001907348633
      vertex -20 -40 3.3000001907348633
      vertex -20 -40 3.3
    endloop
  endfacet
  facet normal 0 0 -1
    outer loop
      vertex -20 -41.42 3.3
      vertex -20 -40 3.3
      vertex -5 -40.5325 3.3
    endloop
  endfacet
  facet normal 0 0 -1
    outer loop
      vertex -20 -40 3.3
      vertex -5 -40 3.3
      vertex -5 -40.5325 3.3
    endloop
  endfacet
  facet normal -1 0 0
    outer loop
      vertex -20 -41.42 3.3
      vertex -20 -41.41546915471554 10.199999809265137
      vertex -20 -41.41546915471554 3.3000001907348633
    endloop
  endfacet
  facet normal 0 -1 0
    outer loop
      vertex -20 -41.42 3.3
      vertex -4.55 -41.42 7.3
      vertex -20 -41.42 10.2
    endloop
  endfacet
  facet normal -1 0 0
    outer loop
      vertex -20 -41.42 3.3
      vertex -20 -41.42 10.2
      vertex -20 -41.41546915471554 10.199999809265137
    endloop
  endfacet
  facet normal 0 -1 0
    outer loop
      vertex -4.55 -41.42 7.3
      vertex 20 -41.42 10.2
      vertex -20 -41.42 10.2
    endloop
  endfacet
  facet normal -1 0 0
    outer loop
      vertex -20 -41.42 10.2
      vertex -20 -40 10.199999809265137
      vertex -20 -41.41546915471554 10.199999809265137
    endloop
  endfacet
  facet normal -1 0 0
    outer loop
      vertex -20 -41.42 10.2
      vertex -20 -40 10.2
      vertex -20 -40 10.199999809265137
    endloop
  endfacet
  facet normal 0 0 1
    outer loop
      vertex -20 -41.42 10.2
      vertex 20 -40 10.2
      vertex -20 -40 10.2
    endloop
  endfacet
  facet normal 0 0 -1
    outer loop
      vertex -20 -41.42 3.3
      vertex 5 -40.8875 3.3
      vertex 20 -41.42 3.3
    endloop
  endfacet
  facet normal 0 -1 0
    outer loop
      vertex -4.55 -41.42 3.8
      vertex 20 -41.42 3.3
      vertex 4.55 -41.42 3.8
    endloop
  endfacet
  facet normal 1 0 0
    outer loop
      vertex 20 -41.42 3.3
      vertex 20 -40 3.3000001907348633
      vertex 20 -41.41546915471554 3.3000001907348633
    endloop
  endfacet
  facet normal 0 -1 0
    outer loop
      vertex 4.55 -41.42 3.8
      vertex 20 -41.42 3.3
      vertex 4.55 -41.42 7.3
    endloop
  endfacet
  facet normal 0 0 -1
    outer loop
      vertex 20 -40 3.3
      vertex 5 -40.8875 3.3
      vertex 5 -40 3.3
    endloop
  endfacet
  facet normal 0 0 -1
    outer loop
      vertex 20 -41.42 3.3
      vertex 5 -40.8875 3.3
      vertex 20 -40 3.3
    endloop
  endfacet
  facet normal 1 0 0
    outer loop
      vertex 20 -41.42 3.3
      vertex 20 -40 3.3
      vertex 20 -40 3.3000001907348633
    endloop
  endfacet
  facet normal 1 0 0
    outer loop
      vertex 20 -41.42 3.3
      vertex 20 -41.41546915471554 3.3000001907348633
      vertex 20 -41.42 10.2
    endloop
  endfacet
  facet normal 0 -1 0
    outer loop
      vertex 20 -41.42 3.3
      vertex 20 -41.42 10.2
      vertex 4.55 -41.42 7.3
    endloop
  endfacet
  facet normal 0 -1 0
    outer loop
      vertex -4.55 -41.42 7.3
      vertex 4.55 -41.42 7.3
      vertex 20 -41.42 10.2
    endloop
  endfacet
  facet normal 1 0 0
    outer loop
      vertex 20 -41.41546915471554 3.3000001907348633
      vertex 20 -41.41546915471554 10.199999809265137
      vertex 20 -41.42 10.2
    endloop
  endfacet
  facet normal 0 0 1
    outer loop
      vertex -20 -41.42 10.2
      vertex 20 -41.42 10.2
      vertex 20 -40 10.2
    endloop
  endfacet
  facet normal 1 0 0
    outer loop
      vertex 20 -41.42 10.2
      vertex 20 -41.41546915471554 10.199999809265137
      vertex 20 -40 10.2
    endloop
  endfacet
  facet normal 1 0 0
    outer loop
      vertex 20 -41.41546915471554 10.199999809265137
      vertex 20 -40 10.199999809265137
      vertex 20 -40 10.2
    endloop
  endfacet
  facet normal 0 1 0
    outer loop
      vertex -14 -38.8 3.3
      vertex -5 -38.8 3.8
      vertex -5 -38.8 3.391666621411287
    endloop
  endfacet
  facet normal 0 1 0
    outer loop
      vertex -14 -38.8 3.3
      vertex -5 -38.8 3.391666621411287
      vertex 5 -38.8 3.3575581086365327
    endloop
  endfacet
  facet normal 1 0 0
    outer loop
      vertex -14 -38.8 3.3
      vertex -14 -27.5 3.3
      vertex -14 -27.5 3.3000001907348633
    endloop
  endfacet
  facet normal 0 1 0
    outer loop
      vertex -14 -38.8 3.3
      vertex -4.55 -38.8 7.190000057220459
      vertex -5 -38.8 3.8
    endloop
  endfacet
  facet normal 0 1 0
    outer loop
      vertex -4.55 -38.8 7.190000057220459
      vertex -4.55 -38.8 3.8
      vertex -5 -38.8 3.8
    endloop
  endfacet
  facet normal 1 0 0
    outer loop
      vertex -14 -38.8 3.3
      vertex -14 -27.5 3.3000001907348633
      vertex -14 -23.415469154715538 10.199999809265137
    endloop
  endfacet
  facet normal 0 1 0
    outer loop
      vertex -14 -38.8 3.3
      vertex -9.050000190734863 -38.8 7.190000057220459
      vertex -4.55 -38.8 7.190000057220459
    endloop
  endfacet
  facet normal 1 0 0
    outer loop
      vertex -14 -27.5 3.3000001907348633
      vertex -14 -23.415469154715538 3.3000001907348633
      vertex -14 -23.415469154715538 10.199999809265137
    endloop
  endfacet
  facet normal 0 1 0
    outer loop
      vertex -14 -38.8 3.3
      vertex -14 -38.8 10.2
      vertex -9.050000190734863 -38.8 7.190000057220459
    endloop
  endfacet
  facet normal 1 0 0
    outer loop
      vertex -14 -38.8 3.3
      vertex -14 -27.5 10.2
      vertex -14 -38.8 10.2
    endloop
  endfacet
  facet normal 1 0 0
    outer loop
      vertex -14 -38.8 3.3
      vertex -14 -27.5 10.199999809265137
      vertex -14 -27.5 10.2
    endloop
  endfacet
  facet normal 1 0 0
    outer loop
      vertex -14 -38.8 3.3
      vertex -14 -23.415469154715538 10.199999809265137
      vertex -14 -27.5 10.199999809265137
    endloop
  endfacet
  facet normal 0 1 0
    outer loop
      vertex -9.050000190734863 -38.8 7.190000057220459
      vertex -14 -38.8 10.2
      vertex -9.050000190734863 -38.8 8.99000005722046
    endloop
  endfacet
  facet normal 0 1 0
    outer loop
      vertex -9.050000190734863 -38.8 8.99000005722046
      vertex -14 -38.8 10.2
      vertex 14 -38.8 10.2
    endloop
  endfacet
  facet normal 0 1 0
    outer loop
      vertex -14 -38.8 3.3
      vertex 5 -38.8 3.3575581086365327
      vertex 14 -38.8 3.3
    endloop
  endfacet
  facet normal 0 1 0
    outer loop
      vertex 14 -38.8 3.3
      vertex 5 -38.8 3.3575581086365327
      vertex 5 -38.8 3.8
    endloop
  endfacet
  facet normal 0 1 0
    outer loop
      vertex 9.050000190734863 -38.8 7.190000057220459
      vertex 5 -38.8 3.8
      vertex 4.55 -38.8 3.8
    endloop
  endfacet
  facet normal 0 1 0
    outer loop
      vertex 14 -38.8 3.3
      vertex 5 -38.8 3.8
      vertex 9.050000190734863 -38.8 7.190000057220459
    endloop
  endfacet
  facet normal -1 0 0
    outer loop
      vertex 14 -38.8 3.3
      vertex 14 -38.8 10.2
      vertex 14 -27.5 3.3
    endloop
  endfacet
  facet normal -1 0 0
    outer loop
      vertex 14 -27.5 3.3
      vertex 14 -38.8 10.2
      vertex 14 -27.5 3.3000001907348633
    endloop
  endfacet
  facet normal -1 0 0
    outer loop
      vertex 14 -27.5 3.3000001907348633
      vertex 14 -38.8 10.2
      vertex 14 -23.415469154715538 3.3000001907348633
    endloop
  endfacet
  facet normal 0 1 0
    outer loop
      vertex 4.55 -38.8 7.190000057220459
      vertex 9.050000190734863 -38.8 7.190000057220459
      vertex 4.55 -38.8 3.8
    endloop
  endfacet
  facet normal 0 1 0
    outer loop
      vertex 14 -38.8 3.3
      vertex 9.050000190734863 -38.8 7.190000057220459
      vertex 9.050000190734863 -38.8 8.99000005722046
    endloop
  endfacet
  facet normal 0 1 0
    outer loop
      vertex 14 -38.8 3.3
      vertex 9.050000190734863 -38.8 8.99000005722046
      vertex 14 -38.8 10.2
    endloop
  endfacet
  facet normal -1 0 0
    outer loop
      vertex 14 -23.415469154715538 3.3000001907348633
      vertex 14 -38.8 10.2
      vertex 14 -27.5 10.199999809265137
    endloop
  endfacet
  facet normal 0 1 0
    outer loop
      vertex -9.050000190734863 -38.8 8.99000005722046
      vertex 14 -38.8 10.2
      vertex 9.050000190734863 -38.8 8.99000005722046
    endloop
  endfacet
  facet normal -1 0 0
    outer loop
      vertex 14 -38.8 10.2
      vertex 14 -27.5 10.2
      vertex 14 -27.5 10.199999809265137
    endloop
  endfacet
  facet normal -1 0 0
    outer loop
      vertex 14 -23.415469154715538 3.3000001907348633
      vertex 14 -27.5 10.199999809265137
      vertex 14 -23.415469154715538 10.199999809265137
    endloop
  endfacet
  facet normal 0 0 1
    outer loop
      vertex -9.050000190734863 -39.674997901916505 7.190000057220459
      vertex -8.800000190734863 -39.674997901916505 7.190000057220459
      vertex -4.55 -38.8 7.190000057220459
    endloop
  endfacet
  facet normal 0 0 1
    outer loop
      vertex -8.800000190734863 -39.674997901916505 7.190000057220459
      vertex -4.824873924255371 -39.674997901916505 7.190000057220459
      vertex -4.55 -38.8 7.190000057220459
    endloop
  endfacet
  facet normal 0 1 0
    outer loop
      vertex -4.824873924255371 -39.674997901916505 7.190000057220459
      vertex -4.55 -39.674997901916505 7.3
      vertex -4.55 -39.674997901916505 7.190000057220459
    endloop
  endfacet
  facet normal 0 0 1
    outer loop
      vertex -4.824873924255371 -39.674997901916505 7.190000057220459
      vertex -4.55 -39.674997901916505 7.190000057220459
      vertex -4.55 -38.8 7.190000057220459
    endloop
  endfacet
  facet normal 0 0 1
    outer loop
      vertex -9.050000190734863 -39.674997901916505 7.190000057220459
      vertex -4.55 -38.8 7.190000057220459
      vertex -9.050000190734863 -38.8 7.190000057220459
    endloop
  endfacet
  facet normal 0 1 0
    outer loop
      vertex -9.050000190734863 -39.674997901916505 7.190000057220459
      vertex -8.800000190734863 -39.674997901916505 8.99000005722046
      vertex -8.800000190734863 -39.674997901916505 7.190000057220459
    endloop
  endfacet
  facet normal 1 0 0
    outer loop
      vertex -9.050000190734863 -39.674997901916505 7.190000057220459
      vertex -9.050000190734863 -38.8 7.190000057220459
      vertex -9.050000190734863 -39.674997901916505 8.99000005722046
    endloop
  endfacet
  facet normal 0 1 0
    outer loop
      vertex -8.800000190734863 -39.674997901916505 7.190000057220459
      vertex -8.800000190734863 -39.674997901916505 8.99000005722046
      vertex -4.824873924255371 -39.674997901916505 7.190000057220459
    endloop
  endfacet
  facet normal 0 1 0
    outer loop
      vertex -4.824873924255371 -39.674997901916505 7.190000057220459
      vertex -8.800000190734863 -39.674997901916505 8.99000005722046
      vertex -4.55 -39.674997901916505 7.3
    endloop
  endfacet
  facet normal 0 1 0
    outer loop
      vertex -4.55 -39.674997901916505 7.3
      vertex -8.800000190734863 -39.674997901916505 8.99000005722046
      vertex 4.55 -39.674997901916505 7.3
    endloop
  endfacet
  facet normal 0 1 0
    outer loop
      vertex -9.050000190734863 -39.674997901916505 7.190000057220459
      vertex -9.050000190734863 -39.674997901916505 8.99000005722046
      vertex -8.800000190734863 -39.674997901916505 8.99000005722046
    endloop
  endfacet
  facet normal 1 0 0
    outer loop
      vertex -9.050000190734863 -38.8 7.190000057220459
      vertex -9.050000190734863 -38.8 8.99000005722046
      vertex -9.050000190734863 -39.674997901916505 8.99000005722046
    endloop
  endfacet
  facet normal 0 1 0
    outer loop
      vertex -8.800000190734863 -39.674997901916505 8.99000005722046
      vertex 0 -39.674997901916505 8.99000005722046
      vertex 4.55 -39.674997901916505 7.3
    endloop
  endfacet
  facet normal 0 0 -1
    outer loop
      vertex -9.050000190734863 -39.674997901916505 8.99000005722046
      vertex -9.050000190734863 -38.8 8.99000005722046
      vertex -8.800000190734863 -39.674997901916505 8.99000005722046
    endloop
  endfacet
  facet normal 0 0 -1
    outer loop
      vertex -8.800000190734863 -39.674997901916505 8.99000005722046
      vertex -9.050000190734863 -38.8 8.99000005722046
      vertex 0 -39.674997901916505 8.99000005722046
    endloop
  endfacet
  facet normal 0 1 0
    outer loop
      vertex 4.55 -39.674997901916505 7.190000057220459
      vertex 4.55 -39.674997901916505 7.3
      vertex 6.249873161315918 -39.674997901916505 7.190000057220459
    endloop
  endfacet
  facet normal 0 0 1
    outer loop
      vertex 4.55 -39.674997901916505 7.190000057220459
      vertex 6.249873161315918 -39.674997901916505 7.190000057220459
      vertex 9.050000190734863 -38.8 7.190000057220459
    endloop
  endfacet
  facet normal 0 0 1
    outer loop
      vertex 4.55 -39.674997901916505 7.190000057220459
      vertex 9.050000190734863 -38.8 7.190000057220459
      vertex 4.55 -38.8 7.190000057220459
    endloop
  endfacet
  facet normal 0 0 1
    outer loop
      vertex 6.249873161315918 -39.674997901916505 7.190000057220459
      vertex 9.050000190734863 -39.674997901916505 7.190000057220459
      vertex 9.050000190734863 -38.8 7.190000057220459
    endloop
  endfacet
  facet normal 0 1 0
    outer loop
      vertex 6.249873161315918 -39.674997901916505 7.190000057220459
      vertex 4.55 -39.674997901916505 7.3
      vertex 0 -39.674997901916505 8.99000005722046
    endloop
  endfacet
  facet normal 0 1 0
    outer loop
      vertex 6.249873161315918 -39.674997901916505 7.190000057220459
      vertex 9.050000190734863 -39.674997901916505 8.99000005722046
      vertex 9.050000190734863 -39.674997901916505 7.190000057220459
    endloop
  endfacet
  facet normal -1 0 0
    outer loop
      vertex 9.050000190734863 -39.674997901916505 7.190000057220459
      vertex 9.050000190734863 -38.8 8.99000005722046
      vertex 9.050000190734863 -38.8 7.190000057220459
    endloop
  endfacet
  facet normal 0 1 0
    outer loop
      vertex 6.249873161315918 -39.674997901916505 7.190000057220459
      vertex 0 -39.674997901916505 8.99000005722046
      vertex 9.050000190734863 -39.674997901916505 8.99000005722046
    endloop
  endfacet
  facet normal -1 0 0
    outer loop
      vertex 9.050000190734863 -39.674997901916505 7.190000057220459
      vertex 9.050000190734863 -39.674997901916505 8.99000005722046
      vertex 9.050000190734863 -38.8 8.99000005722046
    endloop
  endfacet
  facet normal 0 0 -1
    outer loop
      vertex -9.050000190734863 -38.8 8.99000005722046
      vertex 9.050000190734863 -39.674997901916505 8.99000005722046
      vertex 0 -39.674997901916505 8.99000005722046
    endloop
  endfacet
  facet normal 0 0 -1
    outer loop
      vertex -9.050000190734863 -38.8 8.99000005722046
      vertex 9.050000190734863 -38.8 8.99000005722046
      vertex 9.050000190734863 -39.674997901916505 8.99000005722046
    endloop
  endfacet
  facet normal 0 0 1
    outer loop
      vertex -4.55 -41.42 3.8
      vertex 4.55 -41.42 3.8
      vertex -4.55 -41.4 3.8
    endloop
  endfacet
  facet normal 1 0 0
    outer loop
      vertex -4.55 -41.42 3.8
      vertex -4.55 -41.4 3.8
      vertex -4.55 -41.42 7.3
    endloop
  endfacet
  facet normal 1 0 0
    outer loop
      vertex -4.55 -41.42 7.3
      vertex -4.55 -41.4 3.8
      vertex -4.55 -38.8 3.8
    endloop
  endfacet
  facet normal 1 0 0
    outer loop
      vertex -4.55 -41.42 7.3
      vertex -4.55 -38.8 3.8
      vertex -4.55 -39.674997901916505 7.190000057220459
    endloop
  endfacet
  facet normal 1 0 0
    outer loop
      vertex -4.55 -39.674997901916505 7.190000057220459
      vertex -4.55 -38.8 3.8
      vertex -4.55 -38.8 7.190000057220459
    endloop
  endfacet
  facet normal 1 0 0
    outer loop
      vertex -4.55 -41.42 7.3
      vertex -4.55 -39.674997901916505 7.190000057220459
      vertex -4.55 -39.674997901916505 7.3
    endloop
  endfacet
  facet normal 0 0 -1
    outer loop
      vertex -4.55 -41.42 7.3
      vertex -4.55 -39.674997901916505 7.3
      vertex 4.55 -41.42 7.3
    endloop
  endfacet
  facet normal 0 0 1
    outer loop
      vertex 4.55 -41.42 3.8
      vertex 4.55 -41.4 3.8
      vertex -4.55 -41.4 3.8
    endloop
  endfacet
  facet normal -1 0 0
    outer loop
      vertex 4.55 -41.42 3.8
      vertex 4.55 -39.674997901916505 7.190000057220459
      vertex 4.55 -41.4 3.8
    endloop
  endfacet
  facet normal -1 0 0
    outer loop
      vertex 4.55 -39.674997901916505 7.190000057220459
      vertex 4.55 -38.8 3.8
      vertex 4.55 -41.4 3.8
    endloop
  endfacet
  facet normal -1 0 0
    outer loop
      vertex 4.55 -41.42 3.8
      vertex 4.55 -39.674997901916505 7.3
      vertex 4.55 -39.674997901916505 7.190000057220459
    endloop
  endfacet
  facet normal -1 0 0
    outer loop
      vertex 4.55 -39.674997901916505 7.190000057220459
      vertex 4.55 -38.8 7.190000057220459
      vertex 4.55 -38.8 3.8
    endloop
  endfacet
  facet normal -1 0 0
    outer loop
      vertex 4.55 -41.42 3.8
      vertex 4.55 -41.42 7.3
      vertex 4.55 -39.674997901916505 7.3
    endloop
  endfacet
  facet normal 0 0 -1
    outer loop
      vertex -4.55 -39.674997901916505 7.3
      vertex 4.55 -39.674997901916505 7.3
      vertex 4.55 -41.42 7.3
    endloop
  endfacet
  facet normal 0 0 -1
    outer loop
      vertex -5 -40.5325 3.3
      vertex -5 -40 3.3
      vertex 5 -40.8875 3.3
    endloop
  endfacet
  facet normal 0 0 -1
    outer loop
      vertex -5 -39.11764705882353 3.3
      vertex 5 -40.8875 3.3
      vertex -5 -40 3.3
    endloop
  endfacet
  facet normal 0 1 0
    outer loop
      vertex -5 -38.8 3.391666621411287
      vertex -5 -38.8 3.8
      vertex 5 -38.8 3.3575581086365327
    endloop
  endfacet
  facet normal 0 1 0
    outer loop
      vertex -4.55 -38.8 3.8
      vertex 5 -38.8 3.3575581086365327
      vertex -5 -38.8 3.8
    endloop
  endfacet
  facet normal 0 0 1
    outer loop
      vertex -4.55 -41.4 3.8
      vertex 4.55 -41.4 3.8
      vertex -4.55 -38.8 3.8
    endloop
  endfacet
  facet normal 0 0 -1
    outer loop
      vertex 5 -40.8875 3.3
      vertex -5 -39.11764705882353 3.3
      vertex 5 -40 3.3
    endloop
  endfacet
  facet normal 0 0 -1
    outer loop
      vertex 5 -39.470588235294116 3.3
      vertex 5 -40 3.3
      vertex -5 -39.11764705882353 3.3
    endloop
  endfacet
  facet normal 0 1 0
    outer loop
      vertex 4.55 -38.8 3.8
      vertex 5 -38.8 3.3575581086365327
      vertex -4.55 -38.8 3.8
    endloop
  endfacet
  facet normal 0 1 0
    outer loop
      vertex 5 -38.8 3.3575581086365327
      vertex 4.55 -38.8 3.8
      vertex 5 -38.8 3.8
    endloop
  endfacet
  facet normal 0 0 1
    outer loop
      vertex 4.55 -38.8 3.8
      vertex -4.55 -38.8 3.8
      vertex 4.55 -41.4 3.8
    endloop
  endfacet
endsolid OpenSCAD_Model
