solid OpenSCAD_Model
  facet normal 0 0 -1
    outer loop
      vertex -50.67031014955897 -37.24617751948454 -2.8477590650225735
      vertex -51.189571717645975 -36.83208023706581 -2.8477590650225735
      vertex -50.88459458084525 -36.82571624978989 -2.8477590650225735
    endloop
  endfacet
  facet normal 0 0 -1
    outer loop
      vertex -50.67031014955897 -37.24617751948454 -2.8477590650225735
      vertex -50.88459458084525 -36.82571624978989 -2.8477590650225735
      vertex -49 -37 -2.8477590650225735
    endloop
  endfacet
  facet normal 0 0 -1
    outer loop
      vertex -51.189571717645975 -36.83208023706581 -2.8477590650225735
      vertex -51.189571717645975 -36.58250509897377 -2.8477590650225735
      vertex -50.88459458084525 -36.82571624978989 -2.8477590650225735
    endloop
  endfacet
  facet normal 0 0 -1
    outer loop
      vertex -51.189571717645975 -36.58250509897377 -2.8477590650225735
      vertex -49 -37 -2.8477590650225735
      vertex -50.88459458084525 -36.82571624978989 -2.8477590650225735
    endloop
  endfacet
  facet normal 0 0 -1
    outer loop
      vertex -51.189571717645975 -36.58250509897377 -2.8477590650225735
      vertex -50.76776695296637 -36.26776695296637 -2.8477590650225735
      vertex -49 -37 -2.8477590650225735
    endloop
  endfacet
  facet normal 0 0 -1
    outer loop
      vertex -51.189571717645975 -36.58250509897377 -2.8477590650225735
      vertex -51.189571717645975 -35.24944016940327 -2.8477590650225735
      vertex -50.76776695296637 -36.26776695296637 -2.8477590650225735
    endloop
  endfacet
  facet normal 0 0 -1
    outer loop
      vertex -50.67031014955897 -37.24617751948454 -2.8477590650225735
      vertex -49 -37 -2.8477590650225735
      vertex -43.81405570119674 -36.9966023813925 -2.8477590650225735
    endloop
  endfacet
  facet normal 0 0 -1
    outer loop
      vertex -49 -37 -2.8477590650225735
      vertex -47.23223304703363 -36.26776695296637 -2.8477590650225735
      vertex -43.81405570119674 -36.9966023813925 -2.8477590650225735
    endloop
  endfacet
  facet normal 0 0 -1
    outer loop
      vertex -47.23223304703363 -36.26776695296637 -2.8477590650225735
      vertex -39.55412258655849 -36.841536170919134 -2.8477590650225735
      vertex -43.81405570119674 -36.9966023813925 -2.8477590650225735
    endloop
  endfacet
  facet normal 0 0 -1
    outer loop
      vertex -50.67031014955897 -37.24617751948454 -2.8477590650225735
      vertex -43.81405570119674 -36.9966023813925 -2.8477590650225735
      vertex -29.670310149558976 -37.24617751948454 -2.8477590650225735
    endloop
  endfacet
  facet normal 0 0 -1
    outer loop
      vertex -47.23223304703363 -36.26776695296637 -2.8477590650225735
      vertex -46.5 -34.5 -2.8477590650225735
      vertex -24.770225951340052 -36.29596970261434 -2.8477590650225735
    endloop
  endfacet
  facet normal 0 0 -1
    outer loop
      vertex -46.5 -34.5 -2.8477590650225735
      vertex -47.23223304703363 -32.73223304703363 -2.8477590650225735
      vertex -24.770225951340052 -36.29596970261434 -2.8477590650225735
    endloop
  endfacet
  facet normal 0 0 -1
    outer loop
      vertex -47.23223304703363 -36.26776695296637 -2.8477590650225735
      vertex -24.770225951340052 -36.29596970261434 -2.8477590650225735
      vertex -39.55412258655849 -36.841536170919134 -2.8477590650225735
    endloop
  endfacet
  facet normal 0 0 -1
    outer loop
      vertex -43.81405570119674 -36.9966023813925 -2.8477590650225735
      vertex -39.55412258655849 -36.841536170919134 -2.8477590650225735
      vertex -24.250964383253052 -36.9966023813925 -2.8477590650225735
    endloop
  endfacet
  facet normal -0.46321309724263576 -0.5808508518281675 -0.6693623192811026
    outer loop
      vertex -50.67031014955897 -37.24617751948454 -2.8477590650225735
      vertex -50.91116507287507 -38.3014318874775 -1.7653668647301797
      vertex -51.189571717645975 -36.83208023706581 -2.8477590650225735
    endloop
  endfacet
  facet normal -0.742936124795819 0 -0.6693623192810986
    outer loop
      vertex -51.189571717645975 -36.83208023706581 -2.8477590650225735
      vertex -52.16477339296982 -37.052137474028314 -1.7653668647301797
      vertex -51.189571717645975 -36.58250509897377 -2.8477590650225735
    endloop
  endfacet
  facet normal -0.742936124795819 0 -0.6693623192810985
    outer loop
      vertex -51.189571717645975 -36.58250509897377 -2.8477590650225735
      vertex -52.16477339296982 -37.052137474028314 -1.7653668647301797
      vertex -51.189571717645975 -35.24944016940327 -2.8477590650225735
    endloop
  endfacet
  facet normal -0.7429361247958192 5.758717217377418e-17 -0.6693623192810984
    outer loop
      vertex -51.189571717645975 -35.24944016940327 -2.8477590650225735
      vertex -52.16477339296982 -37.052137474028314 -1.7653668647301797
      vertex -51.5 -34.5 -2.503209665578012
    endloop
  endfacet
  facet normal 0 -0.7160259392356542 -0.6980736740070488
    outer loop
      vertex -50.67031014955897 -37.24617751948454 -2.8477590650225735
      vertex -29.670310149558976 -37.24617751948454 -2.8477590650225735
      vertex -29.911165072875068 -38.3014318874775 -1.7653668647301797
    endloop
  endfacet
  facet normal 0 0 -1
    outer loop
      vertex -51.189571717645975 -33.75055983059673 -2.8477590650225735
      vertex -51.189571717645975 -19.762871413921378 -2.8477590650225735
      vertex -50.76776695296637 -32.73223304703363 -2.8477590650225735
    endloop
  endfacet
  facet normal 0 0 -1
    outer loop
      vertex -50.76776695296637 -32.73223304703363 -2.8477590650225735
      vertex -45.791735022726364 -19.735404099722434 -2.8477590650225735
      vertex -49 -32 -2.8477590650225735
    endloop
  endfacet
  facet normal 0 0 -1
    outer loop
      vertex -47.23223304703363 -32.73223304703363 -2.8477590650225735
      vertex -49 -32 -2.8477590650225735
      vertex -42.04818360299344 -20.176968696340108 -2.8477590650225735
    endloop
  endfacet
  facet normal -0.7429361247958192 -5.853151032910679e-17 -0.6693623192810985
    outer loop
      vertex -51.189571717645975 -33.75055983059673 -2.8477590650225735
      vertex -51.5 -34.5 -2.503209665578012
      vertex -51.22661690367139 -19.780711435260223 -2.806642010543586
    endloop
  endfacet
  facet normal -0.7429361247958092 0 -0.6693623192811092
    outer loop
      vertex -51.189571717645975 -33.75055983059673 -2.8477590650225735
      vertex -51.22661690367139 -19.780711435260223 -2.806642010543586
      vertex -51.189571717645975 -19.762871413921378 -2.8477590650225735
    endloop
  endfacet
  facet normal 0 0 -1
    outer loop
      vertex -50.76776695296637 -32.73223304703363 -2.8477590650225735
      vertex -51.189571717645975 -19.762871413921378 -2.8477590650225735
      vertex -45.791735022726364 -19.735404099722434 -2.8477590650225735
    endloop
  endfacet
  facet normal -0.7429361247958092 0 -0.6693623192811093
    outer loop
      vertex -51.189571717645975 -19.762871413921378 -2.8477590650225735
      vertex -51.22661690367139 -19.780711435260223 -2.806642010543586
      vertex -51.189571717645975 -19.09871093978975 -2.8477590650225735
    endloop
  endfacet
  facet normal 0 0 -1
    outer loop
      vertex -49 -32 -2.8477590650225735
      vertex -45.791735022726364 -19.735404099722434 -2.8477590650225735
      vertex -42.04818360299344 -20.176968696340108 -2.8477590650225735
    endloop
  endfacet
  facet normal 0 0 -1
    outer loop
      vertex -47.23223304703363 -32.73223304703363 -2.8477590650225735
      vertex -42.04818360299344 -20.176968696340108 -2.8477590650225735
      vertex -24.770225951340052 -36.29596970261434 -2.8477590650225735
    endloop
  endfacet
  facet normal -0.7429361247958189 -6.746701904889159e-17 -0.6693623192810987
    outer loop
      vertex -51.5 -34.5 -2.503209665578012
      vertex -52.16477339296982 -37.052137474028314 -1.7653668647301797
      vertex -51.22661690367139 -19.780711435260223 -2.806642010543586
    endloop
  endfacet
  facet normal 0 0 -1
    outer loop
      vertex -43.81405570119674 -36.9966023813925 -2.8477590650225735
      vertex -24.250964383253052 -36.9966023813925 -2.8477590650225735
      vertex -29.670310149558976 -37.24617751948454 -2.8477590650225735
    endloop
  endfacet
  facet normal 0 0 -1
    outer loop
      vertex -39.55412258655849 -36.841536170919134 -2.8477590650225735
      vertex -24.770225951340052 -36.29596970261434 -2.8477590650225735
      vertex -24.705152812792235 -36.63439919529671 -2.8477590650225735
    endloop
  endfacet
  facet normal 0 0 -1
    outer loop
      vertex -39.55412258655849 -36.841536170919134 -2.8477590650225735
      vertex -24.705152812792235 -36.63439919529671 -2.8477590650225735
      vertex -24.250964383253052 -36.9966023813925 -2.8477590650225735
    endloop
  endfacet
  facet normal 0 0 -1
    outer loop
      vertex -24.250964383253052 -36.9966023813925 -2.8477590650225735
      vertex -16.76776695296637 -39.26776695296637 -2.8477590650225735
      vertex -15 -40 -2.8477590650225735
    endloop
  endfacet
  facet normal 0 0 -1
    outer loop
      vertex -24.250964383253052 -36.9966023813925 -2.8477590650225735
      vertex -24.705152812792235 -36.63439919529671 -2.8477590650225735
      vertex -24.432697615365917 -36.63059855818536 -2.8477590650225735
    endloop
  endfacet
  facet normal 0 0 -1
    outer loop
      vertex -24.770225951340052 -36.29596970261434 -2.8477590650225735
      vertex -24.432697615365917 -36.63059855818536 -2.8477590650225735
      vertex -24.705152812792235 -36.63439919529671 -2.8477590650225735
    endloop
  endfacet
  facet normal 0 0 -1
    outer loop
      vertex -24.770225951340052 -36.29596970261434 -2.8477590650225735
      vertex -17.5 -37.5 -2.8477590650225735
      vertex -24.432697615365917 -36.63059855818536 -2.8477590650225735
    endloop
  endfacet
  facet normal 0 0 -1
    outer loop
      vertex -24.250964383253052 -36.9966023813925 -2.8477590650225735
      vertex -24.432697615365917 -36.63059855818536 -2.8477590650225735
      vertex -16.76776695296637 -39.26776695296637 -2.8477590650225735
    endloop
  endfacet
  facet normal 0 0 -1
    outer loop
      vertex -24.432697615365917 -36.63059855818536 -2.8477590650225735
      vertex -17.5 -37.5 -2.8477590650225735
      vertex -16.76776695296637 -39.26776695296637 -2.8477590650225735
    endloop
  endfacet
  facet normal 0 0 -1
    outer loop
      vertex -24.770225951340052 -36.29596970261434 -2.8477590650225735
      vertex -16.76776695296637 -35.73223304703363 -2.8477590650225735
      vertex -17.5 -37.5 -2.8477590650225735
    endloop
  endfacet
  facet normal 0.03312600015208998 -0.7193074200070059 -0.6939016527122474
    outer loop
      vertex -29.670310149558976 -37.24617751948454 -2.8477590650225735
      vertex -24.250964383253052 -36.9966023813925 -2.8477590650225735
      vertex -24.491819306569145 -38.05185674938546 -1.7653668647301797
    endloop
  endfacet
  facet normal 0 0 -1
    outer loop
      vertex -42.04818360299344 -20.176968696340108 -2.8477590650225735
      vertex -16.76776695296637 -35.73223304703363 -2.8477590650225735
      vertex -24.770225951340052 -36.29596970261434 -2.8477590650225735
    endloop
  endfacet
  facet normal 0 0 -1
    outer loop
      vertex -42.04818360299344 -20.176968696340108 -2.8477590650225735
      vertex -15 -35 -2.8477590650225735
      vertex -16.76776695296637 -35.73223304703363 -2.8477590650225735
    endloop
  endfacet
  facet normal -0.742936124795819 0 -0.6693623192810986
    outer loop
      vertex -51.189571717645975 -36.83208023706581 -2.8477590650225735
      vertex -52.16477339296982 -37.301712612120355 -1.7653668647301797
      vertex -52.16477339296982 -37.052137474028314 -1.7653668647301797
    endloop
  endfacet
  facet normal -0.46321309724264215 -0.5808508518281661 -0.6693623192810992
    outer loop
      vertex -51.189571717645975 -36.83208023706581 -2.8477590650225735
      vertex -50.91116507287507 -38.3014318874775 -1.7653668647301797
      vertex -52.16477339296982 -37.301712612120355 -1.7653668647301797
    endloop
  endfacet
  facet normal 0 -0.7160259392356542 -0.6980736740070488
    outer loop
      vertex -50.67031014955897 -37.24617751948454 -2.8477590650225735
      vertex -29.911165072875068 -38.3014318874775 -1.7653668647301797
      vertex -50.91116507287507 -38.3014318874775 -1.7653668647301797
    endloop
  endfacet
  facet normal -0.7429361247958195 0 -0.6693623192810981
    outer loop
      vertex -52.16477339296982 -37.052137474028314 -1.7653668647301797
      vertex -52.16477339296982 -35.448712249787604 -1.7653668647301797
      vertex -51.22661690367139 -19.780711435260223 -2.806642010543586
    endloop
  endfacet
  facet normal -0.7429361247958194 0 -0.6693623192810979
    outer loop
      vertex -52.16477339296982 -35.448712249787604 -1.7653668647301797
      vertex -52.16477339296982 -20.232503788975922 -1.7653668647301797
      vertex -51.22661690367139 -19.780711435260223 -2.806642010543586
    endloop
  endfacet
  facet normal 0.03312600015208998 -0.7193074200070059 -0.6939016527122475
    outer loop
      vertex -29.670310149558976 -37.24617751948454 -2.8477590650225735
      vertex -24.491819306569145 -38.05185674938546 -1.7653668647301797
      vertex -29.911165072875068 -38.3014318874775 -1.7653668647301797
    endloop
  endfacet
  facet normal 0 0 -1
    outer loop
      vertex -24.250964383253052 -36.9966023813925 -2.8477590650225735
      vertex 11.474830297369106 -50.77794529366478 -2.8477590650225735
      vertex 11.46428532480495 -50.777970286830445 -2.8477590650225735
    endloop
  endfacet
  facet normal 0 0 -1
    outer loop
      vertex 11.474830297369106 -50.77794529366478 -2.8477590650225735
      vertex -13.232233047033631 -39.26776695296637 -2.8477590650225735
      vertex 16.23223304703363 -48.73223304703363 -2.8477590650225735
    endloop
  endfacet
  facet normal 0 0 -1
    outer loop
      vertex 16.23223304703363 -48.73223304703363 -2.8477590650225735
      vertex -13.232233047033631 -39.26776695296637 -2.8477590650225735
      vertex 18 -48 -2.8477590650225735
    endloop
  endfacet
  facet normal 0 0 -1
    outer loop
      vertex 15.11151613421619 -52.165210905297776 -2.8477590650225735
      vertex 15.5 -50.5 -2.8477590650225735
      vertex 16.23223304703363 -52.26776695296637 -2.8477590650225735
    endloop
  endfacet
  facet normal 0 0 -1
    outer loop
      vertex 15.11151613421619 -52.165210905297776 -2.8477590650225735
      vertex 16.23223304703363 -52.26776695296637 -2.8477590650225735
      vertex 18 -53 -2.8477590650225735
    endloop
  endfacet
  facet normal 0 0 -1
    outer loop
      vertex 11.477366594008014 -50.78301792852499 -2.8477590650225735
      vertex 11.46428532480495 -50.777970286830445 -2.8477590650225735
      vertex 11.474842793849499 -50.777970286830445 -2.8477590650225735
    endloop
  endfacet
  facet normal 0 0 -1
    outer loop
      vertex 11.474842793849499 -50.777970286830445 -2.8477590650225735
      vertex 11.46428532480495 -50.777970286830445 -2.8477590650225735
      vertex 11.474830297369106 -50.77794529366478 -2.8477590650225735
    endloop
  endfacet
  facet normal 0 0 -1
    outer loop
      vertex 11.477366594008014 -50.78301792852499 -2.8477590650225735
      vertex 11.474842793849499 -50.777970286830445 -2.8477590650225735
      vertex 11.482277159766838 -50.779101883007975 -2.8477590650225735
    endloop
  endfacet
  facet normal 0 0 -1
    outer loop
      vertex 11.482277159766838 -50.779101883007975 -2.8477590650225735
      vertex 11.474842793849499 -50.777970286830445 -2.8477590650225735
      vertex 11.483696136491712 -50.777970286830445 -2.8477590650225735
    endloop
  endfacet
  facet normal 0 0 -1
    outer loop
      vertex 11.477366594008014 -50.78301792852499 -2.8477590650225735
      vertex 11.482277159766838 -50.779101883007975 -2.8477590650225735
      vertex 11.486858232026854 -50.78085152408592 -2.8477590650225735
    endloop
  endfacet
  facet normal 0 0 -1
    outer loop
      vertex 11.474842793849499 -50.777970286830445 -2.8477590650225735
      vertex 11.474830297369106 -50.77794529366478 -2.8477590650225735
      vertex 11.483696136491712 -50.777970286830445 -2.8477590650225735
    endloop
  endfacet
  facet normal 0 0 -1
    outer loop
      vertex 11.482277159766838 -50.779101883007975 -2.8477590650225735
      vertex 11.483696136491712 -50.777970286830445 -2.8477590650225735
      vertex 15.5 -50.5 -2.8477590650225735
    endloop
  endfacet
  facet normal 0 0 -1
    outer loop
      vertex 11.482277159766838 -50.779101883007975 -2.8477590650225735
      vertex 15.5 -50.5 -2.8477590650225735
      vertex 11.486858232026854 -50.78085152408592 -2.8477590650225735
    endloop
  endfacet
  facet normal 0 0 -1
    outer loop
      vertex 11.483696136491712 -50.777970286830445 -2.8477590650225735
      vertex 11.474830297369106 -50.77794529366478 -2.8477590650225735
      vertex 15.5 -50.5 -2.8477590650225735
    endloop
  endfacet
  facet normal 0 0 -1
    outer loop
      vertex 15.11151613421619 -52.165210905297776 -2.8477590650225735
      vertex 11.486858232026854 -50.78085152408592 -2.8477590650225735
      vertex 15.5 -50.5 -2.8477590650225735
    endloop
  endfacet
  facet normal 0 0 -1
    outer loop
      vertex 11.474830297369106 -50.77794529366478 -2.8477590650225735
      vertex 16.23223304703363 -48.73223304703363 -2.8477590650225735
      vertex 15.5 -50.5 -2.8477590650225735
    endloop
  endfacet
  facet normal -0.2535344201136597 -0.6638272921136292 -0.7036004719034208
    outer loop
      vertex 15.11151613421619 -52.165210905297776 -2.8477590650225735
      vertex 11.246003308710762 -51.836105892078876 -1.7653668647301797
      vertex 11.486858232026854 -50.78085152408592 -2.8477590650225735
    endloop
  endfacet
  facet normal -0.2558744382842147 -0.6631141059389395 -0.7034258698239203
    outer loop
      vertex 11.477366594008014 -50.78301792852499 -2.8477590650225735
      vertex 11.236511670691922 -51.83827229651795 -1.7653668647301797
      vertex 11.46428532480495 -50.777970286830445 -2.8477590650225735
    endloop
  endfacet
  facet normal 0.16531884035941394 -0.7243091650316409 -0.6693623192811093
    outer loop
      vertex 11.477366594008014 -50.78301792852499 -2.8477590650225735
      vertex 11.486858232026854 -50.78085152408592 -2.8477590650225735
      vertex 11.246003308710762 -51.836105892078876 -1.7653668647301797
    endloop
  endfacet
  facet normal -0.2558744382842217 -0.6631141059389376 -0.7034258698239193
    outer loop
      vertex -24.491819306569145 -38.05185674938546 -1.7653668647301797
      vertex 11.46428532480495 -50.777970286830445 -2.8477590650225735
      vertex 11.223430401488857 -51.833224654823404 -1.7653668647301797
    endloop
  endfacet
  facet normal -0.2558744382842155 -0.6631141059389398 -0.7034258698239194
    outer loop
      vertex 11.46428532480495 -50.777970286830445 -2.8477590650225735
      vertex 11.236511670691922 -51.83827229651795 -1.7653668647301797
      vertex 11.223430401488857 -51.833224654823404 -1.7653668647301797
    endloop
  endfacet
  facet normal 0.16531884035941322 -0.7243091650316419 -0.6693623192811086
    outer loop
      vertex 11.477366594008014 -50.78301792852499 -2.8477590650225735
      vertex 11.246003308710762 -51.836105892078876 -1.7653668647301797
      vertex 11.236511670691922 -51.83827229651795 -1.7653668647301797
    endloop
  endfacet
  facet normal -0.2535344201136597 -0.6638272921136292 -0.703600471903421
    outer loop
      vertex 15.11151613421619 -52.165210905297776 -2.8477590650225735
      vertex 14.870661210900098 -53.220465273290735 -1.7653668647301797
      vertex 11.246003308710762 -51.836105892078876 -1.7653668647301797
    endloop
  endfacet
  facet normal 0 0 -1
    outer loop
      vertex -24.250964383253052 -36.9966023813925 -2.8477590650225735
      vertex -15 -40 -2.8477590650225735
      vertex 11.474830297369106 -50.77794529366478 -2.8477590650225735
    endloop
  endfacet
  facet normal 0 0 -1
    outer loop
      vertex 11.474830297369106 -50.77794529366478 -2.8477590650225735
      vertex -15 -40 -2.8477590650225735
      vertex -13.232233047033631 -39.26776695296637 -2.8477590650225735
    endloop
  endfacet
  facet normal 0 0 -1
    outer loop
      vertex -15 -35 -2.8477590650225735
      vertex 5.5 -30 -2.8477590650225735
      vertex -13.232233047033631 -35.73223304703363 -2.8477590650225735
    endloop
  endfacet
  facet normal 0 0 -1
    outer loop
      vertex -13.232233047033631 -35.73223304703363 -2.8477590650225735
      vertex 5.5 -30 -2.8477590650225735
      vertex 6.232233047033631 -31.76776695296637 -2.8477590650225735
    endloop
  endfacet
  facet normal -0.2558744382842215 -0.6631141059389373 -0.7034258698239197
    outer loop
      vertex -24.250964383253052 -36.9966023813925 -2.8477590650225735
      vertex 11.46428532480495 -50.777970286830445 -2.8477590650225735
      vertex -24.491819306569145 -38.05185674938546 -1.7653668647301797
    endloop
  endfacet
  facet normal 0 0 -1
    outer loop
      vertex -42.04818360299344 -20.176968696340108 -2.8477590650225735
      vertex 5.5 -30 -2.8477590650225735
      vertex -15 -35 -2.8477590650225735
    endloop
  endfacet
  facet normal 0 0 -1
    outer loop
      vertex -42.04818360299344 -20.176968696340108 -2.8477590650225735
      vertex 6.232233047033631 -28.23223304703363 -2.8477590650225735
      vertex 5.5 -30 -2.8477590650225735
    endloop
  endfacet
  facet normal 0 0 -1
    outer loop
      vertex -42.04818360299344 -20.176968696340108 -2.8477590650225735
      vertex 8 -27.5 -2.8477590650225735
      vertex 6.232233047033631 -28.23223304703363 -2.8477590650225735
    endloop
  endfacet
  facet normal 0 0 -1
    outer loop
      vertex -42.04818360299344 -20.176968696340108 -2.8477590650225735
      vertex 58 -19 -2.8477590650225735
      vertex -38.38437794052102 -20.176968696340108 -2.8477590650225735
    endloop
  endfacet
  facet normal 0 0 -1
    outer loop
      vertex -13.232233047033631 -35.73223304703363 -2.8477590650225735
      vertex 6.232233047033631 -31.76776695296637 -2.8477590650225735
      vertex 8 -32.5 -2.8477590650225735
    endloop
  endfacet
  facet normal 0 0 -1
    outer loop
      vertex -13.232233047033631 -39.26776695296637 -2.8477590650225735
      vertex -12.5 -37.5 -2.8477590650225735
      vertex 73.81882628495528 -50.63018067782981 -2.8477590650225735
    endloop
  endfacet
  facet normal 0 0 -1
    outer loop
      vertex -12.5 -37.5 -2.8477590650225735
      vertex -13.232233047033631 -35.73223304703363 -2.8477590650225735
      vertex 61.829716119946326 -35.50424734242342 -2.8477590650225735
    endloop
  endfacet
  facet normal 0 0 -1
    outer loop
      vertex -13.232233047033631 -35.73223304703363 -2.8477590650225735
      vertex 8 -32.5 -2.8477590650225735
      vertex 40 -35 -2.8477590650225735
    endloop
  endfacet
  facet normal 0 0 -1
    outer loop
      vertex -42.04818360299344 -20.176968696340108 -2.8477590650225735
      vertex 40 -30 -2.8477590650225735
      vertex 8 -27.5 -2.8477590650225735
    endloop
  endfacet
  facet normal 0 0 -1
    outer loop
      vertex -42.04818360299344 -20.176968696340108 -2.8477590650225735
      vertex -38.38437794052102 -20.176968696340108 -2.8477590650225735
      vertex 79.43223304703363 -33.83223304703363 -2.8477590650225735
    endloop
  endfacet
  facet normal -0.6234898018587363 -0.7818314824680277 0
    outer loop
      vertex -52.16477339296982 -37.301712612120355 -1.7653668647301797
      vertex -50.91116507287507 -38.3014318874775 -1.7653668647301797
      vertex -52.16477339296982 -37.301712612120355 0.25
    endloop
  endfacet
  facet normal -1 0 0
    outer loop
      vertex -52.16477339296982 -37.301712612120355 -1.7653668647301797
      vertex -52.16477339296982 -37.301712612120355 0.25
      vertex -52.16477339296982 -37.052137474028314 -1.7653668647301797
    endloop
  endfacet
  facet normal -1 0 0
    outer loop
      vertex -52.16477339296982 -37.052137474028314 -1.7653668647301797
      vertex -52.16477339296982 -37.301712612120355 0.25
      vertex -52.16477339296982 -35.448712249787604 -1.7653668647301797
    endloop
  endfacet
  facet normal 0 -1 0
    outer loop
      vertex -50.91116507287507 -38.3014318874775 -1.7653668647301797
      vertex -29.911165072875068 -38.3014318874775 -1.7653668647301797
      vertex -50.91116507287507 -38.3014318874775 0.25
    endloop
  endfacet
  facet normal -1 0 0
    outer loop
      vertex -52.16477339296982 -35.448712249787604 -1.7653668647301797
      vertex -52.16477339296982 -37.301712612120355 0.25
      vertex -52.16477339296982 -20.232503788975922 -1.7653668647301797
    endloop
  endfacet
  facet normal -1 0 0
    outer loop
      vertex -52.16477339296982 -20.232503788975922 -1.7653668647301797
      vertex -52.16477339296982 -37.301712612120355 0.25
      vertex -52.16477339296982 -18.629078564735206 -1.7653668647301797
    endloop
  endfacet
  facet normal -1 0 0
    outer loop
      vertex -52.16477339296982 -18.629078564735206 -1.7653668647301797
      vertex -52.16477339296982 -37.301712612120355 0.25
      vertex -52.16477339296982 -10.792911919264046 -1.7653668647301797
    endloop
  endfacet
  facet normal 0.04600387463441016 -0.9989412612954885 0
    outer loop
      vertex -29.911165072875068 -38.3014318874775 -1.7653668647301797
      vertex -24.491819306569145 -38.05185674938546 -1.7653668647301797
      vertex -29.911165072875068 -38.3014318874775 0.25
    endloop
  endfacet
  facet normal -0.6234898018587363 -0.7818314824680277 0
    outer loop
      vertex -50.91116507287507 -38.3014318874775 -1.7653668647301797
      vertex -50.91116507287507 -38.3014318874775 0.25
      vertex -52.16477339296982 -37.301712612120355 0.25
    endloop
  endfacet
  facet normal 0 -1 0
    outer loop
      vertex -29.911165072875068 -38.3014318874775 -1.7653668647301797
      vertex -29.911165072875068 -38.3014318874775 0.25
      vertex -50.91116507287507 -38.3014318874775 0.25
    endloop
  endfacet
  facet normal 0.04600387463441016 -0.9989412612954885 0
    outer loop
      vertex -24.491819306569145 -38.05185674938546 -1.7653668647301797
      vertex -24.491819306569145 -38.05185674938546 0.25
      vertex -29.911165072875068 -38.3014318874775 0.25
    endloop
  endfacet
  facet normal -0.35999680826620234 -0.932953534769094 1.905495755726081e-13
    outer loop
      vertex 11.236511670691922 -51.83827229651795 -1.7653668647301797
      vertex -24.491819306569145 -38.05185674938546 0.25
      vertex 11.223430401488857 -51.833224654823404 -1.7653668647301797
    endloop
  endfacet
  facet normal 0.22252093395626796 -0.9749279121818343 0
    outer loop
      vertex 11.236511670691922 -51.83827229651795 -1.7653668647301797
      vertex 11.246003308710762 -51.836105892078876 -1.7653668647301797
      vertex 11.236511670691922 -51.83827229651795 0.25
    endloop
  endfacet
  facet normal -0.356791334665296 -0.934184105788445 0
    outer loop
      vertex 11.246003308710762 -51.836105892078876 -1.7653668647301797
      vertex 14.870661210900098 -53.220465273290735 -1.7653668647301797
      vertex 11.246003308710762 -51.836105892078876 0.25
    endloop
  endfacet
  facet normal -0.3599968082662116 -0.9329535347690905 0
    outer loop
      vertex 11.236511670691922 -51.83827229651795 -1.7653668647301797
      vertex 11.236511670691922 -51.83827229651795 0.25
      vertex -24.491819306569145 -38.05185674938546 0.25
    endloop
  endfacet
  facet normal 0.22252093395626796 -0.9749279121818343 0
    outer loop
      vertex 11.246003308710762 -51.836105892078876 -1.7653668647301797
      vertex 11.246003308710762 -51.836105892078876 0.25
      vertex 11.236511670691922 -51.83827229651795 0.25
    endloop
  endfacet
  facet normal -0.3599968082662116 -0.9329535347690904 0
    outer loop
      vertex -24.491819306569145 -38.05185674938546 -1.7653668647301797
      vertex 11.223430401488857 -51.833224654823404 -1.7653668647301797
      vertex -24.491819306569145 -38.05185674938546 0.25
    endloop
  endfacet
  facet normal -0.7429361247958116 2.8147600165936854e-16 -0.6693623192811068
    outer loop
      vertex -51.22661690367139 -19.780711435260223 -2.806642010543586
      vertex -51.25367566487422 -10.354150378160003 -2.7766090513961403
      vertex -51.189571717645975 -19.09871093978975 -2.8477590650225735
    endloop
  endfacet
  facet normal -0.7429361247958288 0 -0.6693623192810876
    outer loop
      vertex -51.189571717645975 -19.09871093978975 -2.8477590650225735
      vertex -51.25367566487422 -10.354150378160003 -2.7766090513961403
      vertex -51.189571717645975 -10.323279544209502 -2.8477590650225735
    endloop
  endfacet
  facet normal -0.7429361247958355 0 -0.66936231928108
    outer loop
      vertex -51.189571717645975 -10.323279544209502 -2.8477590650225735
      vertex -51.204225884899344 -9.818003280416724 -2.831494166450122
      vertex -51.189571717645975 -9.659119070077875 -2.8477590650225735
    endloop
  endfacet
  facet normal -0.7429361247958289 4.331020263559624e-16 -0.6693623192810876
    outer loop
      vertex -51.189571717645975 -10.323279544209502 -2.8477590650225735
      vertex -51.25367566487422 -10.354150378160003 -2.7766090513961403
      vertex -51.204225884899344 -9.818003280416724 -2.831494166450122
    endloop
  endfacet
  facet normal 0 0 -1
    outer loop
      vertex -47.98193720911944 -9.245021787659146 -2.8477590650225735
      vertex -46.29495640050632 -9.245021787659146 -2.8477590650225735
      vertex -47.99182071802328 -9.248344164354238 -2.8477590650225735
    endloop
  endfacet
  facet normal -0.7429361247958195 2.305058133882214e-16 -0.6693623192810979
    outer loop
      vertex -51.22661690367139 -19.780711435260223 -2.806642010543586
      vertex -52.16477339296982 -20.232503788975922 -1.7653668647301797
      vertex -51.25367566487422 -10.354150378160003 -2.7766090513961403
    endloop
  endfacet
  facet normal -0.7429361247958356 0 -0.6693623192810801
    outer loop
      vertex -51.204225884899344 -9.818003280416724 -2.831494166450122
      vertex -51.189571717645975 19.75055983059673 -2.8477590650225735
      vertex -51.189571717645975 -9.659119070077875 -2.8477590650225735
    endloop
  endfacet
  facet normal -0.7429361247958267 -9.78076803026046e-18 -0.6693623192810899
    outer loop
      vertex -51.25367566487422 -10.354150378160003 -2.7766090513961403
      vertex -51.189571717645975 19.75055983059673 -2.8477590650225735
      vertex -51.204225884899344 -9.818003280416724 -2.831494166450122
    endloop
  endfacet
  facet normal 0 0 -1
    outer loop
      vertex -51.189571717645975 -9.659119070077875 -2.8477590650225735
      vertex -50.76776695296637 18.73223304703363 -2.8477590650225735
      vertex -47.99182071802328 -9.248344164354238 -2.8477590650225735
    endloop
  endfacet
  facet normal 0 0 -1
    outer loop
      vertex -47.98193720911944 -9.245021787659146 -2.8477590650225735
      vertex -47.99182071802328 -9.248344164354238 -2.8477590650225735
      vertex -50.76776695296637 18.73223304703363 -2.8477590650225735
    endloop
  endfacet
  facet normal -0.7429361247958183 0 -0.6693623192810991
    outer loop
      vertex -52.16477339296982 -20.232503788975922 -1.7653668647301797
      vertex -52.16477339296982 -18.629078564735206 -1.7653668647301797
      vertex -51.25367566487422 -10.354150378160003 -2.7766090513961403
    endloop
  endfacet
  facet normal -0.7429361247958183 0 -0.6693623192810992
    outer loop
      vertex -51.25367566487422 -10.354150378160003 -2.7766090513961403
      vertex -52.16477339296982 -18.629078564735206 -1.7653668647301797
      vertex -52.16477339296982 -10.792911919264046 -1.7653668647301797
    endloop
  endfacet
  facet normal -0.7429361247958183 0 -0.6693623192810991
    outer loop
      vertex -51.25367566487422 -10.354150378160003 -2.7766090513961403
      vertex -52.16477339296982 -10.792911919264046 -1.7653668647301797
      vertex -52.16477339296982 -9.18948669502333 -1.7653668647301797
    endloop
  endfacet
  facet normal -1 0 0
    outer loop
      vertex -52.16477339296982 -10.792911919264046 -1.7653668647301797
      vertex -52.16477339296982 -9.581767982272192 -1.5067332345175652
      vertex -52.16477339296982 -9.18948669502333 -1.7653668647301797
    endloop
  endfacet
  facet normal -0.7429361247958184 0 -0.6693623192810991
    outer loop
      vertex -51.25367566487422 -10.354150378160003 -2.7766090513961403
      vertex -52.16477339296982 -9.18948669502333 -1.7653668647301797
      vertex -52.16477339296982 23.301712612120358 -1.7653668647301797
    endloop
  endfacet
  facet normal 0 0 -1
    outer loop
      vertex -47.98193720911944 -9.245021787659146 -2.8477590650225735
      vertex -50.76776695296637 18.73223304703363 -2.8477590650225735
      vertex -49 18 -2.8477590650225735
    endloop
  endfacet
  facet normal 0 0 -1
    outer loop
      vertex -47.98193720911944 -9.245021787659146 -2.8477590650225735
      vertex -49 18 -2.8477590650225735
      vertex -47.23223304703363 18.73223304703363 -2.8477590650225735
    endloop
  endfacet
  facet normal 0 0 -1
    outer loop
      vertex -51.189571717645975 -9.659119070077875 -2.8477590650225735
      vertex -51.189571717645975 19.75055983059673 -2.8477590650225735
      vertex -50.76776695296637 18.73223304703363 -2.8477590650225735
    endloop
  endfacet
  facet normal -0.7429361247958192 -4.52428537948363e-17 -0.6693623192810982
    outer loop
      vertex -51.25367566487422 -10.354150378160003 -2.7766090513961403
      vertex -51.5 20.5 -2.503209665578012
      vertex -51.189571717645975 19.75055983059673 -2.8477590650225735
    endloop
  endfacet
  facet normal -0.742936124795819 -4.4054090991295894e-17 -0.6693623192810984
    outer loop
      vertex -51.25367566487422 -10.354150378160003 -2.7766090513961403
      vertex -52.16477339296982 23.301712612120358 -1.7653668647301797
      vertex -51.5 20.5 -2.503209665578012
    endloop
  endfacet
  facet normal 0 0 -1
    outer loop
      vertex -51.189571717645975 21.24944016940327 -2.8477590650225735
      vertex -51.189571717645975 22.832080237065814 -2.8477590650225735
      vertex -50.76776695296637 22.26776695296637 -2.8477590650225735
    endloop
  endfacet
  facet normal 0 0 -1
    outer loop
      vertex -51.189571717645975 22.832080237065814 -2.8477590650225735
      vertex -50.67031014955898 23.246177519484544 -2.8477590650225735
      vertex -50.76776695296637 22.26776695296637 -2.8477590650225735
    endloop
  endfacet
  facet normal 0 0 -1
    outer loop
      vertex -50.76776695296637 22.26776695296637 -2.8477590650225735
      vertex -50.67031014955898 23.246177519484544 -2.8477590650225735
      vertex -49 23 -2.8477590650225735
    endloop
  endfacet
  facet normal -0.7429361247958192 0 -0.6693623192810984
    outer loop
      vertex -51.189571717645975 21.24944016940327 -2.8477590650225735
      vertex -51.5 20.5 -2.503209665578012
      vertex -51.189571717645975 22.832080237065814 -2.8477590650225735
    endloop
  endfacet
  facet normal -0.4632130972426416 0.5808508518281669 -0.6693623192810989
    outer loop
      vertex -51.189571717645975 22.832080237065814 -2.8477590650225735
      vertex -52.16477339296982 23.301712612120358 -1.7653668647301797
      vertex -50.67031014955898 23.246177519484544 -2.8477590650225735
    endloop
  endfacet
  facet normal -0.17661604964190059 0.6848377437176734 -0.706968199983971
    outer loop
      vertex -50.67031014955898 23.246177519484544 -2.8477590650225735
      vertex -50.91116507287507 24.301431887477495 -1.7653668647301797
      vertex -31.670310149558976 28.146177517994428 -2.8477590650225735
    endloop
  endfacet
  facet normal -0.742936124795819 -3.0707871408250784e-17 -0.6693623192810985
    outer loop
      vertex -51.5 20.5 -2.503209665578012
      vertex -52.16477339296982 23.301712612120358 -1.7653668647301797
      vertex -51.189571717645975 22.832080237065814 -2.8477590650225735
    endloop
  endfacet
  facet normal 0 0 -1
    outer loop
      vertex -47.98193720911944 -9.245021787659146 -2.8477590650225735
      vertex -47.23223304703363 18.73223304703363 -2.8477590650225735
      vertex 20.73223304703363 26.23223304703363 -2.8477590650225735
    endloop
  endfacet
  facet normal 0 0 -1
    outer loop
      vertex -50.67031014955898 23.246177519484544 -2.8477590650225735
      vertex -31.670310149558976 28.146177517994428 -2.8477590650225735
      vertex -13.767766952966369 26.23223304703363 -2.8477590650225735
    endloop
  endfacet
  facet normal 0 0 -1
    outer loop
      vertex -47.23223304703363 18.73223304703363 -2.8477590650225735
      vertex -46.5 20.5 -2.8477590650225735
      vertex 20.73223304703363 26.23223304703363 -2.8477590650225735
    endloop
  endfacet
  facet normal 0 0 -1
    outer loop
      vertex -46.5 20.5 -2.8477590650225735
      vertex -47.23223304703363 22.26776695296637 -2.8477590650225735
      vertex 20.73223304703363 26.23223304703363 -2.8477590650225735
    endloop
  endfacet
  facet normal 0 0 -1
    outer loop
      vertex -50.67031014955898 23.246177519484544 -2.8477590650225735
      vertex 20.73223304703363 26.23223304703363 -2.8477590650225735
      vertex -49 23 -2.8477590650225735
    endloop
  endfacet
  facet normal 0 0 -1
    outer loop
      vertex -50.67031014955898 23.246177519484544 -2.8477590650225735
      vertex -13.767766952966369 26.23223304703363 -2.8477590650225735
      vertex -12 25.5 -2.8477590650225735
    endloop
  endfacet
  facet normal 0 0 -1
    outer loop
      vertex -49 23 -2.8477590650225735
      vertex 20.73223304703363 26.23223304703363 -2.8477590650225735
      vertex -47.23223304703363 22.26776695296637 -2.8477590650225735
    endloop
  endfacet
  facet normal 0 0 -1
    outer loop
      vertex -31.670310149558976 28.146177517994428 -2.8477590650225735
      vertex -14.5 28 -2.8477590650225735
      vertex -13.767766952966369 26.23223304703363 -2.8477590650225735
    endloop
  endfacet
  facet normal 0 0 -1
    outer loop
      vertex -31.670310149558976 28.146177517994428 -2.8477590650225735
      vertex -13.767766952966369 29.76776695296637 -2.8477590650225735
      vertex -14.5 28 -2.8477590650225735
    endloop
  endfacet
  facet normal 0 0 -1
    outer loop
      vertex -31.670310149558976 28.146177517994428 -2.8477590650225735
      vertex -12.670310149558976 30.246177519484544 -2.8477590650225735
      vertex -13.767766952966369 29.76776695296637 -2.8477590650225735
    endloop
  endfacet
  facet normal -0.07793481028357584 0.705124473493916 -0.7047876575437391
    outer loop
      vertex -31.670310149558976 28.146177517994428 -2.8477590650225735
      vertex -12.91116507287507 31.301431887477495 -1.7653668647301797
      vertex -12.670310149558976 30.246177519484544 -2.8477590650225735
    endloop
  endfacet
  facet normal -0.46321309724264076 0.5808508518281686 -0.6693623192810979
    outer loop
      vertex -50.67031014955898 23.246177519484544 -2.8477590650225735
      vertex -52.16477339296982 23.301712612120358 -1.7653668647301797
      vertex -50.91116507287507 24.301431887477495 -1.7653668647301797
    endloop
  endfacet
  facet normal -0.17661604964190053 0.6848377437176733 -0.7069681999839712
    outer loop
      vertex -50.91116507287507 24.301431887477495 -1.7653668647301797
      vertex -31.911165072875068 29.20143188598738 -1.7653668647301797
      vertex -31.670310149558976 28.146177517994428 -2.8477590650225735
    endloop
  endfacet
  facet normal -0.07793481028357584 0.705124473493916 -0.7047876575437392
    outer loop
      vertex -31.670310149558976 28.146177517994428 -2.8477590650225735
      vertex -31.911165072875068 29.20143188598738 -1.7653668647301797
      vertex -12.91116507287507 31.301431887477495 -1.7653668647301797
    endloop
  endfacet
  facet normal 0 0 -1
    outer loop
      vertex -51.189571717645975 -19.762871413921378 -2.8477590650225735
      vertex -51.189571717645975 -19.09871093978975 -2.8477590650225735
      vertex 64.73223304703363 -10.767766952966369 -2.8477590650225735
    endloop
  endfacet
  facet normal 0 0 -1
    outer loop
      vertex -51.189571717645975 -19.762871413921378 -2.8477590650225735
      vertex 64.73223304703363 -10.767766952966369 -2.8477590650225735
      vertex -45.791735022726364 -19.735404099722434 -2.8477590650225735
    endloop
  endfacet
  facet normal 0 0 -1
    outer loop
      vertex -51.189571717645975 -19.09871093978975 -2.8477590650225735
      vertex -51.189571717645975 -10.323279544209502 -2.8477590650225735
      vertex 64.73223304703363 -10.767766952966369 -2.8477590650225735
    endloop
  endfacet
  facet normal 0 0 -1
    outer loop
      vertex -51.189571717645975 -10.323279544209502 -2.8477590650225735
      vertex -51.189571717645975 -9.659119070077875 -2.8477590650225735
      vertex 64.73223304703363 -10.767766952966369 -2.8477590650225735
    endloop
  endfacet
  facet normal 0 0 -1
    outer loop
      vertex -51.189571717645975 -9.659119070077875 -2.8477590650225735
      vertex -47.99182071802328 -9.248344164354238 -2.8477590650225735
      vertex 64.73223304703363 -10.767766952966369 -2.8477590650225735
    endloop
  endfacet
  facet normal 0 0 -1
    outer loop
      vertex -47.99182071802328 -9.248344164354238 -2.8477590650225735
      vertex -46.29495640050632 -9.245021787659146 -2.8477590650225735
      vertex 64.73223304703363 -10.767766952966369 -2.8477590650225735
    endloop
  endfacet
  facet normal 0 0 -1
    outer loop
      vertex -45.791735022726364 -19.735404099722434 -2.8477590650225735
      vertex 64.73223304703363 -10.767766952966369 -2.8477590650225735
      vertex -42.04818360299344 -20.176968696340108 -2.8477590650225735
    endloop
  endfacet
  facet normal 0 0 -1
    outer loop
      vertex -47.98193720911944 -9.245021787659146 -2.8477590650225735
      vertex 64.73223304703363 26.73223304703363 -2.8477590650225735
      vertex -46.29495640050632 -9.245021787659146 -2.8477590650225735
    endloop
  endfacet
  facet normal 0 0 -1
    outer loop
      vertex -47.98193720911944 -9.245021787659146 -2.8477590650225735
      vertex 20.73223304703363 26.23223304703363 -2.8477590650225735
      vertex 22.5 25.5 -2.8477590650225735
    endloop
  endfacet
  facet normal 0 0 -1
    outer loop
      vertex -50.67031014955898 23.246177519484544 -2.8477590650225735
      vertex -12 25.5 -2.8477590650225735
      vertex 20.73223304703363 26.23223304703363 -2.8477590650225735
    endloop
  endfacet
  facet normal 0 0 -1
    outer loop
      vertex -13.767766952966369 29.76776695296637 -2.8477590650225735
      vertex -12.670310149558976 30.246177519484544 -2.8477590650225735
      vertex -12.611610488803843 30.24666264064781 -2.8477590650225735
    endloop
  endfacet
  facet normal 0 0 -1
    outer loop
      vertex -12 25.5 -2.8477590650225735
      vertex -10.232233047033631 26.23223304703363 -2.8477590650225735
      vertex 20.73223304703363 26.23223304703363 -2.8477590650225735
    endloop
  endfacet
  facet normal -0.005912029297540772 0.7153555450025416 -0.6987356382378829
    outer loop
      vertex -12.670310149558976 30.246177519484544 -2.8477590650225735
      vertex -12.91116507287507 31.301431887477495 -1.7653668647301797
      vertex -12.611610488803843 30.24666264064781 -2.8477590650225735
    endloop
  endfacet
  facet normal -0.005912029297543045 0.7153555450025414 -0.6987356382378832
    outer loop
      vertex -12.611610488803843 30.24666264064781 -2.8477590650225735
      vertex -12.91116507287507 31.301431887477495 -1.7653668647301797
      vertex -12 30.5 -2.593570762722282
    endloop
  endfacet
  facet normal 0 0 -1
    outer loop
      vertex -47.98193720911944 -9.245021787659146 -2.8477590650225735
      vertex 22.5 25.5 -2.8477590650225735
      vertex 42.5 26 -2.8477590650225735
    endloop
  endfacet
  facet normal 0 0 -1
    outer loop
      vertex -10.232233047033631 26.23223304703363 -2.8477590650225735
      vertex -9.5 28 -2.8477590650225735
      vertex 20.73223304703363 26.23223304703363 -2.8477590650225735
    endloop
  endfacet
  facet normal 0 0 -1
    outer loop
      vertex -9.5 28 -2.8477590650225735
      vertex -10.232233047033631 29.76776695296637 -2.8477590650225735
      vertex 20 28 -2.8477590650225735
    endloop
  endfacet
  facet normal 0 0 -1
    outer loop
      vertex -11.412318008479227 30.256574148749667 -2.8477590650225735
      vertex 20.73223304703363 29.76776695296637 -2.8477590650225735
      vertex -10.232233047033631 29.76776695296637 -2.8477590650225735
    endloop
  endfacet
  facet normal -0.005912029297541646 0.7153555450025423 -0.6987356382378822
    outer loop
      vertex -11.412318008479227 30.256574148749667 -2.8477590650225735
      vertex -12 30.5 -2.593570762722282
      vertex 41.76623927878312 30.696066357735305 -2.8477590650225735
    endloop
  endfacet
  facet normal 0 0 -1
    outer loop
      vertex -9.5 28 -2.8477590650225735
      vertex 20 28 -2.8477590650225735
      vertex 20.73223304703363 26.23223304703363 -2.8477590650225735
    endloop
  endfacet
  facet normal 0 0 -1
    outer loop
      vertex -10.232233047033631 29.76776695296637 -2.8477590650225735
      vertex 20.73223304703363 29.76776695296637 -2.8477590650225735
      vertex 20 28 -2.8477590650225735
    endloop
  endfacet
  facet normal 0 0 -1
    outer loop
      vertex -11.412318008479227 30.256574148749667 -2.8477590650225735
      vertex 22.5 30.5 -2.8477590650225735
      vertex 20.73223304703363 29.76776695296637 -2.8477590650225735
    endloop
  endfacet
  facet normal -0.005912029297541646 0.7153555450025422 -0.6987356382378824
    outer loop
      vertex -12 30.5 -2.593570762722282
      vertex -12.91116507287507 31.301431887477495 -1.7653668647301797
      vertex 41.76623927878312 30.696066357735305 -2.8477590650225735
    endloop
  endfacet
  facet normal -1 0 0
    outer loop
      vertex -52.16477339296982 -10.792911919264046 -1.7653668647301797
      vertex -52.16477339296982 -37.301712612120355 0.25
      vertex -52.16477339296982 -9.581767982272192 -1.5067332345175652
    endloop
  endfacet
  facet normal -1 0 0
    outer loop
      vertex -52.16477339296982 -9.18948669502333 -1.7653668647301797
      vertex -52.16477339296982 -9.581767982272192 -1.5067332345175652
      vertex -52.16477339296982 23.301712612120358 0.25
    endloop
  endfacet
  facet normal -1 0 0
    outer loop
      vertex -52.16477339296982 -9.581767982272192 -1.5067332345175652
      vertex -52.16477339296982 -37.301712612120355 0.25
      vertex -52.16477339296982 23.301712612120358 0.25
    endloop
  endfacet
  facet normal -1 0 0
    outer loop
      vertex -52.16477339296982 -9.18948669502333 -1.7653668647301797
      vertex -52.16477339296982 23.301712612120358 0.25
      vertex -52.16477339296982 23.301712612120358 -1.7653668647301797
    endloop
  endfacet
  facet normal -0.6234898018587336 0.7818314824680298 0
    outer loop
      vertex -52.16477339296982 23.301712612120358 -1.7653668647301797
      vertex -50.91116507287507 24.301431887477495 0.25
      vertex -50.91116507287507 24.301431887477495 -1.7653668647301797
    endloop
  endfacet
  facet normal -0.24972388058700798 0.9683170882849097 0
    outer loop
      vertex -50.91116507287507 24.301431887477495 -1.7653668647301797
      vertex -31.911165072875068 29.20143188598738 0.25
      vertex -31.911165072875068 29.20143188598738 -1.7653668647301797
    endloop
  endfacet
  facet normal -0.10985734044012803 0.9939473651815883 0
    outer loop
      vertex -31.911165072875068 29.20143188598738 -1.7653668647301797
      vertex -12.91116507287507 31.301431887477495 0.25
      vertex -12.91116507287507 31.301431887477495 -1.7653668647301797
    endloop
  endfacet
  facet normal -0.6234898018587336 0.7818314824680298 0
    outer loop
      vertex -52.16477339296982 23.301712612120358 -1.7653668647301797
      vertex -52.16477339296982 23.301712612120358 0.25
      vertex -50.91116507287507 24.301431887477495 0.25
    endloop
  endfacet
  facet normal -0.24972388058700798 0.9683170882849097 0
    outer loop
      vertex -50.91116507287507 24.301431887477495 -1.7653668647301797
      vertex -50.91116507287507 24.301431887477495 0.25
      vertex -31.911165072875068 29.20143188598738 0.25
    endloop
  endfacet
  facet normal -0.10985734044012803 0.9939473651815883 0
    outer loop
      vertex -31.911165072875068 29.20143188598738 -1.7653668647301797
      vertex -31.911165072875068 29.20143188598738 0.25
      vertex -12.91116507287507 31.301431887477495 0.25
    endloop
  endfacet
  facet normal -0.00826418058740938 0.9999658510765349 0
    outer loop
      vertex -12.91116507287507 31.301431887477495 -1.7653668647301797
      vertex -12.91116507287507 31.301431887477495 0.25
      vertex 47.58883492712493 31.801431887477495 0.25
    endloop
  endfacet
  facet normal -0.2535344201136597 -0.6638272921136293 -0.703600471903421
    outer loop
      vertex 15.11151613421619 -52.165210905297776 -2.8477590650225735
      vertex 60.15823373698335 -69.36982656530955 -2.8477590650225735
      vertex 14.870661210900098 -53.220465273290735 -1.7653668647301797
    endloop
  endfacet
  facet normal 0 0 -1
    outer loop
      vertex 15.11151613421619 -52.165210905297776 -2.8477590650225735
      vertex 18 -53 -2.8477590650225735
      vertex 57.5 -66 -2.8477590650225735
    endloop
  endfacet
  facet normal 0 0 -1
    outer loop
      vertex 18 -53 -2.8477590650225735
      vertex 19.76776695296637 -52.26776695296637 -2.8477590650225735
      vertex 57.5 -66 -2.8477590650225735
    endloop
  endfacet
  facet normal 0 0 -1
    outer loop
      vertex 19.76776695296637 -52.26776695296637 -2.8477590650225735
      vertex 20.5 -50.5 -2.8477590650225735
      vertex 57.5 -66 -2.8477590650225735
    endloop
  endfacet
  facet normal 0 0 -1
    outer loop
      vertex -13.232233047033631 -39.26776695296637 -2.8477590650225735
      vertex 73.81882628495528 -50.63018067782981 -2.8477590650225735
      vertex 18 -48 -2.8477590650225735
    endloop
  endfacet
  facet normal 0 0 -1
    outer loop
      vertex 15.11151613421619 -52.165210905297776 -2.8477590650225735
      vertex 58.23223304703363 -67.76776695296637 -2.8477590650225735
      vertex 60 -68.5 -2.8477590650225735
    endloop
  endfacet
  facet normal 0 0 -1
    outer loop
      vertex 15.11151613421619 -52.165210905297776 -2.8477590650225735
      vertex 57.5 -66 -2.8477590650225735
      vertex 58.23223304703363 -67.76776695296637 -2.8477590650225735
    endloop
  endfacet
  facet normal 0 0 -1
    outer loop
      vertex 15.11151613421619 -52.165210905297776 -2.8477590650225735
      vertex 60 -68.5 -2.8477590650225735
      vertex 60.15823373698335 -69.36982656530955 -2.8477590650225735
    endloop
  endfacet
  facet normal 0 0 -1
    outer loop
      vertex 20.5 -50.5 -2.8477590650225735
      vertex 58.23223304703363 -64.23223304703363 -2.8477590650225735
      vertex 57.5 -66 -2.8477590650225735
    endloop
  endfacet
  facet normal 0 0 -1
    outer loop
      vertex 20.5 -50.5 -2.8477590650225735
      vertex 60 -63.5 -2.8477590650225735
      vertex 58.23223304703363 -64.23223304703363 -2.8477590650225735
    endloop
  endfacet
  facet normal 0 0 -1
    outer loop
      vertex 20.5 -50.5 -2.8477590650225735
      vertex 19.76776695296637 -48.73223304703363 -2.8477590650225735
      vertex 73.81882628495528 -50.63018067782981 -2.8477590650225735
    endloop
  endfacet
  facet normal 0 0 -1
    outer loop
      vertex 19.76776695296637 -48.73223304703363 -2.8477590650225735
      vertex 18 -48 -2.8477590650225735
      vertex 73.81882628495528 -50.63018067782981 -2.8477590650225735
    endloop
  endfacet
  facet normal 0 0 -1
    outer loop
      vertex 20.5 -50.5 -2.8477590650225735
      vertex 71.96759677476659 -52.165210905297776 -2.8477590650225735
      vertex 60 -63.5 -2.8477590650225735
    endloop
  endfacet
  facet normal -0.2535344201136606 -0.6638272921136321 -0.7036004719034179
    outer loop
      vertex 14.870661210900098 -53.220465273290735 -1.7653668647301797
      vertex 60.15823373698335 -69.36982656530955 -2.8477590650225735
      vertex 59.91737881366725 -70.4250809333025 -1.7653668647301797
    endloop
  endfacet
  facet normal 0 0 -1
    outer loop
      vertex 8 -32.5 -2.8477590650225735
      vertex 9.767766952966369 -31.76776695296637 -2.8477590650225735
      vertex 38.23223304703363 -34.26776695296637 -2.8477590650225735
    endloop
  endfacet
  facet normal 0 0 -1
    outer loop
      vertex -13.232233047033631 -35.73223304703363 -2.8477590650225735
      vertex 40 -35 -2.8477590650225735
      vertex 48.22873700596904 -35.50424734242342 -2.8477590650225735
    endloop
  endfacet
  facet normal 0 0 -1
    outer loop
      vertex 8 -32.5 -2.8477590650225735
      vertex 38.23223304703363 -34.26776695296637 -2.8477590650225735
      vertex 40 -35 -2.8477590650225735
    endloop
  endfacet
  facet normal 0 0 -1
    outer loop
      vertex -13.232233047033631 -35.73223304703363 -2.8477590650225735
      vertex 48.22873700596904 -35.50424734242342 -2.8477590650225735
      vertex 61.829716119946326 -35.50424734242342 -2.8477590650225735
    endloop
  endfacet
  facet normal 0 0 -1
    outer loop
      vertex 9.767766952966369 -31.76776695296637 -2.8477590650225735
      vertex 10.5 -30 -2.8477590650225735
      vertex 38.23223304703363 -34.26776695296637 -2.8477590650225735
    endloop
  endfacet
  facet normal 0 0 -1
    outer loop
      vertex 10.5 -30 -2.8477590650225735
      vertex 9.767766952966369 -28.23223304703363 -2.8477590650225735
      vertex 38.23223304703363 -34.26776695296637 -2.8477590650225735
    endloop
  endfacet
  facet normal 0 0 -1
    outer loop
      vertex 8 -27.5 -2.8477590650225735
      vertex 40 -30 -2.8477590650225735
      vertex 9.767766952966369 -28.23223304703363 -2.8477590650225735
    endloop
  endfacet
  facet normal 0 0 -1
    outer loop
      vertex 9.767766952966369 -28.23223304703363 -2.8477590650225735
      vertex 37.5 -32.5 -2.8477590650225735
      vertex 38.23223304703363 -34.26776695296637 -2.8477590650225735
    endloop
  endfacet
  facet normal 0 0 -1
    outer loop
      vertex 9.767766952966369 -28.23223304703363 -2.8477590650225735
      vertex 38.23223304703363 -30.73223304703363 -2.8477590650225735
      vertex 37.5 -32.5 -2.8477590650225735
    endloop
  endfacet
  facet normal 0 0 -1
    outer loop
      vertex 9.767766952966369 -28.23223304703363 -2.8477590650225735
      vertex 40 -30 -2.8477590650225735
      vertex 38.23223304703363 -30.73223304703363 -2.8477590650225735
    endloop
  endfacet
  facet normal 0 0 -1
    outer loop
      vertex -42.04818360299344 -20.176968696340108 -2.8477590650225735
      vertex 79.43223304703363 -33.83223304703363 -2.8477590650225735
      vertex 40 -30 -2.8477590650225735
    endloop
  endfacet
  facet normal 0 0 -1
    outer loop
      vertex -38.38437794052102 -20.176968696340108 -2.8477590650225735
      vertex 58 -19 -2.8477590650225735
      vertex 58.73223304703363 -20.76776695296637 -2.8477590650225735
    endloop
  endfacet
  facet normal 0 0 -1
    outer loop
      vertex -38.38437794052102 -20.176968696340108 -2.8477590650225735
      vertex 58.73223304703363 -20.76776695296637 -2.8477590650225735
      vertex 79.43223304703363 -33.83223304703363 -2.8477590650225735
    endloop
  endfacet
  facet normal 0 0 -1
    outer loop
      vertex -12.5 -37.5 -2.8477590650225735
      vertex 61.829716119946326 -35.50424734242342 -2.8477590650225735
      vertex 73.81882628495528 -50.63018067782981 -2.8477590650225735
    endloop
  endfacet
  facet normal 0 0 -1
    outer loop
      vertex 40 -35 -2.8477590650225735
      vertex 41.76776695296637 -34.26776695296637 -2.8477590650225735
      vertex 48.22873700596904 -35.50424734242342 -2.8477590650225735
    endloop
  endfacet
  facet normal 0 0 -1
    outer loop
      vertex 41.76776695296637 -34.26776695296637 -2.8477590650225735
      vertex 42.5 -32.5 -2.8477590650225735
      vertex 48.22873700596904 -35.50424734242342 -2.8477590650225735
    endloop
  endfacet
  facet normal 0 0 -1
    outer loop
      vertex 42.5 -32.5 -2.8477590650225735
      vertex 41.76776695296637 -30.73223304703363 -2.8477590650225735
      vertex 48.22873700596904 -35.50424734242342 -2.8477590650225735
    endloop
  endfacet
  facet normal 0 0 -1
    outer loop
      vertex 60.15823373698335 -69.36982656530955 -2.8477590650225735
      vertex 60 -68.5 -2.8477590650225735
      vertex 61.76776695296637 -67.76776695296637 -2.8477590650225735
    endloop
  endfacet
  facet normal 0 0 -1
    outer loop
      vertex 60.15823373698335 -69.36982656530955 -2.8477590650225735
      vertex 61.76776695296637 -67.76776695296637 -2.8477590650225735
      vertex 60.805742321382176 -69.22203695630891 -2.8477590650225735
    endloop
  endfacet
  facet normal 0 0 -1
    outer loop
      vertex 60.805742321382176 -69.22203695630891 -2.8477590650225735
      vertex 61.76776695296637 -67.76776695296637 -2.8477590650225735
      vertex 72.85084748066487 -52.01984402394159 -2.8477590650225735
    endloop
  endfacet
  facet normal 0 0 -1
    outer loop
      vertex 61.76776695296637 -67.76776695296637 -2.8477590650225735
      vertex 62.5 -66 -2.8477590650225735
      vertex 72.85084748066487 -52.01984402394159 -2.8477590650225735
    endloop
  endfacet
  facet normal 0 0 -1
    outer loop
      vertex 61.76776695296637 -64.23223304703363 -2.8477590650225735
      vertex 60 -63.5 -2.8477590650225735
      vertex 71.96759677476659 -52.165210905297776 -2.8477590650225735
    endloop
  endfacet
  facet normal 0 0 -1
    outer loop
      vertex 61.76776695296637 -64.23223304703363 -2.8477590650225735
      vertex 71.96759677476659 -52.165210905297776 -2.8477590650225735
      vertex 62.5 -66 -2.8477590650225735
    endloop
  endfacet
  facet normal 0.16531884035945377 -0.7243091650316394 -0.6693623192811012
    outer loop
      vertex 60.15823373698335 -69.36982656530955 -2.8477590650225735
      vertex 60.805742321382176 -69.22203695630891 -2.8477590650225735
      vertex 61.48060281987593 -70.06828525487535 -1.7653668647301797
    endloop
  endfacet
  facet normal 0.5911700712692785 -0.41394174007087875 -0.6922211948955113
    outer loop
      vertex 60.805742321382176 -69.22203695630891 -2.8477590650225735
      vertex 72.85084748066487 -52.01984402394159 -2.8477590650225735
      vertex 61.48060281987593 -70.06828525487535 -1.7653668647301797
    endloop
  endfacet
  facet normal 0 0 -1
    outer loop
      vertex 20.5 -50.5 -2.8477590650225735
      vertex 72.84952216377252 -51.54928832193166 -2.8477590650225735
      vertex 71.96759677476659 -52.165210905297776 -2.8477590650225735
    endloop
  endfacet
  facet normal 0 0 -1
    outer loop
      vertex 20.5 -50.5 -2.8477590650225735
      vertex 68.1666050730199 -50.777970286830445 -2.8477590650225735
      vertex 72.84952216377252 -51.54928832193166 -2.8477590650225735
    endloop
  endfacet
  facet normal 0 0 -1
    outer loop
      vertex 20.5 -50.5 -2.8477590650225735
      vertex 73.81882628495528 -50.63018067782981 -2.8477590650225735
      vertex 68.1666050730199 -50.777970286830445 -2.8477590650225735
    endloop
  endfacet
  facet normal 0 0 -1
    outer loop
      vertex 62.5 -66 -2.8477590650225735
      vertex 71.96759677476659 -52.165210905297776 -2.8477590650225735
      vertex 72.85084748066487 -52.01984402394159 -2.8477590650225735
    endloop
  endfacet
  facet normal 0 0 -1
    outer loop
      vertex 71.96759677476659 -52.165210905297776 -2.8477590650225735
      vertex 72.85082715314401 -52.01262670791621 -2.8477590650225735
      vertex 72.85084748066487 -52.01984402394159 -2.8477590650225735
    endloop
  endfacet
  facet normal 0 0 -1
    outer loop
      vertex 71.96759677476659 -52.165210905297776 -2.8477590650225735
      vertex 72.84952216377252 -51.54928832193166 -2.8477590650225735
      vertex 72.85082715314401 -52.01262670791621 -2.8477590650225735
    endloop
  endfacet
  facet normal 0 0 -1
    outer loop
      vertex 72.85084748066487 -52.01984402394159 -2.8477590650225735
      vertex 72.85082715314401 -52.01262670791621 -2.8477590650225735
      vertex 72.8620236745698 -51.99663641816576 -2.8477590650225735
    endloop
  endfacet
  facet normal 0 0 -1
    outer loop
      vertex 72.85082715314401 -52.01262670791621 -2.8477590650225735
      vertex 72.84952216377252 -51.54928832193166 -2.8477590650225735
      vertex 72.8620236745698 -51.99663641816576 -2.8477590650225735
    endloop
  endfacet
  facet normal 0 0 -1
    outer loop
      vertex 72.8620236745698 -51.99663641816576 -2.8477590650225735
      vertex 72.84952216377252 -51.54928832193166 -2.8477590650225735
      vertex 73.81882628495528 -50.63018067782981 -2.8477590650225735
    endloop
  endfacet
  facet normal 0 0 -1
    outer loop
      vertex 68.1666050730199 -50.777970286830445 -2.8477590650225735
      vertex 73.81882628495528 -50.63018067782981 -2.8477590650225735
      vertex 72.84952216377252 -51.54928832193166 -2.8477590650225735
    endloop
  endfacet
  facet normal 0.6693623192811133 -0.32234790375190153 -0.6693623192810929
    outer loop
      vertex 72.85084748066487 -52.01984402394159 -2.8477590650225735
      vertex 72.8620236745698 -51.99663641816576 -2.8477590650225735
      vertex 73.53688417306354 -52.842884716732186 -1.7653668647301797
    endloop
  endfacet
  facet normal 0.591170071067746 -0.4139417402866838 -0.6922211949385743
    outer loop
      vertex 72.8620236745698 -51.99663641816576 -2.8477590650225735
      vertex 73.81882628495528 -50.63018067782981 -2.8477590650225735
      vertex 73.53688417306354 -52.842884716732186 -1.7653668647301797
    endloop
  endfacet
  facet normal 0.1653188403594464 -0.7243091650316458 -0.6693623192810961
    outer loop
      vertex 60.15823373698335 -69.36982656530955 -2.8477590650225735
      vertex 61.48060281987593 -70.06828525487535 -1.7653668647301797
      vertex 59.91737881366725 -70.4250809333025 -1.7653668647301797
    endloop
  endfacet
  facet normal 0.5911700712692813 -0.4139417400708803 -0.6922211948955079
    outer loop
      vertex 61.48060281987593 -70.06828525487535 -1.7653668647301797
      vertex 72.85084748066487 -52.01984402394159 -2.8477590650225735
      vertex 73.52570797915861 -52.86609232250802 -1.7653668647301797
    endloop
  endfacet
  facet normal 0.6693623192811138 -0.3223479037519004 -0.6693623192810931
    outer loop
      vertex 72.85084748066487 -52.01984402394159 -2.8477590650225735
      vertex 73.53688417306354 -52.842884716732186 -1.7653668647301797
      vertex 73.52570797915861 -52.86609232250802 -1.7653668647301797
    endloop
  endfacet
  facet normal 0.591170071067746 -0.4139417402866838 -0.6922211949385743
    outer loop
      vertex 73.81882628495528 -50.63018067782981 -2.8477590650225735
      vertex 74.49368678344902 -51.47642897639624 -1.7653668647301797
      vertex 73.53688417306354 -52.842884716732186 -1.7653668647301797
    endloop
  endfacet
  facet normal 0.5911700710677444 -0.4139417402866855 -0.6922211949385747
    outer loop
      vertex 73.81882628495528 -50.63018067782981 -2.8477590650225735
      vertex 84.14350448143315 -37.695061070958296 -1.7653668647301797
      vertex 74.49368678344902 -51.47642897639624 -1.7653668647301797
    endloop
  endfacet
  facet normal 0 0 -1
    outer loop
      vertex 48.22873700596904 -35.50424734242342 -2.8477590650225735
      vertex 41.76776695296637 -30.73223304703363 -2.8477590650225735
      vertex 79.43223304703363 -33.83223304703363 -2.8477590650225735
    endloop
  endfacet
  facet normal 0 0 -1
    outer loop
      vertex 48.22873700596904 -35.50424734242342 -2.8477590650225735
      vertex 79.43223304703363 -33.83223304703363 -2.8477590650225735
      vertex 61.829716119946326 -35.50424734242342 -2.8477590650225735
    endloop
  endfacet
  facet normal 0 0 -1
    outer loop
      vertex 40 -30 -2.8477590650225735
      vertex 79.43223304703363 -33.83223304703363 -2.8477590650225735
      vertex 41.76776695296637 -30.73223304703363 -2.8477590650225735
    endloop
  endfacet
  facet normal 0 0 -1
    outer loop
      vertex 58.73223304703363 -20.76776695296637 -2.8477590650225735
      vertex 60.5 -21.5 -2.8477590650225735
      vertex 79.43223304703363 -33.83223304703363 -2.8477590650225735
    endloop
  endfacet
  facet normal 0 0 -1
    outer loop
      vertex 60.5 -21.5 -2.8477590650225735
      vertex 62.26776695296637 -20.76776695296637 -2.8477590650225735
      vertex 79.43223304703363 -33.83223304703363 -2.8477590650225735
    endloop
  endfacet
  facet normal 0 0 -1
    outer loop
      vertex 62.26776695296637 -20.76776695296637 -2.8477590650225735
      vertex 62.800744434212646 -19.48104548930215 -2.8477590650225735
      vertex 79.43223304703363 -33.83223304703363 -2.8477590650225735
    endloop
  endfacet
  facet normal 0 0 -1
    outer loop
      vertex 73.81882628495528 -50.63018067782981 -2.8477590650225735
      vertex 61.829716119946326 -35.50424734242342 -2.8477590650225735
      vertex 79.43223304703363 -37.36776695296637 -2.8477590650225735
    endloop
  endfacet
  facet normal 0 0 -1
    outer loop
      vertex 61.829716119946326 -35.50424734242342 -2.8477590650225735
      vertex 78.7 -35.6 -2.8477590650225735
      vertex 79.43223304703363 -37.36776695296637 -2.8477590650225735
    endloop
  endfacet
  facet normal 0 0 -1
    outer loop
      vertex 61.829716119946326 -35.50424734242342 -2.8477590650225735
      vertex 79.43223304703363 -33.83223304703363 -2.8477590650225735
      vertex 78.7 -35.6 -2.8477590650225735
    endloop
  endfacet
  facet normal 0 0 -1
    outer loop
      vertex 73.81882628495528 -50.63018067782981 -2.8477590650225735
      vertex 79.43223304703363 -37.36776695296637 -2.8477590650225735
      vertex 81.2 -38.1 -2.8477590650225735
    endloop
  endfacet
  facet normal 0 0 -1
    outer loop
      vertex 73.81882628495528 -50.63018067782981 -2.8477590650225735
      vertex 81.2 -38.1 -2.8477590650225735
      vertex 82.96776695296637 -37.36776695296637 -2.8477590650225735
    endloop
  endfacet
  facet normal 0 0 -1
    outer loop
      vertex 73.81882628495528 -50.63018067782981 -2.8477590650225735
      vertex 82.96776695296637 -37.36776695296637 -2.8477590650225735
      vertex 83.31977862606695 -36.88279031866077 -2.8477590650225735
    endloop
  endfacet
  facet normal 0 0 -1
    outer loop
      vertex 73.81882628495528 -50.63018067782981 -2.8477590650225735
      vertex 83.31977862606695 -36.88279031866077 -2.8477590650225735
      vertex 83.46864398293941 -36.84881277239187 -2.8477590650225735
    endloop
  endfacet
  facet normal 0 0 -1
    outer loop
      vertex 82.96776695296637 -37.36776695296637 -2.8477590650225735
      vertex 83.7 -35.6 -2.8477590650225735
      vertex 83.31977862606695 -36.88279031866077 -2.8477590650225735
    endloop
  endfacet
  facet normal 0 0 -1
    outer loop
      vertex 83.31977862606695 -36.88279031866077 -2.8477590650225735
      vertex 83.67095396604019 -36.072137960073015 -2.8477590650225735
      vertex 83.46864398293941 -36.84881277239187 -2.8477590650225735
    endloop
  endfacet
  facet normal 0 0 -1
    outer loop
      vertex 83.31977862606695 -36.88279031866077 -2.8477590650225735
      vertex 83.7 -35.6 -2.8477590650225735
      vertex 83.67095396604019 -36.072137960073015 -2.8477590650225735
    endloop
  endfacet
  facet normal 0 0 -1
    outer loop
      vertex 83.46864398293941 -36.84881277239187 -2.8477590650225735
      vertex 83.67095396604019 -36.072137960073015 -2.8477590650225735
      vertex 84.55516229324466 -35.11026307195425 -2.8477590650225735
    endloop
  endfacet
  facet normal 0 0 -1
    outer loop
      vertex 83.67095396604019 -36.072137960073015 -2.8477590650225735
      vertex 83.7 -35.6 -2.8477590650225735
      vertex 84.55516229324466 -35.11026307195425 -2.8477590650225735
    endloop
  endfacet
  facet normal 0 0 -1
    outer loop
      vertex 83.46864398293941 -36.84881277239187 -2.8477590650225735
      vertex 84.55516229324466 -35.11026307195425 -2.8477590650225735
      vertex 84.26699386335434 -35.70865098243816 -2.8477590650225735
    endloop
  endfacet
  facet normal 0 0 -1
    outer loop
      vertex 83.7 -35.6 -2.8477590650225735
      vertex 82.96776695296637 -33.83223304703363 -2.8477590650225735
      vertex 84.55516229324466 -35.11026307195425 -2.8477590650225735
    endloop
  endfacet
  facet normal 0 0 -1
    outer loop
      vertex 82.96776695296637 -33.83223304703363 -2.8477590650225735
      vertex 84.26699386335434 -34.51187516147034 -2.8477590650225735
      vertex 84.55516229324466 -35.11026307195425 -2.8477590650225735
    endloop
  endfacet
  facet normal 0.5911700710677443 -0.4139417402866855 -0.6922211949385749
    outer loop
      vertex 73.81882628495528 -50.63018067782981 -2.8477590650225735
      vertex 83.46864398293941 -36.84881277239187 -2.8477590650225735
      vertex 84.14350448143315 -37.695061070958296 -1.7653668647301797
    endloop
  endfacet
  facet normal 0.5911700710677443 -0.41394174028668557 -0.6922211949385746
    outer loop
      vertex 83.46864398293941 -36.84881277239187 -2.8477590650225735
      vertex 84.26699386335434 -35.70865098243816 -2.8477590650225735
      vertex 84.14350448143315 -37.695061070958296 -1.7653668647301797
    endloop
  endfacet
  facet normal 0.6693623192811007 -0.3223479037519173 -0.669362319281098
    outer loop
      vertex 84.26699386335434 -35.70865098243816 -2.8477590650225735
      vertex 84.55516229324466 -35.11026307195425 -2.8477590650225735
      vertex 85.63755449353705 -35.11026307195425 -1.7653668647301797
    endloop
  endfacet
  facet normal 0.6693623192811007 0.3223479037519173 -0.6693623192810979
    outer loop
      vertex 84.55516229324466 -35.11026307195425 -2.8477590650225735
      vertex 84.26699386335434 -34.51187516147034 -2.8477590650225735
      vertex 85.63755449353705 -35.11026307195425 -1.7653668647301797
    endloop
  endfacet
  facet normal 0 0 -1
    outer loop
      vertex 62.800744434212646 -19.48104548930215 -2.8477590650225735
      vertex 84.26699386335434 -34.51187516147034 -2.8477590650225735
      vertex 82.96776695296637 -33.83223304703363 -2.8477590650225735
    endloop
  endfacet
  facet normal 0 0 -1
    outer loop
      vertex 62.800744434212646 -19.48104548930215 -2.8477590650225735
      vertex 81.2 -33.1 -2.8477590650225735
      vertex 79.43223304703363 -33.83223304703363 -2.8477590650225735
    endloop
  endfacet
  facet normal 0 0 -1
    outer loop
      vertex 62.800744434212646 -19.48104548930215 -2.8477590650225735
      vertex 82.96776695296637 -33.83223304703363 -2.8477590650225735
      vertex 81.2 -33.1 -2.8477590650225735
    endloop
  endfacet
  facet normal 0.4059738138343765 0.5797906928321651 -0.7064191496455692
    outer loop
      vertex 62.800744434212646 -19.48104548930215 -2.8477590650225735
      vertex 63.90676182136356 -18.936696494420783 -1.7653668647301797
      vertex 84.26699386335434 -34.51187516147034 -2.8477590650225735
    endloop
  endfacet
  facet normal 0.5911700710677442 -0.41394174028668557 -0.6922211949385747
    outer loop
      vertex 84.26699386335434 -35.70865098243816 -2.8477590650225735
      vertex 84.94185436184809 -36.55489928100459 -1.7653668647301797
      vertex 84.14350448143315 -37.695061070958296 -1.7653668647301797
    endloop
  endfacet
  facet normal 0.6693623192811007 -0.32234790375191774 -0.6693623192810978
    outer loop
      vertex 84.26699386335434 -35.70865098243816 -2.8477590650225735
      vertex 85.63755449353705 -35.11026307195425 -1.7653668647301797
      vertex 84.94185436184809 -36.55489928100459 -1.7653668647301797
    endloop
  endfacet
  facet normal 0.6693623192811007 0.32234790375191774 -0.6693623192810978
    outer loop
      vertex 84.26699386335434 -34.51187516147034 -2.8477590650225735
      vertex 84.94185436184809 -33.66562686290391 -1.7653668647301797
      vertex 85.63755449353705 -35.11026307195425 -1.7653668647301797
    endloop
  endfacet
  facet normal 0.4059738138343779 0.5797906928321669 -0.7064191496455668
    outer loop
      vertex 84.26699386335434 -34.51187516147034 -2.8477590650225735
      vertex 63.90676182136356 -18.936696494420783 -1.7653668647301797
      vertex 84.94185436184809 -33.66562686290391 -1.7653668647301797
    endloop
  endfacet
  facet normal -0.35679133466529583 -0.9341841057884452 4.386889176884649e-16
    outer loop
      vertex 14.870661210900098 -53.220465273290735 -1.7653668647301797
      vertex 59.91737881366725 -70.4250809333025 -1.7653668647301797
      vertex 11.246003308710762 -51.836105892078876 0.25
    endloop
  endfacet
  facet normal -0.35679133466529583 -0.9341841057884451 0
    outer loop
      vertex 59.91737881366725 -70.4250809333025 -1.7653668647301797
      vertex 59.91737881366725 -70.4250809333025 0.25
      vertex 11.246003308710762 -51.836105892078876 0.25
    endloop
  endfacet
  facet normal 0.22252093395630812 -0.9749279121818251 0
    outer loop
      vertex 59.91737881366725 -70.4250809333025 -1.7653668647301797
      vertex 61.48060281987593 -70.06828525487535 -1.7653668647301797
      vertex 59.91737881366725 -70.4250809333025 0.25
    endloop
  endfacet
  facet normal 0.8191520444164927 -0.5735764361689558 0
    outer loop
      vertex 61.48060281987593 -70.06828525487535 -1.7653668647301797
      vertex 73.52570797915861 -52.86609232250802 -1.7653668647301797
      vertex 61.48060281987593 -70.06828525487535 0.25
    endloop
  endfacet
  facet normal 0.9009688679024317 -0.433883739117532 0
    outer loop
      vertex 73.52570797915861 -52.86609232250802 -1.7653668647301797
      vertex 73.53688417306354 -52.842884716732186 -1.7653668647301797
      vertex 73.52570797915861 -52.86609232250802 0.25
    endloop
  endfacet
  facet normal 0.8191520441841235 -0.5735764365008137 0
    outer loop
      vertex 73.53688417306354 -52.842884716732186 -1.7653668647301797
      vertex 74.49368678344902 -51.47642897639624 -1.7653668647301797
      vertex 73.53688417306354 -52.842884716732186 0.25
    endloop
  endfacet
  facet normal 0.8191520441841216 -0.5735764365008164 -2.724279327139434e-15
    outer loop
      vertex 74.49368678344902 -51.47642897639624 -1.7653668647301797
      vertex 84.14350448143315 -37.695061070958296 -1.7653668647301797
      vertex 73.53688417306354 -52.842884716732186 0.25
    endloop
  endfacet
  facet normal 0.22252093395630812 -0.9749279121818251 0
    outer loop
      vertex 61.48060281987593 -70.06828525487535 -1.7653668647301797
      vertex 61.48060281987593 -70.06828525487535 0.25
      vertex 59.91737881366725 -70.4250809333025 0.25
    endloop
  endfacet
  facet normal 0.8191520444164927 -0.5735764361689558 0
    outer loop
      vertex 73.52570797915861 -52.86609232250802 -1.7653668647301797
      vertex 73.52570797915861 -52.86609232250802 0.25
      vertex 61.48060281987593 -70.06828525487535 0.25
    endloop
  endfacet
  facet normal 0.9009688679024317 -0.433883739117532 0
    outer loop
      vertex 73.53688417306354 -52.842884716732186 -1.7653668647301797
      vertex 73.53688417306354 -52.842884716732186 0.25
      vertex 73.52570797915861 -52.86609232250802 0.25
    endloop
  endfacet
  facet normal 0.5735764364737823 0.819152044203051 -2.367886643705744e-15
    outer loop
      vertex 70.07783854872706 -23.25773093916918 -0.4339259085606759
      vertex 63.90676182136356 -18.936696494420783 -1.7653668647301797
      vertex 69.67080086699907 -22.972720085996947 0.25
    endloop
  endfacet
  facet normal 0.8191520441841215 -0.5735764365008164 0
    outer loop
      vertex 84.14350448143315 -37.695061070958296 -1.7653668647301797
      vertex 84.94185436184809 -36.55489928100459 -1.7653668647301797
      vertex 84.94185436184809 -36.55489928100459 0.25
    endloop
  endfacet
  facet normal 0.90096886790242 -0.4338837391175564 0
    outer loop
      vertex 84.94185436184809 -36.55489928100459 -1.7653668647301797
      vertex 85.63755449353705 -35.11026307195425 -1.7653668647301797
      vertex 84.94185436184809 -36.55489928100459 0.25
    endloop
  endfacet
  facet normal 0.90096886790242 0.4338837391175564 0
    outer loop
      vertex 85.63755449353705 -35.11026307195425 -1.7653668647301797
      vertex 84.94185436184809 -33.66562686290391 -1.7653668647301797
      vertex 85.63755449353705 -35.11026307195425 0.25
    endloop
  endfacet
  facet normal 0.5735764364737823 0.819152044203051 -1.6625639953293774e-15
    outer loop
      vertex 84.94185436184809 -33.66562686290391 -1.7653668647301797
      vertex 63.90676182136356 -18.936696494420783 -1.7653668647301797
      vertex 70.07783854872706 -23.25773093916918 -0.4339259085606759
    endloop
  endfacet
  facet normal 0.5735764364737826 0.8191520442030508 4.2698388201566995e-15
    outer loop
      vertex 84.94185436184809 -33.66562686290391 -1.7653668647301797
      vertex 70.07783854872706 -23.25773093916918 -0.4339259085606759
      vertex 76.22072631571598 -27.55902726136271 -0.4339259092567769
    endloop
  endfacet
  facet normal 0.5735764364737821 0.8191520442030512 0
    outer loop
      vertex 84.94185436184809 -33.66562686290391 -1.7653668647301797
      vertex 76.22072631571598 -27.55902726136271 -0.4339259092567769
      vertex 84.94185436184809 -33.66562686290391 0.25
    endloop
  endfacet
  facet normal 0.5735764364737819 0.8191520442030513 0
    outer loop
      vertex 63.90676182136356 -18.936696494420783 -1.7653668647301797
      vertex 63.90676182136356 -18.936696494420783 0.25
      vertex 69.67080086699907 -22.972720085996947 0.25
    endloop
  endfacet
  facet normal 0.8191520441841217 -0.5735764365008161 -2.2163750363394502e-16
    outer loop
      vertex 84.14350448143315 -37.695061070958296 -1.7653668647301797
      vertex 84.94185436184809 -36.55489928100459 0.25
      vertex 73.53688417306354 -52.842884716732186 0.25
    endloop
  endfacet
  facet normal 0.90096886790242 -0.4338837391175564 0
    outer loop
      vertex 85.63755449353705 -35.11026307195425 -1.7653668647301797
      vertex 85.63755449353705 -35.11026307195425 0.25
      vertex 84.94185436184809 -36.55489928100459 0.25
    endloop
  endfacet
  facet normal 0.90096886790242 0.4338837391175564 0
    outer loop
      vertex 84.94185436184809 -33.66562686290391 -1.7653668647301797
      vertex 84.94185436184809 -33.66562686290391 0.25
      vertex 85.63755449353705 -35.11026307195425 0.25
    endloop
  endfacet
  facet normal 0.5735764364737822 0.819152044203051 3.838505736652398e-16
    outer loop
      vertex 76.22072631571598 -27.55902726136271 -0.4339259092567769
      vertex 76.62776399830541 -27.844038115138133 0.25
      vertex 84.94185436184809 -33.66562686290391 0.25
    endloop
  endfacet
  facet normal 0 0 -1
    outer loop
      vertex -42.04818360299344 -20.176968696340108 -2.8477590650225735
      vertex 58.73223304703363 -17.23223304703363 -2.8477590650225735
      vertex 58 -19 -2.8477590650225735
    endloop
  endfacet
  facet normal 0 0 -1
    outer loop
      vertex -42.04818360299344 -20.176968696340108 -2.8477590650225735
      vertex 60.5 -16.5 -2.8477590650225735
      vertex 58.73223304703363 -17.23223304703363 -2.8477590650225735
    endloop
  endfacet
  facet normal 0 0 -1
    outer loop
      vertex -42.04818360299344 -20.176968696340108 -2.8477590650225735
      vertex 64.73223304703363 -10.767766952966369 -2.8477590650225735
      vertex 60.5 -16.5 -2.8477590650225735
    endloop
  endfacet
  facet normal 0 0 -1
    outer loop
      vertex -46.29495640050632 -9.245021787659146 -2.8477590650225735
      vertex 64 -9 -2.8477590650225735
      vertex 64.73223304703363 -10.767766952966369 -2.8477590650225735
    endloop
  endfacet
  facet normal 0 0 -1
    outer loop
      vertex -46.29495640050632 -9.245021787659146 -2.8477590650225735
      vertex 64.73223304703363 26.73223304703363 -2.8477590650225735
      vertex 64 -9 -2.8477590650225735
    endloop
  endfacet
  facet normal 0 0 -1
    outer loop
      vertex -47.98193720911944 -9.245021787659146 -2.8477590650225735
      vertex 42.5 26 -2.8477590650225735
      vertex 64.73223304703363 26.73223304703363 -2.8477590650225735
    endloop
  endfacet
  facet normal 0 0 -1
    outer loop
      vertex -11.412318008479227 30.256574148749667 -2.8477590650225735
      vertex 41.76623927878312 30.696066357735305 -2.8477590650225735
      vertex 22.5 30.5 -2.8477590650225735
    endloop
  endfacet
  facet normal 0 0 -1
    outer loop
      vertex 22.5 30.5 -2.8477590650225735
      vertex 40 28.5 -2.8477590650225735
      vertex 24.26776695296637 29.76776695296637 -2.8477590650225735
    endloop
  endfacet
  facet normal 0 0 -1
    outer loop
      vertex 22.5 25.5 -2.8477590650225735
      vertex 24.26776695296637 26.23223304703363 -2.8477590650225735
      vertex 42.5 26 -2.8477590650225735
    endloop
  endfacet
  facet normal 0 0 -1
    outer loop
      vertex 24.26776695296637 26.23223304703363 -2.8477590650225735
      vertex 25 28 -2.8477590650225735
      vertex 40.73223304703363 26.73223304703363 -2.8477590650225735
    endloop
  endfacet
  facet normal 0 0 -1
    outer loop
      vertex 25 28 -2.8477590650225735
      vertex 24.26776695296637 29.76776695296637 -2.8477590650225735
      vertex 40 28.5 -2.8477590650225735
    endloop
  endfacet
  facet normal -0.005912029297541689 0.7153555450025407 -0.698735638237884
    outer loop
      vertex -12.91116507287507 31.301431887477495 -1.7653668647301797
      vertex 42.5 31 -2.542804530339021
      vertex 41.76623927878312 30.696066357735305 -2.8477590650225735
    endloop
  endfacet
  facet normal 0 0 -1
    outer loop
      vertex 24.26776695296637 26.23223304703363 -2.8477590650225735
      vertex 40.73223304703363 26.73223304703363 -2.8477590650225735
      vertex 42.5 26 -2.8477590650225735
    endloop
  endfacet
  facet normal 0 0 -1
    outer loop
      vertex 25 28 -2.8477590650225735
      vertex 40 28.5 -2.8477590650225735
      vertex 40.73223304703363 26.73223304703363 -2.8477590650225735
    endloop
  endfacet
  facet normal 0 0 -1
    outer loop
      vertex 22.5 30.5 -2.8477590650225735
      vertex 40.73223304703363 30.26776695296637 -2.8477590650225735
      vertex 40 28.5 -2.8477590650225735
    endloop
  endfacet
  facet normal 0 0 -1
    outer loop
      vertex 22.5 30.5 -2.8477590650225735
      vertex 41.76623927878312 30.696066357735305 -2.8477590650225735
      vertex 40.73223304703363 30.26776695296637 -2.8477590650225735
    endloop
  endfacet
  facet normal 0 0 -1
    outer loop
      vertex 43.205053248494494 30.707957382278373 -2.8477590650225735
      vertex 47.82968985044102 30.746177519484544 -2.8477590650225735
      vertex 44.26776695296637 30.26776695296637 -2.8477590650225735
    endloop
  endfacet
  facet normal 0 0 -1
    outer loop
      vertex 42.5 26 -2.8477590650225735
      vertex 44.26776695296637 26.73223304703363 -2.8477590650225735
      vertex 64.73223304703363 26.73223304703363 -2.8477590650225735
    endloop
  endfacet
  facet normal 0 0 -1
    outer loop
      vertex 45 28.5 -2.8477590650225735
      vertex 44.26776695296637 30.26776695296637 -2.8477590650225735
      vertex 64 28.5 -2.8477590650225735
    endloop
  endfacet
  facet normal -0.005912029297541826 0.7153555450025395 -0.6987356382378852
    outer loop
      vertex 42.5 31 -2.542804530339021
      vertex 47.82968985044102 30.746177519484544 -2.8477590650225735
      vertex 43.205053248494494 30.707957382278373 -2.8477590650225735
    endloop
  endfacet
  facet normal -0.005912029297541599 0.7153555450025416 -0.698735638237883
    outer loop
      vertex 42.5 31 -2.542804530339021
      vertex 47.58883492712493 31.801431887477495 -1.7653668647301797
      vertex 47.82968985044102 30.746177519484544 -2.8477590650225735
    endloop
  endfacet
  facet normal -0.005912029297541669 0.715355545002542 -0.6987356382378828
    outer loop
      vertex -12.91116507287507 31.301431887477495 -1.7653668647301797
      vertex 47.58883492712493 31.801431887477495 -1.7653668647301797
      vertex 42.5 31 -2.542804530339021
    endloop
  endfacet
  facet normal 0 0 -1
    outer loop
      vertex 60.5 -16.5 -2.8477590650225735
      vertex 66.5 -11.5 -2.8477590650225735
      vertex 62.26776695296637 -17.23223304703363 -2.8477590650225735
    endloop
  endfacet
  facet normal 0 0 -1
    outer loop
      vertex 62.8494773637857 -18.636606210207287 -2.8477590650225735
      vertex 62.26776695296637 -17.23223304703363 -2.8477590650225735
      vertex 68.26776695296637 -10.767766952966369 -2.8477590650225735
    endloop
  endfacet
  facet normal 0 0 -1
    outer loop
      vertex 62.26776695296637 -17.23223304703363 -2.8477590650225735
      vertex 66.5 -11.5 -2.8477590650225735
      vertex 68.26776695296637 -10.767766952966369 -2.8477590650225735
    endloop
  endfacet
  facet normal 0 0 -1
    outer loop
      vertex 62.8494773637857 -18.636606210207287 -2.8477590650225735
      vertex 68.26776695296637 -10.767766952966369 -2.8477590650225735
      vertex 68.48180310226502 -10.59281144147975 -2.8477590650225735
    endloop
  endfacet
  facet normal 0 0 -1
    outer loop
      vertex 60.5 -16.5 -2.8477590650225735
      vertex 64.73223304703363 -10.767766952966369 -2.8477590650225735
      vertex 66.5 -11.5 -2.8477590650225735
    endloop
  endfacet
  facet normal 0.5911700709261198 -0.41394174043833215 -0.6922211949688416
    outer loop
      vertex 62.8494773637857 -18.636606210207287 -2.8477590650225735
      vertex 68.48180310226502 -10.59281144147975 -2.8477590650225735
      vertex 63.90676182136356 -18.936696494420783 -1.7653668647301797
    endloop
  endfacet
  facet normal 0.5911700709261193 -0.4139417404383334 -0.6922211949688413
    outer loop
      vertex 62.8494773637857 -18.636606210207287 -2.8477590650225735
      vertex 63.90676182136356 -18.936696494420783 -1.7653668647301797
      vertex 63 -19 -2.5019038137270004
    endloop
  endfacet
  facet normal 0.4059738138343745 0.5797906928321676 -0.7064191496455684
    outer loop
      vertex 62.800744434212646 -19.48104548930215 -2.8477590650225735
      vertex 62.94803507642009 -19.125454423274295 -2.471262286262071
      vertex 63.90676182136356 -18.936696494420783 -1.7653668647301797
    endloop
  endfacet
  facet normal 0.5911700709261184 -0.4139417404383364 -0.6922211949688402
    outer loop
      vertex 63 -19 -2.5019038137270004
      vertex 63.90676182136356 -18.936696494420783 -1.7653668647301797
      vertex 62.94803507642009 -19.125454423274295 -2.471262286262071
    endloop
  endfacet
  facet normal 0 0 -1
    outer loop
      vertex 64 -9 -2.8477590650225735
      vertex 64.73223304703363 26.73223304703363 -2.8477590650225735
      vertex 64.73223304703363 -7.232233047033631 -2.8477590650225735
    endloop
  endfacet
  facet normal 0 0 -1
    outer loop
      vertex 64.73223304703363 -7.232233047033631 -2.8477590650225735
      vertex 66.5 26 -2.8477590650225735
      vertex 66.5 -6.5 -2.8477590650225735
    endloop
  endfacet
  facet normal 0 0 -1
    outer loop
      vertex 68.26776695296637 -7.232233047033631 -2.8477590650225735
      vertex 66.5 -6.5 -2.8477590650225735
      vertex 68.76536686473018 27.933545502649487 -2.8477590650225735
    endloop
  endfacet
  facet normal 0 0 -1
    outer loop
      vertex 68.26776695296637 -10.767766952966369 -2.8477590650225735
      vertex 68.76997153215534 -9.994423530995846 -2.8477590650225735
      vertex 68.48180310226502 -10.59281144147975 -2.8477590650225735
    endloop
  endfacet
  facet normal 0 0 -1
    outer loop
      vertex 68.26776695296637 -10.767766952966369 -2.8477590650225735
      vertex 68.76536686473018 -9.984861840563411 -2.8477590650225735
      vertex 68.76997153215534 -9.994423530995846 -2.8477590650225735
    endloop
  endfacet
  facet normal 0 0 -1
    outer loop
      vertex 68.26776695296637 -10.767766952966369 -2.8477590650225735
      vertex 68.76536686473018 -9.566454497350513 -2.8477590650225735
      vertex 68.76536686473018 -9.984861840563411 -2.8477590650225735
    endloop
  endfacet
  facet normal 0.7071067811865488 0 -0.7071067811865462
    outer loop
      vertex 68.76536686473018 -9.984861840563411 -2.8477590650225735
      vertex 68.76536686473018 -9.566454497350513 -2.8477590650225735
      vertex 69 -9 -2.6131259297527554
    endloop
  endfacet
  facet normal 0.6693623192810991 -0.32234790375191846 -0.6693623192810989
    outer loop
      vertex 68.48180310226502 -10.59281144147975 -2.8477590650225735
      vertex 68.76997153215534 -9.994423530995846 -2.8477590650225735
      vertex 69.15666360075876 -11.439059740046185 -1.7653668647301797
    endloop
  endfacet
  facet normal 0.669362319281094 0.32234790375194466 -0.6693623192810914
    outer loop
      vertex 68.76997153215534 -9.994423530995846 -2.8477590650225735
      vertex 68.76536686473018 -9.984861840563411 -2.8477590650225735
      vertex 69.85236373244773 -9.994423530995846 -1.7653668647301797
    endloop
  endfacet
  facet normal 0.7071067811865489 -7.364364355402549e-17 -0.7071067811865461
    outer loop
      vertex 68.76536686473018 -9.984861840563411 -2.8477590650225735
      vertex 69 -9 -2.6131259297527554
      vertex 69.84775906502257 -9.98486184056341 -1.7653668647301797
    endloop
  endfacet
  facet normal 0 0 -1
    outer loop
      vertex 68.26776695296637 -7.232233047033631 -2.8477590650225735
      vertex 68.76536686473018 27.933545502649487 -2.8477590650225735
      vertex 68.76536686473018 -8.433545502649487 -2.8477590650225735
    endloop
  endfacet
  facet normal 0.7071067811865489 8.151320007044804e-18 -0.7071067811865461
    outer loop
      vertex 68.76536686473018 -8.433545502649487 -2.8477590650225735
      vertex 69.84775906502257 30 -1.7653668647301797
      vertex 69 -9 -2.6131259297527554
    endloop
  endfacet
  facet normal 0.5911700709261218 -0.41394174043833293 -0.6922211949688393
    outer loop
      vertex 63.90676182136356 -18.936696494420783 -1.7653668647301797
      vertex 68.48180310226502 -10.59281144147975 -2.8477590650225735
      vertex 69.15666360075876 -11.439059740046185 -1.7653668647301797
    endloop
  endfacet
  facet normal 0.6693623192811007 -0.32234790375191735 -0.6693623192810979
    outer loop
      vertex 68.76997153215534 -9.994423530995846 -2.8477590650225735
      vertex 69.85236373244773 -9.994423530995846 -1.7653668647301797
      vertex 69.15666360075876 -11.439059740046185 -1.7653668647301797
    endloop
  endfacet
  facet normal 0.6693623192811072 0.322347903751889 -0.6693623192811051
    outer loop
      vertex 68.76536686473018 -9.984861840563411 -2.8477590650225735
      vertex 69.84775906502257 -9.98486184056341 -1.7653668647301797
      vertex 69.85236373244773 -9.994423530995846 -1.7653668647301797
    endloop
  endfacet
  facet normal 0.7071067811865491 0 -0.707106781186546
    outer loop
      vertex 69 -9 -2.6131259297527554
      vertex 69.84775906502257 30 -1.7653668647301797
      vertex 69.84775906502257 -9.98486184056341 -1.7653668647301797
    endloop
  endfacet
  facet normal 0 0 -1
    outer loop
      vertex 64.73223304703363 -7.232233047033631 -2.8477590650225735
      vertex 64.73223304703363 26.73223304703363 -2.8477590650225735
      vertex 66.5 26 -2.8477590650225735
    endloop
  endfacet
  facet normal 0 0 -1
    outer loop
      vertex 66.5 -6.5 -2.8477590650225735
      vertex 66.5 26 -2.8477590650225735
      vertex 68.26776695296637 26.73223304703363 -2.8477590650225735
    endloop
  endfacet
  facet normal 0 0 -1
    outer loop
      vertex 66.5 -6.5 -2.8477590650225735
      vertex 68.26776695296637 26.73223304703363 -2.8477590650225735
      vertex 68.76536686473018 27.933545502649487 -2.8477590650225735
    endloop
  endfacet
  facet normal 0 0 -1
    outer loop
      vertex 44.26776695296637 26.73223304703363 -2.8477590650225735
      vertex 45 28.5 -2.8477590650225735
      vertex 64.73223304703363 26.73223304703363 -2.8477590650225735
    endloop
  endfacet
  facet normal 0 0 -1
    outer loop
      vertex 44.26776695296637 30.26776695296637 -2.8477590650225735
      vertex 47.82968985044102 30.746177519484544 -2.8477590650225735
      vertex 64 28.5 -2.8477590650225735
    endloop
  endfacet
  facet normal 0 0 -1
    outer loop
      vertex 45 28.5 -2.8477590650225735
      vertex 64 28.5 -2.8477590650225735
      vertex 64.73223304703363 26.73223304703363 -2.8477590650225735
    endloop
  endfacet
  facet normal 0 0 -1
    outer loop
      vertex 47.82968985044102 30.746177519484544 -2.8477590650225735
      vertex 64.73223304703363 30.26776695296637 -2.8477590650225735
      vertex 64 28.5 -2.8477590650225735
    endloop
  endfacet
  facet normal 0 0 -1
    outer loop
      vertex 47.82968985044102 30.746177519484544 -2.8477590650225735
      vertex 65.8872183251044 30.746177519484544 -2.8477590650225735
      vertex 64.73223304703363 30.26776695296637 -2.8477590650225735
    endloop
  endfacet
  facet normal 0 0 -1
    outer loop
      vertex 67.1127816748956 30.746177519484544 -2.8477590650225735
      vertex 67.82968985044103 30.746177519484544 -2.8477590650225735
      vertex 68.26776695296637 30.26776695296637 -2.8477590650225735
    endloop
  endfacet
  facet normal 0 0 -1
    outer loop
      vertex 67.82968985044103 30.746177519484544 -2.8477590650225735
      vertex 68.76536686473018 30 -2.8477590650225735
      vertex 68.26776695296637 30.26776695296637 -2.8477590650225735
    endloop
  endfacet
  facet normal 0 0 -1
    outer loop
      vertex 67.82968985044103 30.746177519484544 -2.8477590650225735
      vertex 68.47719843483986 30.598387910483904 -2.8477590650225735
      vertex 68.76536686473018 30 -2.8477590650225735
    endloop
  endfacet
  facet normal 0 0.7160259392356566 -0.6980736740070463
    outer loop
      vertex 47.82968985044102 30.746177519484544 -2.8477590650225735
      vertex 66.5 31 -2.5874090664802
      vertex 65.8872183251044 30.746177519484544 -2.8477590650225735
    endloop
  endfacet
  facet normal 2.6385170118164115e-18 0.7160259392356564 -0.6980736740070462
    outer loop
      vertex 47.82968985044102 30.746177519484544 -2.8477590650225735
      vertex 67.58883492712494 31.801431887477495 -1.7653668647301797
      vertex 66.5 31 -2.5874090664802
    endloop
  endfacet
  facet normal 0 0.7160259392356566 -0.6980736740070463
    outer loop
      vertex 67.1127816748956 30.746177519484544 -2.8477590650225735
      vertex 67.58883492712494 31.801431887477495 -1.7653668647301797
      vertex 67.82968985044103 30.746177519484544 -2.8477590650225735
    endloop
  endfacet
  facet normal -5.049147682721382e-17 0.7160259392356565 -0.6980736740070462
    outer loop
      vertex 67.1127816748956 30.746177519484544 -2.8477590650225735
      vertex 66.5 31 -2.5874090664802
      vertex 67.58883492712494 31.801431887477495 -1.7653668647301797
    endloop
  endfacet
  facet normal 0.7071067811865489 0 -0.7071067811865462
    outer loop
      vertex 68.76536686473018 -8.433545502649487 -2.8477590650225735
      vertex 68.76536686473018 27.933545502649487 -2.8477590650225735
      vertex 69 28.5 -2.6131259297527554
    endloop
  endfacet
  facet normal 0.707106781186549 -2.5357774604965713e-18 -0.7071067811865461
    outer loop
      vertex 68.76536686473018 -8.433545502649487 -2.8477590650225735
      vertex 69 28.5 -2.6131259297527554
      vertex 69.84775906502257 30 -1.7653668647301797
    endloop
  endfacet
  facet normal 0 0 -1
    outer loop
      vertex 68.26776695296637 30.26776695296637 -2.8477590650225735
      vertex 68.76536686473018 30 -2.8477590650225735
      vertex 68.76536686473018 29.066454497350513 -2.8477590650225735
    endloop
  endfacet
  facet normal 0.7071067811865489 0 -0.707106781186546
    outer loop
      vertex 68.76536686473018 29.066454497350513 -2.8477590650225735
      vertex 68.76536686473018 30 -2.8477590650225735
      vertex 69.84775906502257 30 -1.7653668647301797
    endloop
  endfacet
  facet normal 0.7071067811865489 7.075321758299605e-17 -0.707106781186546
    outer loop
      vertex 69 28.5 -2.6131259297527554
      vertex 68.76536686473018 29.066454497350513 -2.8477590650225735
      vertex 69.84775906502257 30 -1.7653668647301797
    endloop
  endfacet
  facet normal 0.16531884035945224 0.7243091650316407 -0.6693623192811
    outer loop
      vertex 67.82968985044103 30.746177519484544 -2.8477590650225735
      vertex 69.1520589333336 31.44463620905034 -1.7653668647301797
      vertex 68.47719843483986 30.598387910483904 -2.8477590650225735
    endloop
  endfacet
  facet normal 0.6693623192810989 0.3223479037519184 -0.6693623192810991
    outer loop
      vertex 68.76536686473018 30 -2.8477590650225735
      vertex 68.47719843483986 30.598387910483904 -2.8477590650225735
      vertex 69.1520589333336 31.44463620905034 -1.7653668647301797
    endloop
  endfacet
  facet normal 0 0.7160259392356565 -0.6980736740070463
    outer loop
      vertex 47.82968985044102 30.746177519484544 -2.8477590650225735
      vertex 47.58883492712493 31.801431887477495 -1.7653668647301797
      vertex 67.58883492712494 31.801431887477495 -1.7653668647301797
    endloop
  endfacet
  facet normal 0.16531884035944971 0.7243091650316429 -0.6693623192810985
    outer loop
      vertex 67.82968985044103 30.746177519484544 -2.8477590650225735
      vertex 67.58883492712494 31.801431887477495 -1.7653668647301797
      vertex 69.1520589333336 31.44463620905034 -1.7653668647301797
    endloop
  endfacet
  facet normal 0.6693623192811007 0.322347903751917 -0.6693623192810979
    outer loop
      vertex 68.76536686473018 30 -2.8477590650225735
      vertex 69.1520589333336 31.44463620905034 -1.7653668647301797
      vertex 69.84775906502257 30 -1.7653668647301797
    endloop
  endfacet
  facet normal -0.00826418058740938 0.9999658510765349 0
    outer loop
      vertex -12.91116507287507 31.301431887477495 -1.7653668647301797
      vertex 47.58883492712493 31.801431887477495 0.25
      vertex 47.58883492712493 31.801431887477495 -1.7653668647301797
    endloop
  endfacet
  facet normal 0 1 0
    outer loop
      vertex 47.58883492712493 31.801431887477495 -1.7653668647301797
      vertex 50.247589877669775 31.801431887477495 0.25
      vertex 50.74449113624381 31.801431887477495 -0.4339259085606759
    endloop
  endfacet
  facet normal 0 1 0
    outer loop
      vertex 47.58883492712493 31.801431887477495 -1.7653668647301797
      vertex 47.58883492712493 31.801431887477495 0.25
      vertex 50.247589877669775 31.801431887477495 0.25
    endloop
  endfacet
  facet normal 0.8191520440208324 -0.5735764367340173 0
    outer loop
      vertex 63.90676182136356 -18.936696494420783 -1.7653668647301797
      vertex 69.15666360075876 -11.439059740046185 -1.7653668647301797
      vertex 63.90676182136356 -18.936696494420783 0.25
    endloop
  endfacet
  facet normal 0.9009688679024203 -0.433883739117556 0
    outer loop
      vertex 69.15666360075876 -11.439059740046185 -1.7653668647301797
      vertex 69.85236373244773 -9.994423530995846 -1.7653668647301797
      vertex 69.15666360075876 -11.439059740046185 0.25
    endloop
  endfacet
  facet normal 0.9009688679024357 0.4338837391175238 0
    outer loop
      vertex 69.85236373244773 -9.994423530995846 -1.7653668647301797
      vertex 69.84775906502257 -9.98486184056341 -1.7653668647301797
      vertex 69.85236373244773 -9.994423530995846 0.25
    endloop
  endfacet
  facet normal 1 0 0
    outer loop
      vertex 69.84775906502257 -9.98486184056341 -1.7653668647301797
      vertex 69.84775906502257 30 -1.7653668647301797
      vertex 69.84775906502257 -9.98486184056341 0.25
    endloop
  endfacet
  facet normal 0.8191520440208324 -0.5735764367340173 0
    outer loop
      vertex 69.15666360075876 -11.439059740046185 -1.7653668647301797
      vertex 69.15666360075876 -11.439059740046185 0.25
      vertex 63.90676182136356 -18.936696494420783 0.25
    endloop
  endfacet
  facet normal 0.9009688679024203 -0.433883739117556 0
    outer loop
      vertex 69.85236373244773 -9.994423530995846 -1.7653668647301797
      vertex 69.85236373244773 -9.994423530995846 0.25
      vertex 69.15666360075876 -11.439059740046185 0.25
    endloop
  endfacet
  facet normal 0.9009688679024357 0.4338837391175238 0
    outer loop
      vertex 69.84775906502257 -9.98486184056341 -1.7653668647301797
      vertex 69.84775906502257 -9.98486184056341 0.25
      vertex 69.85236373244773 -9.994423530995846 0.25
    endloop
  endfacet
  facet normal 0 1 0
    outer loop
      vertex 47.58883492712493 31.801431887477495 -1.7653668647301797
      vertex 58.24357242458425 31.801431887477495 -0.4339259092567769
      vertex 67.58883492712494 31.801431887477495 -1.7653668647301797
    endloop
  endfacet
  facet normal 0 1 0
    outer loop
      vertex 47.58883492712493 31.801431887477495 -1.7653668647301797
      vertex 50.74449113624381 31.801431887477495 -0.4339259085606759
      vertex 58.24357242458425 31.801431887477495 -0.4339259092567769
    endloop
  endfacet
  facet normal 0 1 0
    outer loop
      vertex 67.58883492712494 31.801431887477495 -1.7653668647301797
      vertex 58.24357242458425 31.801431887477495 -0.4339259092567769
      vertex 67.58883492712494 31.801431887477495 0.25
    endloop
  endfacet
  facet normal 0.22252093395631325 0.9749279121818238 0
    outer loop
      vertex 67.58883492712494 31.801431887477495 -1.7653668647301797
      vertex 69.1520589333336 31.44463620905034 0.25
      vertex 69.1520589333336 31.44463620905034 -1.7653668647301797
    endloop
  endfacet
  facet normal 0.9009688679024204 0.4338837391175555 0
    outer loop
      vertex 69.84775906502257 30 -1.7653668647301797
      vertex 69.1520589333336 31.44463620905034 -1.7653668647301797
      vertex 69.84775906502257 30 0.25
    endloop
  endfacet
  facet normal 0.22252093395631325 0.9749279121818238 0
    outer loop
      vertex 67.58883492712494 31.801431887477495 -1.7653668647301797
      vertex 67.58883492712494 31.801431887477495 0.25
      vertex 69.1520589333336 31.44463620905034 0.25
    endloop
  endfacet
  facet normal 0 1 0
    outer loop
      vertex 58.24357242458425 31.801431887477495 -0.4339259092567769
      vertex 58.74047368420991 31.801431887477495 0.25
      vertex 67.58883492712494 31.801431887477495 0.25
    endloop
  endfacet
  facet normal 1 0 0
    outer loop
      vertex 69.84775906502257 30 -1.7653668647301797
      vertex 69.84775906502257 30 0.25
      vertex 69.84775906502257 -9.98486184056341 0.25
    endloop
  endfacet
  facet normal 0.9009688679024204 0.4338837391175555 0
    outer loop
      vertex 69.1520589333336 31.44463620905034 -1.7653668647301797
      vertex 69.1520589333336 31.44463620905034 0.25
      vertex 69.84775906502257 30 0.25
    endloop
  endfacet
  facet normal 0 0 1
    outer loop
      vertex -50.5 -36.5 -2
      vertex -50.20710678118654 -36.5 -2
      vertex -50.5 -36.378679656440355 -2
    endloop
  endfacet
  facet normal 0 0 1
    outer loop
      vertex -47.792893218813454 -36.5 -2
      vertex -29.5 -36.5 -2
      vertex -47.23223304703363 -36.26776695296637 -2
    endloop
  endfacet
  facet normal 0 0 1
    outer loop
      vertex -47.23223304703363 -36.26776695296637 -2
      vertex -29.5 -36.5 -2
      vertex -46.5 -34.5 -2
    endloop
  endfacet
  facet normal 0 0 1
    outer loop
      vertex -24.080654233694077 -36.25042486190796 -2
      vertex -16.864167550376596 -39.035035323277725 -2
      vertex -17.5 -37.5 -2
    endloop
  endfacet
  facet normal 0 0 1
    outer loop
      vertex -24.080654233694077 -36.25042486190796 -2
      vertex -17.5 -37.5 -2
      vertex -16.76776695296637 -35.73223304703363 -2
    endloop
  endfacet
  facet normal 0 0 1
    outer loop
      vertex 11.64767674356699 -50.03684040904045 -2
      vertex 11.649624459445477 -50.031792767345905 -2
      vertex -14.692978402075912 -39.87282749019838 -2
    endloop
  endfacet
  facet normal 0 0 1
    outer loop
      vertex 15.99321820671935 -51.69073408387119 -2
      vertex 15.5 -50.5 -2
      vertex 11.649624459445477 -50.031792767345905 -2
    endloop
  endfacet
  facet normal 0 0 1
    outer loop
      vertex 11.649624459445477 -50.031792767345905 -2
      vertex 15.5 -50.5 -2
      vertex 16.23223304703363 -48.73223304703363 -2
    endloop
  endfacet
  facet normal 0 0 1
    outer loop
      vertex 11.649624459445477 -50.031792767345905 -2
      vertex -13.232233047033631 -39.26776695296637 -2
      vertex -14.692978402075912 -39.87282749019838 -2
    endloop
  endfacet
  facet normal 0 0 1
    outer loop
      vertex 11.649624459445477 -50.031792767345905 -2
      vertex -12.5 -37.5 -2
      vertex -13.232233047033631 -39.26776695296637 -2
    endloop
  endfacet
  facet normal 0 0 1
    outer loop
      vertex -15 -35 -2
      vertex -13.232233047033631 -35.73223304703363 -2
      vertex 6.232233047033631 -28.23223304703363 -2
    endloop
  endfacet
  facet normal 0 0 1
    outer loop
      vertex -12.5 -37.5 -2
      vertex 5.5 -30 -2
      vertex -13.232233047033631 -35.73223304703363 -2
    endloop
  endfacet
  facet normal 0 0 1
    outer loop
      vertex -13.232233047033631 -35.73223304703363 -2
      vertex 5.5 -30 -2
      vertex 6.232233047033631 -28.23223304703363 -2
    endloop
  endfacet
  facet normal 0 0 1
    outer loop
      vertex 11.649624459445477 -50.031792767345905 -2
      vertex 8 -32.5 -2
      vertex -12.5 -37.5 -2
    endloop
  endfacet
  facet normal 0 0 1
    outer loop
      vertex -12.5 -37.5 -2
      vertex 8 -32.5 -2
      vertex 6.232233047033631 -31.76776695296637 -2
    endloop
  endfacet
  facet normal 0 0 1
    outer loop
      vertex -12.5 -37.5 -2
      vertex 6.232233047033631 -31.76776695296637 -2
      vertex 5.5 -30 -2
    endloop
  endfacet
  facet normal 0 0 1
    outer loop
      vertex 11.649624459445477 -50.031792767345905 -2
      vertex 9.767766952966369 -31.76776695296637 -2
      vertex 8 -32.5 -2
    endloop
  endfacet
  facet normal 0 0 1
    outer loop
      vertex 11.649624459445477 -50.031792767345905 -2
      vertex 10.5 -30 -2
      vertex 9.767766952966369 -31.76776695296637 -2
    endloop
  endfacet
  facet normal 0 0 1
    outer loop
      vertex -15 -35 -2
      vertex 6.232233047033631 -28.23223304703363 -2
      vertex 8 -27.5 -2
    endloop
  endfacet
  facet normal 0 1 0
    outer loop
      vertex -50.5 -36.5 -2
      vertex -50.20710678118654 -36.5 0.25
      vertex -50.20710678118654 -36.5 -2
    endloop
  endfacet
  facet normal 1 0 0
    outer loop
      vertex -50.5 -36.5 -2
      vertex -50.5 -36.378679656440355 -2
      vertex -50.5 -36.5 0.25
    endloop
  endfacet
  facet normal 0 1 0
    outer loop
      vertex -47.792893218813454 -36.5 -2
      vertex -29.5 -36.5 0.25
      vertex -29.5 -36.5 -2
    endloop
  endfacet
  facet normal -0.04600387463441016 0.9989412612954885 0
    outer loop
      vertex -29.5 -36.5 -2
      vertex -24.080654233694077 -36.25042486190796 0.25
      vertex -24.080654233694077 -36.25042486190796 -2
    endloop
  endfacet
  facet normal 0.35999680826621144 0.9329535347690905 0
    outer loop
      vertex -24.080654233694077 -36.25042486190796 -2
      vertex -16.864167550376596 -39.035035323277725 0.25
      vertex -16.864167550376596 -39.035035323277725 -2
    endloop
  endfacet
  facet normal 0 1 0
    outer loop
      vertex -50.5 -36.5 -2
      vertex -50.5 -36.5 0.25
      vertex -50.20710678118654 -36.5 0.25
    endloop
  endfacet
  facet normal 1 0 0
    outer loop
      vertex -50.5 -36.378679656440355 -2
      vertex -50.5 -36.378679656440355 0.25
      vertex -50.5 -36.5 0.25
    endloop
  endfacet
  facet normal 0 1 0
    outer loop
      vertex -47.792893218813454 -36.5 -2
      vertex -47.792893218813454 -36.5 0.25
      vertex -29.5 -36.5 0.25
    endloop
  endfacet
  facet normal -0.04600387463441016 0.9989412612954885 0
    outer loop
      vertex -29.5 -36.5 -2
      vertex -29.5 -36.5 0.25
      vertex -24.080654233694077 -36.25042486190796 0.25
    endloop
  endfacet
  facet normal 0.35999680826621144 0.9329535347690905 0
    outer loop
      vertex -24.080654233694077 -36.25042486190796 -2
      vertex -24.080654233694077 -36.25042486190796 0.25
      vertex -16.864167550376596 -39.035035323277725 0.25
    endloop
  endfacet
  facet normal 0.35999680826621167 0.9329535347690904 0
    outer loop
      vertex 11.64767674356699 -50.03684040904045 -2
      vertex -14.692978402075912 -39.87282749019838 -2
      vertex 11.64767674356699 -50.03684040904045 0.25
    endloop
  endfacet
  facet normal -0.9329539663177161 0.35999568987981206 0
    outer loop
      vertex 11.64767674356699 -50.03684040904045 -2
      vertex 11.649624459445477 -50.031792767345905 0.25
      vertex 11.649624459445477 -50.031792767345905 -2
    endloop
  endfacet
  facet normal 0.3567913346652962 0.934184105788445 0
    outer loop
      vertex 15.99321820671935 -51.69073408387119 -2
      vertex 11.649624459445477 -50.031792767345905 -2
      vertex 15.99321820671935 -51.69073408387119 0.25
    endloop
  endfacet
  facet normal -0.9329539663177161 0.35999568987981206 0
    outer loop
      vertex 11.64767674356699 -50.03684040904045 -2
      vertex 11.64767674356699 -50.03684040904045 0.25
      vertex 11.649624459445477 -50.031792767345905 0.25
    endloop
  endfacet
  facet normal 0.3567913346652962 0.934184105788445 0
    outer loop
      vertex 11.649624459445477 -50.031792767345905 -2
      vertex 11.649624459445477 -50.031792767345905 0.25
      vertex 15.99321820671935 -51.69073408387119 0.25
    endloop
  endfacet
  facet normal 0.35999680826621167 0.9329535347690904 0
    outer loop
      vertex -14.692978402075912 -39.87282749019838 -2
      vertex -14.692978402075912 -39.87282749019838 0.25
      vertex 11.64767674356699 -50.03684040904045 0.25
    endloop
  endfacet
  facet normal 0 0 1
    outer loop
      vertex -50.5 -32.621320343559645 -2
      vertex -49 -32 -2
      vertex -50.5 18.621320343559642 -2
    endloop
  endfacet
  facet normal 0 0 1
    outer loop
      vertex -47.23223304703363 -32.73223304703363 -2
      vertex -49 18 -2
      vertex -49 -32 -2
    endloop
  endfacet
  facet normal 0 0 1
    outer loop
      vertex -46.5 -34.5 -2
      vertex -49 18 -2
      vertex -47.23223304703363 -32.73223304703363 -2
    endloop
  endfacet
  facet normal 0 0 1
    outer loop
      vertex -46.5 -34.5 -2
      vertex -29.5 -36.5 -2
      vertex -49 18 -2
    endloop
  endfacet
  facet normal 0 0 1
    outer loop
      vertex -49 -32 -2
      vertex -49 18 -2
      vertex -50.5 18.621320343559642 -2
    endloop
  endfacet
  facet normal 0 0 1
    outer loop
      vertex -29.5 -36.5 -2
      vertex -47.23223304703363 18.73223304703363 -2
      vertex -49 18 -2
    endloop
  endfacet
  facet normal 0 0 1
    outer loop
      vertex -29.5 -36.5 -2
      vertex -46.5 20.5 -2
      vertex -47.23223304703363 18.73223304703363 -2
    endloop
  endfacet
  facet normal 0 0 1
    outer loop
      vertex -29.5 -36.5 -2
      vertex -31.5 27.399999998509884 -2
      vertex -46.5 20.5 -2
    endloop
  endfacet
  facet normal 0 0 1
    outer loop
      vertex -29.5 -36.5 -2
      vertex -24.080654233694077 -36.25042486190796 -2
      vertex -31.5 27.399999998509884 -2
    endloop
  endfacet
  facet normal 0 0 1
    outer loop
      vertex -50.5 22.378679656440358 -2
      vertex -49.72389166444496 22.700154254898063 -2
      vertex -50.5 22.5 -2
    endloop
  endfacet
  facet normal 0 0 1
    outer loop
      vertex -46.5 20.5 -2
      vertex -31.5 27.399999998509884 -2
      vertex -47.23223304703363 22.26776695296637 -2
    endloop
  endfacet
  facet normal 0 0 1
    outer loop
      vertex -48.83163740873336 22.93026193130108 -2
      vertex -47.23223304703363 22.26776695296637 -2
      vertex -31.5 27.399999998509884 -2
    endloop
  endfacet
  facet normal 0 0 1
    outer loop
      vertex -24.080654233694077 -36.25042486190796 -2
      vertex -14.5 28 -2
      vertex -31.5 27.399999998509884 -2
    endloop
  endfacet
  facet normal 0 0 1
    outer loop
      vertex -31.5 27.399999998509884 -2
      vertex -14.5 28 -2
      vertex -13.944825954476059 29.34030871018144 -2
    endloop
  endfacet
  facet normal 0 0 1
    outer loop
      vertex -24.080654233694077 -36.25042486190796 -2
      vertex -13.767766952966369 26.23223304703363 -2
      vertex -14.5 28 -2
    endloop
  endfacet
  facet normal 0 0 1
    outer loop
      vertex -24.080654233694077 -36.25042486190796 -2
      vertex -12 25.5 -2
      vertex -13.767766952966369 26.23223304703363 -2
    endloop
  endfacet
  facet normal 0 0 1
    outer loop
      vertex -24.080654233694077 -36.25042486190796 -2
      vertex -10.232233047033631 26.23223304703363 -2
      vertex -12 25.5 -2
    endloop
  endfacet
  facet normal 0 0 1
    outer loop
      vertex -24.080654233694077 -36.25042486190796 -2
      vertex 20.73223304703363 26.23223304703363 -2
      vertex -10.232233047033631 26.23223304703363 -2
    endloop
  endfacet
  facet normal 0 0 1
    outer loop
      vertex -24.080654233694077 -36.25042486190796 -2
      vertex -16.76776695296637 -35.73223304703363 -2
      vertex 48 30 -2
    endloop
  endfacet
  facet normal 0 0 1
    outer loop
      vertex -16.76776695296637 -35.73223304703363 -2
      vertex -15 -35 -2
      vertex 48 30 -2
    endloop
  endfacet
  facet normal 0 0 1
    outer loop
      vertex -15 -35 -2
      vertex 8 -27.5 -2
      vertex 48 30 -2
    endloop
  endfacet
  facet normal 0 0 1
    outer loop
      vertex -24.080654233694077 -36.25042486190796 -2
      vertex 22.5 25.5 -2
      vertex 20.73223304703363 26.23223304703363 -2
    endloop
  endfacet
  facet normal 0 0 1
    outer loop
      vertex -24.080654233694077 -36.25042486190796 -2
      vertex 42.5 26 -2
      vertex 22.5 25.5 -2
    endloop
  endfacet
  facet normal 0 0 1
    outer loop
      vertex -10.232233047033631 26.23223304703363 -2
      vertex 20 28 -2
      vertex -9.5 28 -2
    endloop
  endfacet
  facet normal 0 0 1
    outer loop
      vertex -9.5 28 -2
      vertex 20.73223304703363 29.76776695296637 -2
      vertex -10.129435384997787 29.51959144309919 -2
    endloop
  endfacet
  facet normal 0 0 1
    outer loop
      vertex -10.232233047033631 26.23223304703363 -2
      vertex 20.73223304703363 26.23223304703363 -2
      vertex 20 28 -2
    endloop
  endfacet
  facet normal 0 0 1
    outer loop
      vertex -9.5 28 -2
      vertex 20 28 -2
      vertex 20.73223304703363 29.76776695296637 -2
    endloop
  endfacet
  facet normal 0 0 1
    outer loop
      vertex -10.129435384997787 29.51959144309919 -2
      vertex 20.73223304703363 29.76776695296637 -2
      vertex 20.74918000207984 29.774786611587437 -2
    endloop
  endfacet
  facet normal 1 0 0
    outer loop
      vertex -50.5 -32.621320343559645 -2
      vertex -50.5 18.621320343559642 -2
      vertex -50.5 -32.621320343559645 0.25
    endloop
  endfacet
  facet normal 1 0 0
    outer loop
      vertex -50.5 18.621320343559642 -2
      vertex -50.5 18.621320343559642 0.25
      vertex -50.5 -32.621320343559645 0.25
    endloop
  endfacet
  facet normal 1 0 0
    outer loop
      vertex -50.5 22.378679656440358 -2
      vertex -50.5 22.5 -2
      vertex -50.5 22.378679656440358 0.25
    endloop
  endfacet
  facet normal 0.24972388058700856 -0.9683170882849096 0
    outer loop
      vertex -50.5 22.5 -2
      vertex -49.72389166444496 22.700154254898063 -2
      vertex -50.5 22.5 0.25
    endloop
  endfacet
  facet normal 0.2497238805870081 -0.9683170882849097 0
    outer loop
      vertex -48.83163740873336 22.93026193130108 -2
      vertex -31.5 27.399999998509884 -2
      vertex -48.83163740873336 22.93026193130108 0.25
    endloop
  endfacet
  facet normal 0.10985734044012811 -0.9939473651815882 0
    outer loop
      vertex -31.5 27.399999998509884 -2
      vertex -13.944825954476059 29.34030871018144 -2
      vertex -31.5 27.399999998509884 0.25
    endloop
  endfacet
  facet normal 1 0 0
    outer loop
      vertex -50.5 22.5 -2
      vertex -50.5 22.5 0.25
      vertex -50.5 22.378679656440358 0.25
    endloop
  endfacet
  facet normal 0.24972388058700856 -0.9683170882849096 0
    outer loop
      vertex -49.72389166444496 22.700154254898063 -2
      vertex -49.72389166444496 22.700154254898063 0.25
      vertex -50.5 22.5 0.25
    endloop
  endfacet
  facet normal 0.2497238805870081 -0.9683170882849097 0
    outer loop
      vertex -31.5 27.399999998509884 -2
      vertex -31.5 27.399999998509884 0.25
      vertex -48.83163740873336 22.93026193130108 0.25
    endloop
  endfacet
  facet normal 0.10985734044012811 -0.9939473651815882 0
    outer loop
      vertex -13.944825954476059 29.34030871018144 -2
      vertex -13.944825954476059 29.34030871018144 0.25
      vertex -31.5 27.399999998509884 0.25
    endloop
  endfacet
  facet normal 0.008264180587409417 -0.9999658510765347 0
    outer loop
      vertex -10.129435384997787 29.51959144309919 -2
      vertex 20.74918000207984 29.774786611587437 -2
      vertex -10.129435384997787 29.51959144309919 0.25
    endloop
  endfacet
  facet normal 0.008264180587409417 -0.9999658510765347 0
    outer loop
      vertex 20.74918000207984 29.774786611587437 -2
      vertex 20.74918000207984 29.774786611587437 0.25
      vertex -10.129435384997787 29.51959144309919 0.25
    endloop
  endfacet
  facet normal 0 0 1
    outer loop
      vertex 18.681812148922685 -52.717584160925476 -2
      vertex 57.5 -66 -2
      vertex 19.76776695296637 -52.26776695296637 -2
    endloop
  endfacet
  facet normal 0 0 1
    outer loop
      vertex 19.76776695296637 -52.26776695296637 -2
      vertex 57.5 -66 -2
      vertex 20.5 -50.5 -2
    endloop
  endfacet
  facet normal 0 0 1
    outer loop
      vertex 18.681812148922685 -52.717584160925476 -2
      vertex 59.94328195447108 -68.47650661631063 -2
      vertex 58.23223304703363 -67.76776695296637 -2
    endloop
  endfacet
  facet normal 0 0 1
    outer loop
      vertex 18.681812148922685 -52.717584160925476 -2
      vertex 58.23223304703363 -67.76776695296637 -2
      vertex 57.5 -66 -2
    endloop
  endfacet
  facet normal 0 0 1
    outer loop
      vertex 20.5 -50.5 -2
      vertex 57.5 -66 -2
      vertex 58.23223304703363 -64.23223304703363 -2
    endloop
  endfacet
  facet normal 0 0 1
    outer loop
      vertex 20.5 -50.5 -2
      vertex 58.23223304703363 -64.23223304703363 -2
      vertex 60 -63.5 -2
    endloop
  endfacet
  facet normal 0 0 1
    outer loop
      vertex 20.5 -50.5 -2
      vertex 60 -63.5 -2
      vertex 72.3702715113759 -51.419033385813236 -2
    endloop
  endfacet
  facet normal 0 0 1
    outer loop
      vertex 20.5 -50.5 -2
      vertex 72.3702715113759 -51.419033385813236 -2
      vertex 38.23223304703363 -34.26776695296637 -2
    endloop
  endfacet
  facet normal 0 0 1
    outer loop
      vertex 11.649624459445477 -50.031792767345905 -2
      vertex 16.23223304703363 -48.73223304703363 -2
      vertex 37.5 -32.5 -2
    endloop
  endfacet
  facet normal 0 0 1
    outer loop
      vertex 16.23223304703363 -48.73223304703363 -2
      vertex 18 -48 -2
      vertex 37.5 -32.5 -2
    endloop
  endfacet
  facet normal 0 0 1
    outer loop
      vertex 19.76776695296637 -48.73223304703363 -2
      vertex 37.5 -32.5 -2
      vertex 18 -48 -2
    endloop
  endfacet
  facet normal 0 0 1
    outer loop
      vertex 20.5 -50.5 -2
      vertex 38.23223304703363 -34.26776695296637 -2
      vertex 19.76776695296637 -48.73223304703363 -2
    endloop
  endfacet
  facet normal 0 0 1
    outer loop
      vertex 19.76776695296637 -48.73223304703363 -2
      vertex 38.23223304703363 -34.26776695296637 -2
      vertex 37.5 -32.5 -2
    endloop
  endfacet
  facet normal 0 0 1
    outer loop
      vertex 38.23223304703363 -34.26776695296637 -2
      vertex 72.3702715113759 -51.419033385813236 -2
      vertex 40 -35 -2
    endloop
  endfacet
  facet normal 0 0 1
    outer loop
      vertex 38.23223304703363 -30.73223304703363 -2
      vertex 40 -30 -2
      vertex 58.73223304703363 -17.23223304703363 -2
    endloop
  endfacet
  facet normal 0 0 1
    outer loop
      vertex 40 -30 -2
      vertex 41.76776695296637 -30.73223304703363 -2
      vertex 58.73223304703363 -17.23223304703363 -2
    endloop
  endfacet
  facet normal 0 0 1
    outer loop
      vertex 41.76776695296637 -34.26776695296637 -2
      vertex 58.73223304703363 -20.76776695296637 -2
      vertex 42.5 -32.5 -2
    endloop
  endfacet
  facet normal 0 0 1
    outer loop
      vertex 42.5 -32.5 -2
      vertex 58.73223304703363 -20.76776695296637 -2
      vertex 41.76776695296637 -30.73223304703363 -2
    endloop
  endfacet
  facet normal 0 0 1
    outer loop
      vertex 60.00230003956951 -68.49904729241632 -2
      vertex 60.32854388654232 -68.623649045825 -2
      vertex 60.58471072329887 -68.25780488834462 -2
    endloop
  endfacet
  facet normal 0 0 1
    outer loop
      vertex 61.76776695296637 -64.23223304703363 -2
      vertex 72.3702715113759 -51.419033385813236 -2
      vertex 60 -63.5 -2
    endloop
  endfacet
  facet normal 0 0 1
    outer loop
      vertex 61.76776695296637 -64.23223304703363 -2
      vertex 62.37572442959064 -65.69997223244607 -2
      vertex 72.3702715113759 -51.419033385813236 -2
    endloop
  endfacet
  facet normal 0 0 1
    outer loop
      vertex 62.37572442959064 -65.69997223244607 -2
      vertex 72.373649045825 -51.42145611345768 -2
      vertex 72.3702715113759 -51.419033385813236 -2
    endloop
  endfacet
  facet normal 0 0 1
    outer loop
      vertex 40 -35 -2
      vertex 72.3702715113759 -51.419033385813236 -2
      vertex 41.76776695296637 -34.26776695296637 -2
    endloop
  endfacet
  facet normal 0 0 1
    outer loop
      vertex 41.76776695296637 -34.26776695296637 -2
      vertex 72.3702715113759 -51.419033385813236 -2
      vertex 60.5 -21.5 -2
    endloop
  endfacet
  facet normal 0 0 1
    outer loop
      vertex 41.76776695296637 -30.73223304703363 -2
      vertex 58.73223304703363 -20.76776695296637 -2
      vertex 58 -19 -2
    endloop
  endfacet
  facet normal 0 0 1
    outer loop
      vertex 41.76776695296637 -34.26776695296637 -2
      vertex 60.5 -21.5 -2
      vertex 58.73223304703363 -20.76776695296637 -2
    endloop
  endfacet
  facet normal 0 0 1
    outer loop
      vertex 41.76776695296637 -30.73223304703363 -2
      vertex 58 -19 -2
      vertex 58.73223304703363 -17.23223304703363 -2
    endloop
  endfacet
  facet normal 0 0 1
    outer loop
      vertex 60.5 -21.5 -2
      vertex 78.7 -35.6 -2
      vertex 62.26776695296637 -20.76776695296637 -2
    endloop
  endfacet
  facet normal 0 0 1
    outer loop
      vertex 62.26776695296637 -20.76776695296637 -2
      vertex 79.43223304703363 -33.83223304703363 -2
      vertex 62.501322544332105 -20.203913876723142 -2
    endloop
  endfacet
  facet normal 0 0 1
    outer loop
      vertex 72.3702715113759 -51.419033385813236 -2
      vertex 79.43223304703363 -37.36776695296637 -2
      vertex 60.5 -21.5 -2
    endloop
  endfacet
  facet normal 0 0 1
    outer loop
      vertex 72.3702715113759 -51.419033385813236 -2
      vertex 81.2 -38.1 -2
      vertex 79.43223304703363 -37.36776695296637 -2
    endloop
  endfacet
  facet normal 0 0 1
    outer loop
      vertex 72.3702715113759 -51.419033385813236 -2
      vertex 81.89913223082922 -37.810409948098375 -2
      vertex 81.2 -38.1 -2
    endloop
  endfacet
  facet normal 0 0 1
    outer loop
      vertex 83.6059183370961 -35.372866773446766 -2
      vertex 83.78979542851448 -35.11026307195425 -2
      vertex 83.37759018562953 -34.82163385350459 -2
    endloop
  endfacet
  facet normal 0 0 1
    outer loop
      vertex 60.5 -21.5 -2
      vertex 79.43223304703363 -37.36776695296637 -2
      vertex 78.7 -35.6 -2
    endloop
  endfacet
  facet normal 0 0 1
    outer loop
      vertex 62.26776695296637 -20.76776695296637 -2
      vertex 78.7 -35.6 -2
      vertex 79.43223304703363 -33.83223304703363 -2
    endloop
  endfacet
  facet normal 0 0 1
    outer loop
      vertex 62.501322544332105 -20.203913876723142 -2
      vertex 79.43223304703363 -33.83223304703363 -2
      vertex 81.02334434464076 -33.17317316831971 -2
    endloop
  endfacet
  facet normal -0.5735764364737819 -0.8191520442030512 0
    outer loop
      vertex 62.501322544332105 -20.203913876723142 -2
      vertex 81.02334434464076 -33.17317316831971 -2
      vertex 69.02006577011718 -24.768387024526934 -0.4339259085606759
    endloop
  endfacet
  facet normal 0.356791334665296 0.934184105788445 0
    outer loop
      vertex 18.681812148922685 -52.717584160925476 -2
      vertex 59.94328195447108 -68.47650661631063 0.25
      vertex 59.94328195447108 -68.47650661631063 -2
    endloop
  endfacet
  facet normal 0.356791334665296 0.934184105788445 0
    outer loop
      vertex 18.681812148922685 -52.717584160925476 -2
      vertex 18.681812148922685 -52.717584160925476 0.25
      vertex 59.94328195447108 -68.47650661631063 0.25
    endloop
  endfacet
  facet normal 0.35679133466528057 0.9341841057884511 0
    outer loop
      vertex 60.00230003956951 -68.49904729241632 -2
      vertex 60.32854388654232 -68.623649045825 0.25
      vertex 60.32854388654232 -68.623649045825 -2
    endloop
  endfacet
  facet normal -0.819152044416491 0.5735764361689584 0
    outer loop
      vertex 60.32854388654232 -68.623649045825 -2
      vertex 60.58471072329887 -68.25780488834462 0.25
      vertex 60.58471072329887 -68.25780488834462 -2
    endloop
  endfacet
  facet normal -0.8191520444164926 0.5735764361689561 0
    outer loop
      vertex 62.37572442959064 -65.69997223244607 -2
      vertex 72.373649045825 -51.42145611345768 0.25
      vertex 72.373649045825 -51.42145611345768 -2
    endloop
  endfacet
  facet normal -0.582862415744257 -0.8125708611024449 0
    outer loop
      vertex 72.373649045825 -51.42145611345768 -2
      vertex 72.3702715113759 -51.419033385813236 0.25
      vertex 72.3702715113759 -51.419033385813236 -2
    endloop
  endfacet
  facet normal 0.35679133466528057 0.9341841057884511 0
    outer loop
      vertex 60.00230003956951 -68.49904729241632 -2
      vertex 60.00230003956951 -68.49904729241632 0.25
      vertex 60.32854388654232 -68.623649045825 0.25
    endloop
  endfacet
  facet normal -0.819152044416491 0.5735764361689584 0
    outer loop
      vertex 60.32854388654232 -68.623649045825 -2
      vertex 60.32854388654232 -68.623649045825 0.25
      vertex 60.58471072329887 -68.25780488834462 0.25
    endloop
  endfacet
  facet normal -0.8191520444164926 0.5735764361689561 0
    outer loop
      vertex 62.37572442959064 -65.69997223244607 -2
      vertex 62.37572442959064 -65.69997223244607 0.25
      vertex 72.373649045825 -51.42145611345768 0.25
    endloop
  endfacet
  facet normal -0.582862415744257 -0.8125708611024449 0
    outer loop
      vertex 72.373649045825 -51.42145611345768 -2
      vertex 72.373649045825 -51.42145611345768 0.25
      vertex 72.3702715113759 -51.419033385813236 0.25
    endloop
  endfacet
  facet normal -0.819152044184122 0.5735764365008157 0
    outer loop
      vertex 72.3702715113759 -51.419033385813236 -2
      vertex 72.3702715113759 -51.419033385813236 0.25
      vertex 81.89913223082922 -37.810409948098375 0.25
    endloop
  endfacet
  facet normal -0.573576436473782 -0.8191520442030512 0
    outer loop
      vertex 62.501322544332105 -20.203913876723142 -2
      vertex 69.02006577011718 -24.768387024526934 -0.4339259085606759
      vertex 62.501322544332105 -20.203913876723142 0.25
    endloop
  endfacet
  facet normal -0.819152044184122 0.5735764365008157 0
    outer loop
      vertex 72.3702715113759 -51.419033385813236 -2
      vertex 81.89913223082922 -37.810409948098375 0.25
      vertex 81.89913223082922 -37.810409948098375 -2
    endloop
  endfacet
  facet normal -0.8191520441841286 0.5735764365008064 0
    outer loop
      vertex 83.6059183370961 -35.372866773446766 -2
      vertex 83.78979542851448 -35.11026307195425 0.25
      vertex 83.78979542851448 -35.11026307195425 -2
    endloop
  endfacet
  facet normal -0.5735764364737904 -0.8191520442030452 0
    outer loop
      vertex 83.37759018562953 -34.82163385350459 -2
      vertex 83.78979542851448 -35.11026307195425 -2
      vertex 83.37759018562953 -34.82163385350459 0.25
    endloop
  endfacet
  facet normal -0.5735764364737823 -0.819152044203051 -4.235141041702901e-15
    outer loop
      vertex 81.02334434464076 -33.17317316831971 -2
      vertex 75.1629535371061 -29.069683346720463 -0.4339259092567769
      vertex 69.02006577011718 -24.768387024526934 -0.4339259085606759
    endloop
  endfacet
  facet normal -0.5735764364737815 -0.8191520442030514 -1.2529103269558041e-15
    outer loop
      vertex 81.02334434464076 -33.17317316831971 -2
      vertex 75.56999121969554 -29.354694200495885 0.25
      vertex 75.1629535371061 -29.069683346720463 -0.4339259092567769
    endloop
  endfacet
  facet normal -0.5735764364737813 -0.8191520442030517 7.440966974775502e-15
    outer loop
      vertex 69.02006577011718 -24.768387024526934 -0.4339259085606759
      vertex 68.6130280883892 -24.4833761713547 0.25
      vertex 62.501322544332105 -20.203913876723142 0.25
    endloop
  endfacet
  facet normal -0.8191520441841286 0.5735764365008064 0
    outer loop
      vertex 83.6059183370961 -35.372866773446766 -2
      vertex 83.6059183370961 -35.372866773446766 0.25
      vertex 83.78979542851448 -35.11026307195425 0.25
    endloop
  endfacet
  facet normal -0.5735764364737904 -0.8191520442030452 0
    outer loop
      vertex 83.78979542851448 -35.11026307195425 -2
      vertex 83.78979542851448 -35.11026307195425 0.25
      vertex 83.37759018562953 -34.82163385350459 0.25
    endloop
  endfacet
  facet normal -0.5735764364737815 -0.8191520442030515 0
    outer loop
      vertex 81.02334434464076 -33.17317316831971 -2
      vertex 81.02334434464076 -33.17317316831971 0.25
      vertex 75.56999121969554 -29.354694200495885 0.25
    endloop
  endfacet
  facet normal 0 0 1
    outer loop
      vertex 11.649624459445477 -50.031792767345905 -2
      vertex 48 30 -2
      vertex 10.5 -30 -2
    endloop
  endfacet
  facet normal 0 0 1
    outer loop
      vertex 8 -27.5 -2
      vertex 9.767766952966369 -28.23223304703363 -2
      vertex 48 30 -2
    endloop
  endfacet
  facet normal 0 0 1
    outer loop
      vertex 10.5 -30 -2
      vertex 48 30 -2
      vertex 9.767766952966369 -28.23223304703363 -2
    endloop
  endfacet
  facet normal 0 0 1
    outer loop
      vertex 11.649624459445477 -50.031792767345905 -2
      vertex 37.5 -32.5 -2
      vertex 48 30 -2
    endloop
  endfacet
  facet normal 0 0 1
    outer loop
      vertex -24.080654233694077 -36.25042486190796 -2
      vertex 44.26776695296637 26.73223304703363 -2
      vertex 42.5 26 -2
    endloop
  endfacet
  facet normal 0 0 1
    outer loop
      vertex 37.5 -32.5 -2
      vertex 38.23223304703363 -30.73223304703363 -2
      vertex 48 30 -2
    endloop
  endfacet
  facet normal 0 0 1
    outer loop
      vertex 38.23223304703363 -30.73223304703363 -2
      vertex 58.73223304703363 -17.23223304703363 -2
      vertex 48 30 -2
    endloop
  endfacet
  facet normal 0 0 1
    outer loop
      vertex -24.080654233694077 -36.25042486190796 -2
      vertex 48 30 -2
      vertex 44.26776695296637 26.73223304703363 -2
    endloop
  endfacet
  facet normal 0 0 1
    outer loop
      vertex 22.5 25.5 -2
      vertex 40.73223304703363 26.73223304703363 -2
      vertex 24.26776695296637 26.23223304703363 -2
    endloop
  endfacet
  facet normal 0 0 1
    outer loop
      vertex 24.26776695296637 26.23223304703363 -2
      vertex 40 28.5 -2
      vertex 25 28 -2
    endloop
  endfacet
  facet normal 0 0 1
    outer loop
      vertex 25 28 -2
      vertex 40.59597449413248 29.938809706563077 -2
      vertex 24.26776695296637 29.76776695296637 -2
    endloop
  endfacet
  facet normal 0 0 1
    outer loop
      vertex 24.182321349956617 29.803159680578155 -2
      vertex 24.26776695296637 29.76776695296637 -2
      vertex 40.59597449413248 29.938809706563077 -2
    endloop
  endfacet
  facet normal 0 0 1
    outer loop
      vertex 22.5 25.5 -2
      vertex 42.5 26 -2
      vertex 40.73223304703363 26.73223304703363 -2
    endloop
  endfacet
  facet normal 0 0 1
    outer loop
      vertex 24.26776695296637 26.23223304703363 -2
      vertex 40.73223304703363 26.73223304703363 -2
      vertex 40 28.5 -2
    endloop
  endfacet
  facet normal 0 0 1
    outer loop
      vertex 25 28 -2
      vertex 40 28.5 -2
      vertex 40.59597449413248 29.938809706563077 -2
    endloop
  endfacet
  facet normal 0 0 1
    outer loop
      vertex 44.26776695296637 26.73223304703363 -2
      vertex 48 30 -2
      vertex 45 28.5 -2
    endloop
  endfacet
  facet normal 0 0 1
    outer loop
      vertex 45 28.5 -2
      vertex 48 30 -2
      vertex 44.39103405841677 29.970173835193528 -2
    endloop
  endfacet
  facet normal 0 0 1
    outer loop
      vertex 62.51637547298399 -17.832427107781662 -2
      vertex 66.5 -11.5 -2
      vertex 62.26776695296637 -17.23223304703363 -2
    endloop
  endfacet
  facet normal 0 0 1
    outer loop
      vertex 62.26776695296637 -17.23223304703363 -2
      vertex 66.5 -11.5 -2
      vertex 64.73223304703363 -10.767766952966369 -2
    endloop
  endfacet
  facet normal 0 0 1
    outer loop
      vertex 62.51637547298399 -17.832427107781662 -2
      vertex 67.13438192680947 -11.237230402191141 -2
      vertex 66.5 -11.5 -2
    endloop
  endfacet
  facet normal 0 0 1
    outer loop
      vertex 62.26776695296637 -17.23223304703363 -2
      vertex 64.73223304703363 -10.767766952966369 -2
      vertex 64 -9 -2
    endloop
  endfacet
  facet normal 0 0 1
    outer loop
      vertex 48 30 -2
      vertex 58.73223304703363 -17.23223304703363 -2
      vertex 60.5 -16.5 -2
    endloop
  endfacet
  facet normal 0 0 1
    outer loop
      vertex 48 30 -2
      vertex 60.5 -16.5 -2
      vertex 62.26776695296637 -17.23223304703363 -2
    endloop
  endfacet
  facet normal 0 0 1
    outer loop
      vertex 48 30 -2
      vertex 62.26776695296637 -17.23223304703363 -2
      vertex 64 -9 -2
    endloop
  endfacet
  facet normal 0 0 1
    outer loop
      vertex 48 30 -2
      vertex 64 -9 -2
      vertex 64.73223304703363 -7.232233047033631 -2
    endloop
  endfacet
  facet normal 0 0 1
    outer loop
      vertex 48 30 -2
      vertex 64.73223304703363 -7.232233047033631 -2
      vertex 66.5 -6.5 -2
    endloop
  endfacet
  facet normal 0 0 1
    outer loop
      vertex 68 -7.121320343559643 -2
      vertex 66.5 26 -2
      vertex 66.5 -6.5 -2
    endloop
  endfacet
  facet normal 0 0 1
    outer loop
      vertex 48 30 -2
      vertex 66.5 -6.5 -2
      vertex 64 28.5 -2
    endloop
  endfacet
  facet normal 0 0 1
    outer loop
      vertex 66.5 -6.5 -2
      vertex 66.5 26 -2
      vertex 64.73223304703363 26.73223304703363 -2
    endloop
  endfacet
  facet normal 0 0 1
    outer loop
      vertex 68 -7.121320343559643 -2
      vertex 68 26.621320343559642 -2
      vertex 66.5 26 -2
    endloop
  endfacet
  facet normal 0 0 1
    outer loop
      vertex 66.5 -6.5 -2
      vertex 64.73223304703363 26.73223304703363 -2
      vertex 64 28.5 -2
    endloop
  endfacet
  facet normal 0 0 1
    outer loop
      vertex 48 30 -2
      vertex 64 28.5 -2
      vertex 64.62132034355965 30 -2
    endloop
  endfacet
  facet normal 0 -1 0
    outer loop
      vertex 48 30 -2
      vertex 64.62132034355965 30 -2
      vertex 50.74449113624381 30 -0.4339259085606759
    endloop
  endfacet
  facet normal 0.008264180587409272 -0.9999658510765348 0
    outer loop
      vertex 24.182321349956617 29.803159680578155 -2
      vertex 40.59597449413248 29.938809706563077 -2
      vertex 24.182321349956617 29.803159680578155 0.25
    endloop
  endfacet
  facet normal 0.008264180587409216 -0.9999658510765349 0
    outer loop
      vertex 44.39103405841677 29.970173835193528 -2
      vertex 48 30 -2
      vertex 44.39103405841677 29.970173835193528 0.25
    endloop
  endfacet
  facet normal 0 -1 0
    outer loop
      vertex 48 30 -2
      vertex 50.74449113624381 30 -0.4339259085606759
      vertex 48 30 0.25
    endloop
  endfacet
  facet normal 0.008264180587409272 -0.9999658510765348 0
    outer loop
      vertex 40.59597449413248 29.938809706563077 -2
      vertex 40.59597449413248 29.938809706563077 0.25
      vertex 24.182321349956617 29.803159680578155 0.25
    endloop
  endfacet
  facet normal 0.008264180587409216 -0.9999658510765349 0
    outer loop
      vertex 48 30 -2
      vertex 48 30 0.25
      vertex 44.39103405841677 29.970173835193528 0.25
    endloop
  endfacet
  facet normal 0 -1 0
    outer loop
      vertex 50.74449113624381 30 -0.4339259085606759
      vertex 50.247589877669775 30 0.25
      vertex 48 30 0.25
    endloop
  endfacet
  facet normal -0.8191520440208326 0.5735764367340169 0
    outer loop
      vertex 62.51637547298399 -17.832427107781662 -2
      vertex 67.13438192680947 -11.237230402191141 0.25
      vertex 67.13438192680947 -11.237230402191141 -2
    endloop
  endfacet
  facet normal -0.8191520440208326 0.5735764367340169 0
    outer loop
      vertex 62.51637547298399 -17.832427107781662 -2
      vertex 62.51637547298399 -17.832427107781662 0.25
      vertex 67.13438192680947 -11.237230402191141 0.25
    endloop
  endfacet
  facet normal -1 0 0
    outer loop
      vertex 68 -7.121320343559643 -2
      vertex 68 -7.121320343559643 0.25
      vertex 68 26.621320343559642 0.25
    endloop
  endfacet
  facet normal -1 0 0
    outer loop
      vertex 68 -7.121320343559643 -2
      vertex 68 26.621320343559642 0.25
      vertex 68 26.621320343559642 -2
    endloop
  endfacet
  facet normal 0 -1 0
    outer loop
      vertex 50.74449113624381 30 -0.4339259085606759
      vertex 64.62132034355965 30 -2
      vertex 58.24357242458425 30 -0.4339259092567769
    endloop
  endfacet
  facet normal 0 -1 0
    outer loop
      vertex 64.62132034355965 30 -2
      vertex 58.74047368420991 30 0.25
      vertex 58.24357242458425 30 -0.4339259092567769
    endloop
  endfacet
  facet normal 0 -1 0
    outer loop
      vertex 64.62132034355965 30 -2
      vertex 64.62132034355965 30 0.25
      vertex 58.74047368420991 30 0.25
    endloop
  endfacet
  facet normal -0.9238795325112867 -0.3826834323650897 -2.6678853512305154e-15
    outer loop
      vertex -50.76776695296637 -36.26776695296637 -3
      vertex -51.189571717645975 -35.24944016940327 -2.8477590650225735
      vertex -51.5 -34.5 -3
    endloop
  endfacet
  facet normal 0 0 -1
    outer loop
      vertex -50.76776695296637 -36.26776695296637 -3
      vertex -51.5 -34.5 -3
      vertex -49.9 -36.05884572681199 -3
    endloop
  endfacet
  facet normal -0.3826834323650897 -0.9238795325112867 0
    outer loop
      vertex -50.76776695296637 -36.26776695296637 -3
      vertex -49 -37 -2.8477590650225735
      vertex -50.76776695296637 -36.26776695296637 -2.8477590650225735
    endloop
  endfacet
  facet normal -0.9238795325112867 -0.3826834323650901 0
    outer loop
      vertex -50.76776695296637 -36.26776695296637 -3
      vertex -50.76776695296637 -36.26776695296637 -2.8477590650225735
      vertex -51.189571717645975 -35.24944016940327 -2.8477590650225735
    endloop
  endfacet
  facet normal 0 0 -1
    outer loop
      vertex -50.76776695296637 -36.26776695296637 -3
      vertex -49.9 -36.05884572681199 -3
      vertex -49 -37 -3
    endloop
  endfacet
  facet normal 0 0 -1
    outer loop
      vertex -49 -37 -3
      vertex -49.9 -36.05884572681199 -3
      vertex -48.1 -36.05884572681199 -3
    endloop
  endfacet
  facet normal -0.3826834323650897 -0.9238795325112867 0
    outer loop
      vertex -50.76776695296637 -36.26776695296637 -3
      vertex -49 -37 -3
      vertex -49 -37 -2.8477590650225735
    endloop
  endfacet
  facet normal 0 0 -1
    outer loop
      vertex -49 -37 -3
      vertex -48.1 -36.05884572681199 -3
      vertex -47.23223304703363 -36.26776695296637 -3
    endloop
  endfacet
  facet normal 0.3826834323650897 -0.9238795325112867 0
    outer loop
      vertex -49 -37 -3
      vertex -47.23223304703363 -36.26776695296637 -2.8477590650225735
      vertex -49 -37 -2.8477590650225735
    endloop
  endfacet
  facet normal 0 0 -1
    outer loop
      vertex -49.9 -36.05884572681199 -3
      vertex -51.5 -34.5 -3
      vertex -50.8 -34.5 -3
    endloop
  endfacet
  facet normal 0 0 -1
    outer loop
      vertex -51.5 -34.5 -3
      vertex -50.76776695296637 -32.73223304703363 -3
      vertex -50.8 -34.5 -3
    endloop
  endfacet
  facet normal -0.9238795325112867 0.3826834323650897 -2.6678853512305154e-15
    outer loop
      vertex -51.5 -34.5 -3
      vertex -51.189571717645975 -33.75055983059673 -2.8477590650225735
      vertex -50.76776695296637 -32.73223304703363 -3
    endloop
  endfacet
  facet normal 0 0 -1
    outer loop
      vertex -50.8 -34.5 -3
      vertex -50.76776695296637 -32.73223304703363 -3
      vertex -49.9 -32.94115427318801 -3
    endloop
  endfacet
  facet normal -0.3826834323650897 0.9238795325112867 0
    outer loop
      vertex -50.76776695296637 -32.73223304703363 -3
      vertex -50.76776695296637 -32.73223304703363 -2.8477590650225735
      vertex -49 -32 -3
    endloop
  endfacet
  facet normal -0.9238795325112867 0.3826834323650901 0
    outer loop
      vertex -51.189571717645975 -33.75055983059673 -2.8477590650225735
      vertex -50.76776695296637 -32.73223304703363 -2.8477590650225735
      vertex -50.76776695296637 -32.73223304703363 -3
    endloop
  endfacet
  facet normal 0 0 -1
    outer loop
      vertex -50.76776695296637 -32.73223304703363 -3
      vertex -49 -32 -3
      vertex -49.9 -32.94115427318801 -3
    endloop
  endfacet
  facet normal 0 0 -1
    outer loop
      vertex -49.9 -32.94115427318801 -3
      vertex -49 -32 -3
      vertex -48.1 -32.94115427318801 -3
    endloop
  endfacet
  facet normal 0 0 -1
    outer loop
      vertex -48.1 -32.94115427318801 -3
      vertex -49 -32 -3
      vertex -47.23223304703363 -32.73223304703363 -3
    endloop
  endfacet
  facet normal 0.3826834323650897 0.9238795325112867 0
    outer loop
      vertex -47.23223304703363 -32.73223304703363 -3
      vertex -49 -32 -3
      vertex -49 -32 -2.8477590650225735
    endloop
  endfacet
  facet normal -0.3826834323650897 0.9238795325112867 0
    outer loop
      vertex -50.76776695296637 -32.73223304703363 -2.8477590650225735
      vertex -49 -32 -2.8477590650225735
      vertex -49 -32 -3
    endloop
  endfacet
  facet normal 0.3826834323650897 -0.9238795325112867 0
    outer loop
      vertex -49 -37 -3
      vertex -47.23223304703363 -36.26776695296637 -3
      vertex -47.23223304703363 -36.26776695296637 -2.8477590650225735
    endloop
  endfacet
  facet normal 0 0 -1
    outer loop
      vertex -48.1 -36.05884572681199 -3
      vertex -47.2 -34.5 -3
      vertex -47.23223304703363 -36.26776695296637 -3
    endloop
  endfacet
  facet normal 0.9238795325112867 -0.3826834323650897 0
    outer loop
      vertex -47.23223304703363 -36.26776695296637 -3
      vertex -46.5 -34.5 -2.8477590650225735
      vertex -47.23223304703363 -36.26776695296637 -2.8477590650225735
    endloop
  endfacet
  facet normal 0 0 -1
    outer loop
      vertex -47.23223304703363 -36.26776695296637 -3
      vertex -47.2 -34.5 -3
      vertex -46.5 -34.5 -3
    endloop
  endfacet
  facet normal 0 0 -1
    outer loop
      vertex -48.1 -32.94115427318801 -3
      vertex -46.5 -34.5 -3
      vertex -47.2 -34.5 -3
    endloop
  endfacet
  facet normal 0.9238795325112867 -0.3826834323650897 0
    outer loop
      vertex -47.23223304703363 -36.26776695296637 -3
      vertex -46.5 -34.5 -3
      vertex -46.5 -34.5 -2.8477590650225735
    endloop
  endfacet
  facet normal 0.9238795325112867 0.3826834323650897 0
    outer loop
      vertex -46.5 -34.5 -3
      vertex -47.23223304703363 -32.73223304703363 -2.8477590650225735
      vertex -46.5 -34.5 -2.8477590650225735
    endloop
  endfacet
  facet normal 0 0 -1
    outer loop
      vertex -48.1 -32.94115427318801 -3
      vertex -47.23223304703363 -32.73223304703363 -3
      vertex -46.5 -34.5 -3
    endloop
  endfacet
  facet normal 0.9238795325112867 0.3826834323650897 0
    outer loop
      vertex -46.5 -34.5 -3
      vertex -47.23223304703363 -32.73223304703363 -3
      vertex -47.23223304703363 -32.73223304703363 -2.8477590650225735
    endloop
  endfacet
  facet normal 0.3826834323650897 0.9238795325112867 0
    outer loop
      vertex -47.23223304703363 -32.73223304703363 -3
      vertex -49 -32 -2.8477590650225735
      vertex -47.23223304703363 -32.73223304703363 -2.8477590650225735
    endloop
  endfacet
  facet normal -0.923879532511287 -0.3826834323650893 0
    outer loop
      vertex -51.5 -34.5 -3
      vertex -51.189571717645975 -35.24944016940327 -2.8477590650225735
      vertex -51.5 -34.5 -2.503209665578012
    endloop
  endfacet
  facet normal -0.923879532511287 0.3826834323650893 0
    outer loop
      vertex -51.5 -34.5 -3
      vertex -51.5 -34.5 -2.503209665578012
      vertex -51.189571717645975 -33.75055983059673 -2.8477590650225735
    endloop
  endfacet
  facet normal -0.38268343236508817 -0.9238795325112874 0
    outer loop
      vertex -50.20710678118654 -36.5 -2
      vertex -50.5 -36.378679656440355 0.25
      vertex -50.5 -36.378679656440355 -2
    endloop
  endfacet
  facet normal -0.3826834323650913 0.9238795325112861 0
    outer loop
      vertex -50.5 -32.621320343559645 -2
      vertex -49 -32 0.25
      vertex -49 -32 -2
    endloop
  endfacet
  facet normal 0.38268343236508884 -0.9238795325112871 0
    outer loop
      vertex -47.792893218813454 -36.5 -2
      vertex -47.23223304703363 -36.26776695296637 -2
      vertex -47.792893218813454 -36.5 0.25
    endloop
  endfacet
  facet normal 0.9238795325112867 -0.38268343236508967 0
    outer loop
      vertex -47.23223304703363 -36.26776695296637 -2
      vertex -46.5 -34.5 -2
      vertex -47.23223304703363 -36.26776695296637 0.25
    endloop
  endfacet
  facet normal 0.9238795325112867 0.38268343236508967 0
    outer loop
      vertex -46.5 -34.5 -2
      vertex -47.23223304703363 -32.73223304703363 -2
      vertex -46.5 -34.5 0.25
    endloop
  endfacet
  facet normal 0.38268343236508967 0.9238795325112867 0
    outer loop
      vertex -47.23223304703363 -32.73223304703363 -2
      vertex -49 -32 -2
      vertex -47.23223304703363 -32.73223304703363 0.25
    endloop
  endfacet
  facet normal -0.38268343236508817 -0.9238795325112874 0
    outer loop
      vertex -50.20710678118654 -36.5 -2
      vertex -50.20710678118654 -36.5 0.25
      vertex -50.5 -36.378679656440355 0.25
    endloop
  endfacet
  facet normal -0.3826834323650913 0.9238795325112861 0
    outer loop
      vertex -50.5 -32.621320343559645 -2
      vertex -50.5 -32.621320343559645 0.25
      vertex -49 -32 0.25
    endloop
  endfacet
  facet normal 0.38268343236508967 0.9238795325112867 0
    outer loop
      vertex -49 -32 -2
      vertex -49 -32 0.25
      vertex -47.23223304703363 -32.73223304703363 0.25
    endloop
  endfacet
  facet normal 0.38268343236508884 -0.9238795325112871 0
    outer loop
      vertex -47.23223304703363 -36.26776695296637 -2
      vertex -47.23223304703363 -36.26776695296637 0.25
      vertex -47.792893218813454 -36.5 0.25
    endloop
  endfacet
  facet normal 0.9238795325112867 -0.38268343236508967 0
    outer loop
      vertex -46.5 -34.5 -2
      vertex -46.5 -34.5 0.25
      vertex -47.23223304703363 -36.26776695296637 0.25
    endloop
  endfacet
  facet normal 0.9238795325112867 0.38268343236508967 0
    outer loop
      vertex -47.23223304703363 -32.73223304703363 -2
      vertex -47.23223304703363 -32.73223304703363 0.25
      vertex -46.5 -34.5 0.25
    endloop
  endfacet
  facet normal -0.3826834323650897 -0.9238795325112867 0
    outer loop
      vertex -50.76776695296637 18.73223304703363 -3
      vertex -49 18 -2.8477590650225735
      vertex -50.76776695296637 18.73223304703363 -2.8477590650225735
    endloop
  endfacet
  facet normal 0 0 -1
    outer loop
      vertex -50.76776695296637 18.73223304703363 -3
      vertex -49.9 18.941154273188012 -3
      vertex -49 18 -3
    endloop
  endfacet
  facet normal 0 0 -1
    outer loop
      vertex -49 18 -3
      vertex -49.9 18.941154273188012 -3
      vertex -48.1 18.941154273188012 -3
    endloop
  endfacet
  facet normal -0.3826834323650897 -0.9238795325112867 0
    outer loop
      vertex -50.76776695296637 18.73223304703363 -3
      vertex -49 18 -3
      vertex -49 18 -2.8477590650225735
    endloop
  endfacet
  facet normal 0 0 -1
    outer loop
      vertex -49 18 -3
      vertex -48.1 18.941154273188012 -3
      vertex -47.23223304703363 18.73223304703363 -3
    endloop
  endfacet
  facet normal 0.3826834323650897 -0.9238795325112867 0
    outer loop
      vertex -49 18 -3
      vertex -47.23223304703363 18.73223304703363 -2.8477590650225735
      vertex -49 18 -2.8477590650225735
    endloop
  endfacet
  facet normal 0.3826834323650897 -0.9238795325112867 0
    outer loop
      vertex -49 18 -3
      vertex -47.23223304703363 18.73223304703363 -3
      vertex -47.23223304703363 18.73223304703363 -2.8477590650225735
    endloop
  endfacet
  facet normal -0.9238795325112867 -0.3826834323650897 -2.6678853512305154e-15
    outer loop
      vertex -50.76776695296637 18.73223304703363 -3
      vertex -51.189571717645975 19.75055983059673 -2.8477590650225735
      vertex -51.5 20.5 -3
    endloop
  endfacet
  facet normal 0 0 -1
    outer loop
      vertex -50.76776695296637 18.73223304703363 -3
      vertex -51.5 20.5 -3
      vertex -49.9 18.941154273188012 -3
    endloop
  endfacet
  facet normal 0 0 -1
    outer loop
      vertex -49.9 18.941154273188012 -3
      vertex -51.5 20.5 -3
      vertex -50.8 20.5 -3
    endloop
  endfacet
  facet normal -0.9238795325112867 -0.3826834323650901 0
    outer loop
      vertex -50.76776695296637 18.73223304703363 -3
      vertex -50.76776695296637 18.73223304703363 -2.8477590650225735
      vertex -51.189571717645975 19.75055983059673 -2.8477590650225735
    endloop
  endfacet
  facet normal -0.9238795325112867 0.3826834323650897 -2.6678853512305154e-15
    outer loop
      vertex -51.5 20.5 -3
      vertex -51.189571717645975 21.24944016940327 -2.8477590650225735
      vertex -50.76776695296637 22.26776695296637 -3
    endloop
  endfacet
  facet normal 0 0 -1
    outer loop
      vertex -51.5 20.5 -3
      vertex -50.76776695296637 22.26776695296637 -3
      vertex -50.8 20.5 -3
    endloop
  endfacet
  facet normal 0 0 -1
    outer loop
      vertex -50.8 20.5 -3
      vertex -50.76776695296637 22.26776695296637 -3
      vertex -49.9 22.058845726811988 -3
    endloop
  endfacet
  facet normal -0.9238795325112867 0.3826834323650901 0
    outer loop
      vertex -51.189571717645975 21.24944016940327 -2.8477590650225735
      vertex -50.76776695296637 22.26776695296637 -2.8477590650225735
      vertex -50.76776695296637 22.26776695296637 -3
    endloop
  endfacet
  facet normal -0.3826834323650897 0.9238795325112867 0
    outer loop
      vertex -50.76776695296637 22.26776695296637 -3
      vertex -50.76776695296637 22.26776695296637 -2.8477590650225735
      vertex -49 23 -3
    endloop
  endfacet
  facet normal 0 0 -1
    outer loop
      vertex -49.9 22.058845726811988 -3
      vertex -50.76776695296637 22.26776695296637 -3
      vertex -49 23 -3
    endloop
  endfacet
  facet normal 0 0 -1
    outer loop
      vertex -49.9 22.058845726811988 -3
      vertex -49 23 -3
      vertex -48.1 22.058845726811988 -3
    endloop
  endfacet
  facet normal 0 0 -1
    outer loop
      vertex -48.1 22.058845726811988 -3
      vertex -49 23 -3
      vertex -47.23223304703363 22.26776695296637 -3
    endloop
  endfacet
  facet normal 0.3826834323650897 0.9238795325112867 0
    outer loop
      vertex -49 23 -3
      vertex -49 23 -2.8477590650225735
      vertex -47.23223304703363 22.26776695296637 -3
    endloop
  endfacet
  facet normal -0.3826834323650897 0.9238795325112867 0
    outer loop
      vertex -50.76776695296637 22.26776695296637 -2.8477590650225735
      vertex -49 23 -2.8477590650225735
      vertex -49 23 -3
    endloop
  endfacet
  facet normal 0 0 -1
    outer loop
      vertex -48.1 18.941154273188012 -3
      vertex -47.2 20.5 -3
      vertex -47.23223304703363 18.73223304703363 -3
    endloop
  endfacet
  facet normal 0 0 -1
    outer loop
      vertex -47.23223304703363 18.73223304703363 -3
      vertex -47.2 20.5 -3
      vertex -46.5 20.5 -3
    endloop
  endfacet
  facet normal 0.9238795325112867 -0.3826834323650897 0
    outer loop
      vertex -47.23223304703363 18.73223304703363 -3
      vertex -46.5 20.5 -3
      vertex -46.5 20.5 -2.8477590650225735
    endloop
  endfacet
  facet normal 0.9238795325112867 -0.3826834323650897 0
    outer loop
      vertex -47.23223304703363 18.73223304703363 -3
      vertex -46.5 20.5 -2.8477590650225735
      vertex -47.23223304703363 18.73223304703363 -2.8477590650225735
    endloop
  endfacet
  facet normal 0 0 -1
    outer loop
      vertex -48.1 22.058845726811988 -3
      vertex -46.5 20.5 -3
      vertex -47.2 20.5 -3
    endloop
  endfacet
  facet normal 0 0 -1
    outer loop
      vertex -48.1 22.058845726811988 -3
      vertex -47.23223304703363 22.26776695296637 -3
      vertex -46.5 20.5 -3
    endloop
  endfacet
  facet normal 0.9238795325112867 0.3826834323650897 0
    outer loop
      vertex -46.5 20.5 -3
      vertex -47.23223304703363 22.26776695296637 -3
      vertex -47.23223304703363 22.26776695296637 -2.8477590650225735
    endloop
  endfacet
  facet normal 0.9238795325112867 0.3826834323650897 0
    outer loop
      vertex -46.5 20.5 -3
      vertex -47.23223304703363 22.26776695296637 -2.8477590650225735
      vertex -46.5 20.5 -2.8477590650225735
    endloop
  endfacet
  facet normal 0.3826834323650897 0.9238795325112867 0
    outer loop
      vertex -49 23 -2.8477590650225735
      vertex -47.23223304703363 22.26776695296637 -2.8477590650225735
      vertex -47.23223304703363 22.26776695296637 -3
    endloop
  endfacet
  facet normal -0.923879532511287 -0.3826834323650893 0
    outer loop
      vertex -51.5 20.5 -3
      vertex -51.189571717645975 19.75055983059673 -2.8477590650225735
      vertex -51.5 20.5 -2.503209665578012
    endloop
  endfacet
  facet normal -0.923879532511287 0.3826834323650893 0
    outer loop
      vertex -51.5 20.5 -3
      vertex -51.5 20.5 -2.503209665578012
      vertex -51.189571717645975 21.24944016940327 -2.8477590650225735
    endloop
  endfacet
  facet normal -0.38268343236508945 -0.9238795325112868 0
    outer loop
      vertex -50.5 18.621320343559642 -2
      vertex -49 18 -2
      vertex -50.5 18.621320343559642 0.25
    endloop
  endfacet
  facet normal 0.38268343236508967 -0.9238795325112867 0
    outer loop
      vertex -49 18 -2
      vertex -47.23223304703363 18.73223304703363 -2
      vertex -49 18 0.25
    endloop
  endfacet
  facet normal -0.3826834323650895 0.923879532511287 0
    outer loop
      vertex -50.5 22.378679656440358 -2
      vertex -49.72389166444496 22.700154254898063 0.25
      vertex -49.72389166444496 22.700154254898063 -2
    endloop
  endfacet
  facet normal 0.9238795325112867 -0.38268343236508967 0
    outer loop
      vertex -47.23223304703363 18.73223304703363 -2
      vertex -46.5 20.5 -2
      vertex -47.23223304703363 18.73223304703363 0.25
    endloop
  endfacet
  facet normal 0.9238795325112867 0.38268343236508967 0
    outer loop
      vertex -46.5 20.5 -2
      vertex -47.23223304703363 22.26776695296637 -2
      vertex -46.5 20.5 0.25
    endloop
  endfacet
  facet normal 0.38268343236508984 0.9238795325112867 0
    outer loop
      vertex -48.83163740873336 22.93026193130108 -2
      vertex -47.23223304703363 22.26776695296637 0.25
      vertex -47.23223304703363 22.26776695296637 -2
    endloop
  endfacet
  facet normal -0.38268343236508945 -0.9238795325112868 0
    outer loop
      vertex -49 18 -2
      vertex -49 18 0.25
      vertex -50.5 18.621320343559642 0.25
    endloop
  endfacet
  facet normal 0.38268343236508967 -0.9238795325112867 0
    outer loop
      vertex -47.23223304703363 18.73223304703363 -2
      vertex -47.23223304703363 18.73223304703363 0.25
      vertex -49 18 0.25
    endloop
  endfacet
  facet normal -0.3826834323650895 0.923879532511287 0
    outer loop
      vertex -50.5 22.378679656440358 -2
      vertex -50.5 22.378679656440358 0.25
      vertex -49.72389166444496 22.700154254898063 0.25
    endloop
  endfacet
  facet normal 0.38268343236508984 0.9238795325112867 0
    outer loop
      vertex -48.83163740873336 22.93026193130108 -2
      vertex -48.83163740873336 22.93026193130108 0.25
      vertex -47.23223304703363 22.26776695296637 0.25
    endloop
  endfacet
  facet normal 0.9238795325112867 -0.38268343236508967 0
    outer loop
      vertex -46.5 20.5 -2
      vertex -46.5 20.5 0.25
      vertex -47.23223304703363 18.73223304703363 0.25
    endloop
  endfacet
  facet normal 0.9238795325112867 0.38268343236508967 0
    outer loop
      vertex -47.23223304703363 22.26776695296637 -2
      vertex -47.23223304703363 22.26776695296637 0.25
      vertex -46.5 20.5 0.25
    endloop
  endfacet
  facet normal 0 0 -1
    outer loop
      vertex -16.76776695296637 -39.26776695296637 -3
      vertex -17.5 -37.5 -3
      vertex -15.9 -39.05884572681199 -3
    endloop
  endfacet
  facet normal -0.9238795325112867 -0.3826834323650897 0
    outer loop
      vertex -16.76776695296637 -39.26776695296637 -3
      vertex -16.76776695296637 -39.26776695296637 -2.8477590650225735
      vertex -17.5 -37.5 -3
    endloop
  endfacet
  facet normal 0 0 -1
    outer loop
      vertex -16.76776695296637 -39.26776695296637 -3
      vertex -15.9 -39.05884572681199 -3
      vertex -15 -40 -3
    endloop
  endfacet
  facet normal -0.3826834323650897 -0.9238795325112867 0
    outer loop
      vertex -16.76776695296637 -39.26776695296637 -3
      vertex -15 -40 -3
      vertex -15 -40 -2.8477590650225735
    endloop
  endfacet
  facet normal -0.3826834323650897 -0.9238795325112867 0
    outer loop
      vertex -16.76776695296637 -39.26776695296637 -3
      vertex -15 -40 -2.8477590650225735
      vertex -16.76776695296637 -39.26776695296637 -2.8477590650225735
    endloop
  endfacet
  facet normal 0 0 -1
    outer loop
      vertex -15.9 -39.05884572681199 -3
      vertex -14.1 -39.05884572681199 -3
      vertex -15 -40 -3
    endloop
  endfacet
  facet normal 0 0 -1
    outer loop
      vertex -15 -40 -3
      vertex -14.1 -39.05884572681199 -3
      vertex -13.232233047033631 -39.26776695296637 -3
    endloop
  endfacet
  facet normal 0.3826834323650897 -0.9238795325112867 0
    outer loop
      vertex -15 -40 -3
      vertex -13.232233047033631 -39.26776695296637 -3
      vertex -13.232233047033631 -39.26776695296637 -2.8477590650225735
    endloop
  endfacet
  facet normal 0 0 -1
    outer loop
      vertex -14.1 -39.05884572681199 -3
      vertex -13.2 -37.5 -3
      vertex -13.232233047033631 -39.26776695296637 -3
    endloop
  endfacet
  facet normal 0.3826834323650897 -0.9238795325112867 0
    outer loop
      vertex -15 -40 -3
      vertex -13.232233047033631 -39.26776695296637 -2.8477590650225735
      vertex -15 -40 -2.8477590650225735
    endloop
  endfacet
  facet normal 0.9238795325112867 -0.3826834323650897 0
    outer loop
      vertex -13.232233047033631 -39.26776695296637 -3
      vertex -12.5 -37.5 -2.8477590650225735
      vertex -13.232233047033631 -39.26776695296637 -2.8477590650225735
    endloop
  endfacet
  facet normal 0 0 -1
    outer loop
      vertex -15.9 -39.05884572681199 -3
      vertex -17.5 -37.5 -3
      vertex -16.8 -37.5 -3
    endloop
  endfacet
  facet normal 0 0 -1
    outer loop
      vertex -17.5 -37.5 -3
      vertex -16.76776695296637 -35.73223304703363 -3
      vertex -16.8 -37.5 -3
    endloop
  endfacet
  facet normal -0.9238795325112867 0.3826834323650897 0
    outer loop
      vertex -17.5 -37.5 -3
      vertex -17.5 -37.5 -2.8477590650225735
      vertex -16.76776695296637 -35.73223304703363 -3
    endloop
  endfacet
  facet normal -0.9238795325112867 -0.3826834323650897 0
    outer loop
      vertex -16.76776695296637 -39.26776695296637 -2.8477590650225735
      vertex -17.5 -37.5 -2.8477590650225735
      vertex -17.5 -37.5 -3
    endloop
  endfacet
  facet normal 0 0 -1
    outer loop
      vertex -16.8 -37.5 -3
      vertex -16.76776695296637 -35.73223304703363 -3
      vertex -15.9 -35.94115427318801 -3
    endloop
  endfacet
  facet normal 0 0 -1
    outer loop
      vertex -16.76776695296637 -35.73223304703363 -3
      vertex -15 -35 -3
      vertex -15.9 -35.94115427318801 -3
    endloop
  endfacet
  facet normal -0.3826834323650897 0.9238795325112867 0
    outer loop
      vertex -16.76776695296637 -35.73223304703363 -3
      vertex -16.76776695296637 -35.73223304703363 -2.8477590650225735
      vertex -15 -35 -3
    endloop
  endfacet
  facet normal -0.9238795325112867 0.3826834323650897 0
    outer loop
      vertex -17.5 -37.5 -2.8477590650225735
      vertex -16.76776695296637 -35.73223304703363 -2.8477590650225735
      vertex -16.76776695296637 -35.73223304703363 -3
    endloop
  endfacet
  facet normal 0 0 -1
    outer loop
      vertex -15.9 -35.94115427318801 -3
      vertex -15 -35 -3
      vertex -14.1 -35.94115427318801 -3
    endloop
  endfacet
  facet normal 0 0 -1
    outer loop
      vertex -14.1 -35.94115427318801 -3
      vertex -15 -35 -3
      vertex -13.232233047033631 -35.73223304703363 -3
    endloop
  endfacet
  facet normal 0.3826834323650897 0.9238795325112867 0
    outer loop
      vertex -15 -35 -2.8477590650225735
      vertex -13.232233047033631 -35.73223304703363 -2.8477590650225735
      vertex -13.232233047033631 -35.73223304703363 -3
    endloop
  endfacet
  facet normal -0.3826834323650897 0.9238795325112867 0
    outer loop
      vertex -16.76776695296637 -35.73223304703363 -2.8477590650225735
      vertex -15 -35 -2.8477590650225735
      vertex -15 -35 -3
    endloop
  endfacet
  facet normal 0.3826834323650897 0.9238795325112867 0
    outer loop
      vertex -15 -35 -3
      vertex -15 -35 -2.8477590650225735
      vertex -13.232233047033631 -35.73223304703363 -3
    endloop
  endfacet
  facet normal 0 0 -1
    outer loop
      vertex -13.232233047033631 -39.26776695296637 -3
      vertex -13.2 -37.5 -3
      vertex -12.5 -37.5 -3
    endloop
  endfacet
  facet normal 0.9238795325112867 -0.3826834323650897 0
    outer loop
      vertex -13.232233047033631 -39.26776695296637 -3
      vertex -12.5 -37.5 -3
      vertex -12.5 -37.5 -2.8477590650225735
    endloop
  endfacet
  facet normal 0 0 -1
    outer loop
      vertex -14.1 -35.94115427318801 -3
      vertex -12.5 -37.5 -3
      vertex -13.2 -37.5 -3
    endloop
  endfacet
  facet normal 0.9238795325112867 0.3826834323650897 0
    outer loop
      vertex -12.5 -37.5 -3
      vertex -13.232233047033631 -35.73223304703363 -2.8477590650225735
      vertex -12.5 -37.5 -2.8477590650225735
    endloop
  endfacet
  facet normal 0 0 -1
    outer loop
      vertex -14.1 -35.94115427318801 -3
      vertex -13.232233047033631 -35.73223304703363 -3
      vertex -12.5 -37.5 -3
    endloop
  endfacet
  facet normal 0.9238795325112867 0.3826834323650897 0
    outer loop
      vertex -12.5 -37.5 -3
      vertex -13.232233047033631 -35.73223304703363 -3
      vertex -13.232233047033631 -35.73223304703363 -2.8477590650225735
    endloop
  endfacet
  facet normal 0.38268343236508906 -0.9238795325112871 0
    outer loop
      vertex -14.692978402075912 -39.87282749019838 -2
      vertex -13.232233047033631 -39.26776695296637 -2
      vertex -14.692978402075912 -39.87282749019838 0.25
    endloop
  endfacet
  facet normal 0.9238795325112867 -0.38268343236508967 0
    outer loop
      vertex -13.232233047033631 -39.26776695296637 -2
      vertex -12.5 -37.5 -2
      vertex -13.232233047033631 -39.26776695296637 0.25
    endloop
  endfacet
  facet normal -0.9238795325112863 -0.3826834323650907 0
    outer loop
      vertex -16.864167550376596 -39.035035323277725 -2
      vertex -17.5 -37.5 0.25
      vertex -17.5 -37.5 -2
    endloop
  endfacet
  facet normal -0.9238795325112867 0.38268343236508967 0
    outer loop
      vertex -17.5 -37.5 -2
      vertex -16.76776695296637 -35.73223304703363 0.25
      vertex -16.76776695296637 -35.73223304703363 -2
    endloop
  endfacet
  facet normal 0.38268343236508967 0.9238795325112867 0
    outer loop
      vertex -15 -35 -2
      vertex -13.232233047033631 -35.73223304703363 0.25
      vertex -13.232233047033631 -35.73223304703363 -2
    endloop
  endfacet
  facet normal -0.38268343236508967 0.9238795325112867 0
    outer loop
      vertex -16.76776695296637 -35.73223304703363 -2
      vertex -15 -35 0.25
      vertex -15 -35 -2
    endloop
  endfacet
  facet normal 0.9238795325112867 0.38268343236508967 0
    outer loop
      vertex -12.5 -37.5 -2
      vertex -13.232233047033631 -35.73223304703363 -2
      vertex -12.5 -37.5 0.25
    endloop
  endfacet
  facet normal -0.9238795325112863 -0.3826834323650907 0
    outer loop
      vertex -16.864167550376596 -39.035035323277725 -2
      vertex -16.864167550376596 -39.035035323277725 0.25
      vertex -17.5 -37.5 0.25
    endloop
  endfacet
  facet normal 0.38268343236508906 -0.9238795325112871 0
    outer loop
      vertex -13.232233047033631 -39.26776695296637 -2
      vertex -13.232233047033631 -39.26776695296637 0.25
      vertex -14.692978402075912 -39.87282749019838 0.25
    endloop
  endfacet
  facet normal -0.9238795325112867 0.38268343236508967 0
    outer loop
      vertex -17.5 -37.5 -2
      vertex -17.5 -37.5 0.25
      vertex -16.76776695296637 -35.73223304703363 0.25
    endloop
  endfacet
  facet normal -0.38268343236508967 0.9238795325112867 0
    outer loop
      vertex -16.76776695296637 -35.73223304703363 -2
      vertex -16.76776695296637 -35.73223304703363 0.25
      vertex -15 -35 0.25
    endloop
  endfacet
  facet normal 0.38268343236508967 0.9238795325112867 0
    outer loop
      vertex -15 -35 -2
      vertex -15 -35 0.25
      vertex -13.232233047033631 -35.73223304703363 0.25
    endloop
  endfacet
  facet normal 0.9238795325112867 -0.38268343236508967 0
    outer loop
      vertex -12.5 -37.5 -2
      vertex -12.5 -37.5 0.25
      vertex -13.232233047033631 -39.26776695296637 0.25
    endloop
  endfacet
  facet normal 0.9238795325112867 0.38268343236508967 0
    outer loop
      vertex -13.232233047033631 -35.73223304703363 -2
      vertex -13.232233047033631 -35.73223304703363 0.25
      vertex -12.5 -37.5 0.25
    endloop
  endfacet
  facet normal 0 0 -1
    outer loop
      vertex 16.23223304703363 -52.26776695296637 -3
      vertex 15.5 -50.5 -3
      vertex 17.1 -52.05884572681199 -3
    endloop
  endfacet
  facet normal -0.9238795325112867 -0.3826834323650897 0
    outer loop
      vertex 16.23223304703363 -52.26776695296637 -3
      vertex 16.23223304703363 -52.26776695296637 -2.8477590650225735
      vertex 15.5 -50.5 -2.8477590650225735
    endloop
  endfacet
  facet normal 0 0 -1
    outer loop
      vertex 15.5 -50.5 -3
      vertex 16.2 -50.5 -3
      vertex 17.1 -52.05884572681199 -3
    endloop
  endfacet
  facet normal -0.9238795325112867 -0.3826834323650897 0
    outer loop
      vertex 16.23223304703363 -52.26776695296637 -3
      vertex 15.5 -50.5 -2.8477590650225735
      vertex 15.5 -50.5 -3
    endloop
  endfacet
  facet normal 0 0 -1
    outer loop
      vertex 15.5 -50.5 -3
      vertex 16.23223304703363 -48.73223304703363 -3
      vertex 16.2 -50.5 -3
    endloop
  endfacet
  facet normal -0.9238795325112867 0.3826834323650897 0
    outer loop
      vertex 15.5 -50.5 -3
      vertex 15.5 -50.5 -2.8477590650225735
      vertex 16.23223304703363 -48.73223304703363 -3
    endloop
  endfacet
  facet normal 0 0 -1
    outer loop
      vertex 16.2 -50.5 -3
      vertex 16.23223304703363 -48.73223304703363 -3
      vertex 17.1 -48.94115427318801 -3
    endloop
  endfacet
  facet normal -0.9238795325112867 0.3826834323650897 0
    outer loop
      vertex 15.5 -50.5 -2.8477590650225735
      vertex 16.23223304703363 -48.73223304703363 -2.8477590650225735
      vertex 16.23223304703363 -48.73223304703363 -3
    endloop
  endfacet
  facet normal -0.9238795325112868 -0.3826834323650896 0
    outer loop
      vertex 15.99321820671935 -51.69073408387119 -2
      vertex 15.5 -50.5 0.25
      vertex 15.5 -50.5 -2
    endloop
  endfacet
  facet normal -0.9238795325112867 0.38268343236508967 0
    outer loop
      vertex 15.5 -50.5 -2
      vertex 16.23223304703363 -48.73223304703363 0.25
      vertex 16.23223304703363 -48.73223304703363 -2
    endloop
  endfacet
  facet normal -0.9238795325112868 -0.3826834323650896 0
    outer loop
      vertex 15.99321820671935 -51.69073408387119 -2
      vertex 15.99321820671935 -51.69073408387119 0.25
      vertex 15.5 -50.5 0.25
    endloop
  endfacet
  facet normal -0.9238795325112867 0.38268343236508967 0
    outer loop
      vertex 15.5 -50.5 -2
      vertex 15.5 -50.5 0.25
      vertex 16.23223304703363 -48.73223304703363 0.25
    endloop
  endfacet
  facet normal 0 0 -1
    outer loop
      vertex 16.23223304703363 -52.26776695296637 -3
      vertex 17.1 -52.05884572681199 -3
      vertex 18 -53 -3
    endloop
  endfacet
  facet normal -0.3826834323650897 -0.9238795325112867 0
    outer loop
      vertex 16.23223304703363 -52.26776695296637 -3
      vertex 18 -53 -3
      vertex 18 -53 -2.8477590650225735
    endloop
  endfacet
  facet normal 0 0 -1
    outer loop
      vertex 18 -53 -3
      vertex 17.1 -52.05884572681199 -3
      vertex 18.9 -52.05884572681199 -3
    endloop
  endfacet
  facet normal 0 0 -1
    outer loop
      vertex 18 -53 -3
      vertex 18.9 -52.05884572681199 -3
      vertex 19.76776695296637 -52.26776695296637 -3
    endloop
  endfacet
  facet normal -0.3826834323650897 -0.9238795325112867 0
    outer loop
      vertex 16.23223304703363 -52.26776695296637 -3
      vertex 18 -53 -2.8477590650225735
      vertex 16.23223304703363 -52.26776695296637 -2.8477590650225735
    endloop
  endfacet
  facet normal 0.3826834323650897 -0.9238795325112867 0
    outer loop
      vertex 18 -53 -3
      vertex 19.76776695296637 -52.26776695296637 -2.8477590650225735
      vertex 18 -53 -2.8477590650225735
    endloop
  endfacet
  facet normal 0.3826834323650897 -0.9238795325112867 0
    outer loop
      vertex 18 -53 -3
      vertex 19.76776695296637 -52.26776695296637 -3
      vertex 19.76776695296637 -52.26776695296637 -2.8477590650225735
    endloop
  endfacet
  facet normal 0 0 -1
    outer loop
      vertex 18.9 -52.05884572681199 -3
      vertex 19.8 -50.5 -3
      vertex 19.76776695296637 -52.26776695296637 -3
    endloop
  endfacet
  facet normal 0.9238795325112867 -0.3826834323650897 0
    outer loop
      vertex 19.76776695296637 -52.26776695296637 -3
      vertex 20.5 -50.5 -2.8477590650225735
      vertex 19.76776695296637 -52.26776695296637 -2.8477590650225735
    endloop
  endfacet
  facet normal 0 0 -1
    outer loop
      vertex 16.23223304703363 -48.73223304703363 -3
      vertex 18 -48 -3
      vertex 17.1 -48.94115427318801 -3
    endloop
  endfacet
  facet normal -0.3826834323650897 0.9238795325112867 0
    outer loop
      vertex 16.23223304703363 -48.73223304703363 -3
      vertex 16.23223304703363 -48.73223304703363 -2.8477590650225735
      vertex 18 -48 -3
    endloop
  endfacet
  facet normal 0 0 -1
    outer loop
      vertex 17.1 -48.94115427318801 -3
      vertex 18 -48 -3
      vertex 18.9 -48.94115427318801 -3
    endloop
  endfacet
  facet normal 0 0 -1
    outer loop
      vertex 18.9 -48.94115427318801 -3
      vertex 18 -48 -3
      vertex 19.76776695296637 -48.73223304703363 -3
    endloop
  endfacet
  facet normal 0.3826834323650897 0.9238795325112867 0
    outer loop
      vertex 19.76776695296637 -48.73223304703363 -3
      vertex 18 -48 -3
      vertex 18 -48 -2.8477590650225735
    endloop
  endfacet
  facet normal -0.3826834323650897 0.9238795325112867 0
    outer loop
      vertex 16.23223304703363 -48.73223304703363 -2.8477590650225735
      vertex 18 -48 -2.8477590650225735
      vertex 18 -48 -3
    endloop
  endfacet
  facet normal 0 0 -1
    outer loop
      vertex 19.8 -50.5 -3
      vertex 18.9 -48.94115427318801 -3
      vertex 20.5 -50.5 -3
    endloop
  endfacet
  facet normal 0 0 -1
    outer loop
      vertex 19.76776695296637 -52.26776695296637 -3
      vertex 19.8 -50.5 -3
      vertex 20.5 -50.5 -3
    endloop
  endfacet
  facet normal 0.9238795325112867 -0.3826834323650897 0
    outer loop
      vertex 19.76776695296637 -52.26776695296637 -3
      vertex 20.5 -50.5 -3
      vertex 20.5 -50.5 -2.8477590650225735
    endloop
  endfacet
  facet normal 0.9238795325112867 0.3826834323650897 0
    outer loop
      vertex 20.5 -50.5 -3
      vertex 19.76776695296637 -48.73223304703363 -2.8477590650225735
      vertex 20.5 -50.5 -2.8477590650225735
    endloop
  endfacet
  facet normal 0 0 -1
    outer loop
      vertex 20.5 -50.5 -3
      vertex 18.9 -48.94115427318801 -3
      vertex 19.76776695296637 -48.73223304703363 -3
    endloop
  endfacet
  facet normal 0.9238795325112867 0.3826834323650897 0
    outer loop
      vertex 20.5 -50.5 -3
      vertex 19.76776695296637 -48.73223304703363 -3
      vertex 19.76776695296637 -48.73223304703363 -2.8477590650225735
    endloop
  endfacet
  facet normal 0.3826834323650897 0.9238795325112867 0
    outer loop
      vertex 19.76776695296637 -48.73223304703363 -3
      vertex 18 -48 -2.8477590650225735
      vertex 19.76776695296637 -48.73223304703363 -2.8477590650225735
    endloop
  endfacet
  facet normal 0.3826834323650872 -0.9238795325112878 0
    outer loop
      vertex 18.681812148922685 -52.717584160925476 -2
      vertex 19.76776695296637 -52.26776695296637 -2
      vertex 18.681812148922685 -52.717584160925476 0.25
    endloop
  endfacet
  facet normal 0.9238795325112867 -0.38268343236508967 0
    outer loop
      vertex 19.76776695296637 -52.26776695296637 -2
      vertex 20.5 -50.5 -2
      vertex 19.76776695296637 -52.26776695296637 0.25
    endloop
  endfacet
  facet normal -0.38268343236508967 0.9238795325112867 0
    outer loop
      vertex 16.23223304703363 -48.73223304703363 -2
      vertex 18 -48 0.25
      vertex 18 -48 -2
    endloop
  endfacet
  facet normal 0.9238795325112867 0.38268343236508967 0
    outer loop
      vertex 20.5 -50.5 -2
      vertex 19.76776695296637 -48.73223304703363 -2
      vertex 20.5 -50.5 0.25
    endloop
  endfacet
  facet normal 0.38268343236508967 0.9238795325112867 0
    outer loop
      vertex 19.76776695296637 -48.73223304703363 -2
      vertex 18 -48 -2
      vertex 19.76776695296637 -48.73223304703363 0.25
    endloop
  endfacet
  facet normal 0.3826834323650872 -0.9238795325112878 0
    outer loop
      vertex 19.76776695296637 -52.26776695296637 -2
      vertex 19.76776695296637 -52.26776695296637 0.25
      vertex 18.681812148922685 -52.717584160925476 0.25
    endloop
  endfacet
  facet normal -0.38268343236508967 0.9238795325112867 0
    outer loop
      vertex 16.23223304703363 -48.73223304703363 -2
      vertex 16.23223304703363 -48.73223304703363 0.25
      vertex 18 -48 0.25
    endloop
  endfacet
  facet normal 0.38268343236508967 0.9238795325112867 0
    outer loop
      vertex 18 -48 -2
      vertex 18 -48 0.25
      vertex 19.76776695296637 -48.73223304703363 0.25
    endloop
  endfacet
  facet normal 0.9238795325112867 -0.38268343236508967 0
    outer loop
      vertex 20.5 -50.5 -2
      vertex 20.5 -50.5 0.25
      vertex 19.76776695296637 -52.26776695296637 0.25
    endloop
  endfacet
  facet normal 0.9238795325112867 0.38268343236508967 0
    outer loop
      vertex 19.76776695296637 -48.73223304703363 -2
      vertex 19.76776695296637 -48.73223304703363 0.25
      vertex 20.5 -50.5 0.25
    endloop
  endfacet
  facet normal -0.3826834323650897 -0.9238795325112867 0
    outer loop
      vertex 58.23223304703363 -67.76776695296637 -3
      vertex 60 -68.5 -3
      vertex 60 -68.5 -2.8477590650225735
    endloop
  endfacet
  facet normal 0 0 -1
    outer loop
      vertex 58.23223304703363 -67.76776695296637 -3
      vertex 59.1 -67.558845726812 -3
      vertex 60 -68.5 -3
    endloop
  endfacet
  facet normal -0.3826834323650897 -0.9238795325112867 0
    outer loop
      vertex 58.23223304703363 -67.76776695296637 -3
      vertex 60 -68.5 -2.8477590650225735
      vertex 58.23223304703363 -67.76776695296637 -2.8477590650225735
    endloop
  endfacet
  facet normal 0 0 -1
    outer loop
      vertex 58.23223304703363 -67.76776695296637 -3
      vertex 57.5 -66 -3
      vertex 59.1 -67.558845726812 -3
    endloop
  endfacet
  facet normal 0 0 -1
    outer loop
      vertex 59.1 -67.558845726812 -3
      vertex 57.5 -66 -3
      vertex 58.2 -66 -3
    endloop
  endfacet
  facet normal -0.9238795325112867 -0.3826834323650897 0
    outer loop
      vertex 58.23223304703363 -67.76776695296637 -3
      vertex 58.23223304703363 -67.76776695296637 -2.8477590650225735
      vertex 57.5 -66 -3
    endloop
  endfacet
  facet normal -0.9238795325112867 -0.3826834323650897 0
    outer loop
      vertex 58.23223304703363 -67.76776695296637 -2.8477590650225735
      vertex 57.5 -66 -2.8477590650225735
      vertex 57.5 -66 -3
    endloop
  endfacet
  facet normal 0 0 -1
    outer loop
      vertex 57.5 -66 -3
      vertex 58.23223304703363 -64.23223304703363 -3
      vertex 58.2 -66 -3
    endloop
  endfacet
  facet normal 0 0 -1
    outer loop
      vertex 58.2 -66 -3
      vertex 58.23223304703363 -64.23223304703363 -3
      vertex 59.1 -64.441154273188 -3
    endloop
  endfacet
  facet normal -0.9238795325112867 0.3826834323650897 0
    outer loop
      vertex 57.5 -66 -3
      vertex 57.5 -66 -2.8477590650225735
      vertex 58.23223304703363 -64.23223304703363 -3
    endloop
  endfacet
  facet normal 0 0 -1
    outer loop
      vertex 58.23223304703363 -64.23223304703363 -3
      vertex 60 -63.5 -3
      vertex 59.1 -64.441154273188 -3
    endloop
  endfacet
  facet normal -0.9238795325112867 0.3826834323650897 0
    outer loop
      vertex 57.5 -66 -2.8477590650225735
      vertex 58.23223304703363 -64.23223304703363 -2.8477590650225735
      vertex 58.23223304703363 -64.23223304703363 -3
    endloop
  endfacet
  facet normal -0.3826834323650897 0.9238795325112867 0
    outer loop
      vertex 58.23223304703363 -64.23223304703363 -3
      vertex 58.23223304703363 -64.23223304703363 -2.8477590650225735
      vertex 60 -63.5 -3
    endloop
  endfacet
  facet normal -0.3826834323650897 0.9238795325112867 0
    outer loop
      vertex 58.23223304703363 -64.23223304703363 -2.8477590650225735
      vertex 60 -63.5 -2.8477590650225735
      vertex 60 -63.5 -3
    endloop
  endfacet
  facet normal 0 0 -1
    outer loop
      vertex 59.1 -67.558845726812 -3
      vertex 60.9 -67.558845726812 -3
      vertex 60 -68.5 -3
    endloop
  endfacet
  facet normal 0 0 -1
    outer loop
      vertex 60 -68.5 -3
      vertex 60.9 -67.558845726812 -3
      vertex 61.76776695296637 -67.76776695296637 -3
    endloop
  endfacet
  facet normal 0.3826834323650897 -0.9238795325112867 0
    outer loop
      vertex 60 -68.5 -3
      vertex 61.76776695296637 -67.76776695296637 -3
      vertex 61.76776695296637 -67.76776695296637 -2.8477590650225735
    endloop
  endfacet
  facet normal 0.3826834323650897 -0.9238795325112867 0
    outer loop
      vertex 60 -68.5 -3
      vertex 61.76776695296637 -67.76776695296637 -2.8477590650225735
      vertex 60 -68.5 -2.8477590650225735
    endloop
  endfacet
  facet normal 0 0 -1
    outer loop
      vertex 60.9 -67.558845726812 -3
      vertex 61.8 -66 -3
      vertex 61.76776695296637 -67.76776695296637 -3
    endloop
  endfacet
  facet normal 0 0 -1
    outer loop
      vertex 59.1 -64.441154273188 -3
      vertex 60 -63.5 -3
      vertex 60.9 -64.441154273188 -3
    endloop
  endfacet
  facet normal 0 0 -1
    outer loop
      vertex 61.8 -66 -3
      vertex 60.9 -64.441154273188 -3
      vertex 62.5 -66 -3
    endloop
  endfacet
  facet normal 0 0 -1
    outer loop
      vertex 60.9 -64.441154273188 -3
      vertex 61.76776695296637 -64.23223304703363 -3
      vertex 62.5 -66 -3
    endloop
  endfacet
  facet normal 0 0 -1
    outer loop
      vertex 60.9 -64.441154273188 -3
      vertex 60 -63.5 -3
      vertex 61.76776695296637 -64.23223304703363 -3
    endloop
  endfacet
  facet normal 0 0 -1
    outer loop
      vertex 61.76776695296637 -67.76776695296637 -3
      vertex 61.8 -66 -3
      vertex 62.5 -66 -3
    endloop
  endfacet
  facet normal 0.9238795325112867 -0.3826834323650897 0
    outer loop
      vertex 61.76776695296637 -67.76776695296637 -3
      vertex 62.5 -66 -3
      vertex 62.5 -66 -2.8477590650225735
    endloop
  endfacet
  facet normal 0.9238795325112867 -0.3826834323650897 0
    outer loop
      vertex 61.76776695296637 -67.76776695296637 -3
      vertex 62.5 -66 -2.8477590650225735
      vertex 61.76776695296637 -67.76776695296637 -2.8477590650225735
    endloop
  endfacet
  facet normal 0.9238795325112867 0.3826834323650897 0
    outer loop
      vertex 61.76776695296637 -64.23223304703363 -3
      vertex 61.76776695296637 -64.23223304703363 -2.8477590650225735
      vertex 62.5 -66 -3
    endloop
  endfacet
  facet normal 0.9238795325112867 0.3826834323650897 0
    outer loop
      vertex 61.76776695296637 -64.23223304703363 -2.8477590650225735
      vertex 62.5 -66 -2.8477590650225735
      vertex 62.5 -66 -3
    endloop
  endfacet
  facet normal 0.3826834323650897 0.9238795325112867 0
    outer loop
      vertex 61.76776695296637 -64.23223304703363 -3
      vertex 60 -63.5 -3
      vertex 60 -63.5 -2.8477590650225735
    endloop
  endfacet
  facet normal 0.3826834323650897 0.9238795325112867 0
    outer loop
      vertex 61.76776695296637 -64.23223304703363 -3
      vertex 60 -63.5 -2.8477590650225735
      vertex 61.76776695296637 -64.23223304703363 -2.8477590650225735
    endloop
  endfacet
  facet normal -0.38268343236509067 -0.9238795325112863 0
    outer loop
      vertex 58.23223304703363 -67.76776695296637 -2
      vertex 59.94328195447108 -68.47650661631063 -2
      vertex 58.23223304703363 -67.76776695296637 0.25
    endloop
  endfacet
  facet normal -0.9238795325112867 -0.38268343236508967 0
    outer loop
      vertex 58.23223304703363 -67.76776695296637 -2
      vertex 57.5 -66 0.25
      vertex 57.5 -66 -2
    endloop
  endfacet
  facet normal -0.9238795325112867 0.38268343236508967 0
    outer loop
      vertex 57.5 -66 -2
      vertex 58.23223304703363 -64.23223304703363 0.25
      vertex 58.23223304703363 -64.23223304703363 -2
    endloop
  endfacet
  facet normal -0.38268343236508967 0.9238795325112867 0
    outer loop
      vertex 58.23223304703363 -64.23223304703363 -2
      vertex 60 -63.5 0.25
      vertex 60 -63.5 -2
    endloop
  endfacet
  facet normal 0.3826834323651054 -0.9238795325112802 0
    outer loop
      vertex 60.00230003956951 -68.49904729241632 -2
      vertex 60.58471072329887 -68.25780488834462 -2
      vertex 60.00230003956951 -68.49904729241632 0.25
    endloop
  endfacet
  facet normal 0.9238795325112868 0.3826834323650896 0
    outer loop
      vertex 61.76776695296637 -64.23223304703363 -2
      vertex 62.37572442959064 -65.69997223244607 0.25
      vertex 62.37572442959064 -65.69997223244607 -2
    endloop
  endfacet
  facet normal 0.38268343236508967 0.9238795325112867 0
    outer loop
      vertex 61.76776695296637 -64.23223304703363 -2
      vertex 60 -63.5 -2
      vertex 61.76776695296637 -64.23223304703363 0.25
    endloop
  endfacet
  facet normal -0.38268343236509067 -0.9238795325112863 0
    outer loop
      vertex 59.94328195447108 -68.47650661631063 -2
      vertex 59.94328195447108 -68.47650661631063 0.25
      vertex 58.23223304703363 -67.76776695296637 0.25
    endloop
  endfacet
  facet normal -0.9238795325112867 -0.38268343236508967 0
    outer loop
      vertex 58.23223304703363 -67.76776695296637 -2
      vertex 58.23223304703363 -67.76776695296637 0.25
      vertex 57.5 -66 0.25
    endloop
  endfacet
  facet normal -0.9238795325112867 0.38268343236508967 0
    outer loop
      vertex 57.5 -66 -2
      vertex 57.5 -66 0.25
      vertex 58.23223304703363 -64.23223304703363 0.25
    endloop
  endfacet
  facet normal -0.38268343236508967 0.9238795325112867 0
    outer loop
      vertex 58.23223304703363 -64.23223304703363 -2
      vertex 58.23223304703363 -64.23223304703363 0.25
      vertex 60 -63.5 0.25
    endloop
  endfacet
  facet normal 0.3826834323651054 -0.9238795325112802 0
    outer loop
      vertex 60.58471072329887 -68.25780488834462 -2
      vertex 60.58471072329887 -68.25780488834462 0.25
      vertex 60.00230003956951 -68.49904729241632 0.25
    endloop
  endfacet
  facet normal 0.9238795325112868 0.3826834323650896 0
    outer loop
      vertex 61.76776695296637 -64.23223304703363 -2
      vertex 61.76776695296637 -64.23223304703363 0.25
      vertex 62.37572442959064 -65.69997223244607 0.25
    endloop
  endfacet
  facet normal 0.38268343236508967 0.9238795325112867 0
    outer loop
      vertex 60 -63.5 -2
      vertex 60 -63.5 0.25
      vertex 61.76776695296637 -64.23223304703363 0.25
    endloop
  endfacet
  facet normal -0.9238795325112867 -0.3826834323650897 0
    outer loop
      vertex 78.7 -35.6 -3
      vertex 79.43223304703363 -37.36776695296637 -2.8477590650225735
      vertex 78.7 -35.6 -2.8477590650225735
    endloop
  endfacet
  facet normal -0.3826834323650897 -0.9238795325112867 0
    outer loop
      vertex 79.43223304703363 -37.36776695296637 -3
      vertex 81.2 -38.1 -3
      vertex 81.2 -38.1 -2.8477590650225735
    endloop
  endfacet
  facet normal 0 0 -1
    outer loop
      vertex 79.43223304703363 -37.36776695296637 -3
      vertex 80.3 -37.15884572681199 -3
      vertex 81.2 -38.1 -3
    endloop
  endfacet
  facet normal 0 0 -1
    outer loop
      vertex 81.2 -38.1 -3
      vertex 80.3 -37.15884572681199 -3
      vertex 82.10000000000001 -37.15884572681199 -3
    endloop
  endfacet
  facet normal -0.3826834323650897 -0.9238795325112867 0
    outer loop
      vertex 79.43223304703363 -37.36776695296637 -3
      vertex 81.2 -38.1 -2.8477590650225735
      vertex 79.43223304703363 -37.36776695296637 -2.8477590650225735
    endloop
  endfacet
  facet normal 0 0 -1
    outer loop
      vertex 78.7 -35.6 -3
      vertex 80.3 -37.15884572681199 -3
      vertex 79.43223304703363 -37.36776695296637 -3
    endloop
  endfacet
  facet normal 0 0 -1
    outer loop
      vertex 78.7 -35.6 -3
      vertex 79.4 -35.6 -3
      vertex 80.3 -37.15884572681199 -3
    endloop
  endfacet
  facet normal -0.9238795325112867 -0.3826834323650897 0
    outer loop
      vertex 78.7 -35.6 -3
      vertex 79.43223304703363 -37.36776695296637 -3
      vertex 79.43223304703363 -37.36776695296637 -2.8477590650225735
    endloop
  endfacet
  facet normal 0 0 -1
    outer loop
      vertex 78.7 -35.6 -3
      vertex 79.43223304703363 -33.83223304703363 -3
      vertex 79.4 -35.6 -3
    endloop
  endfacet
  facet normal -0.9238795325112867 0.3826834323650897 0
    outer loop
      vertex 78.7 -35.6 -3
      vertex 78.7 -35.6 -2.8477590650225735
      vertex 79.43223304703363 -33.83223304703363 -2.8477590650225735
    endloop
  endfacet
  facet normal 0 0 -1
    outer loop
      vertex 79.4 -35.6 -3
      vertex 79.43223304703363 -33.83223304703363 -3
      vertex 80.3 -34.04115427318801 -3
    endloop
  endfacet
  facet normal -0.9238795325112867 0.3826834323650897 0
    outer loop
      vertex 78.7 -35.6 -3
      vertex 79.43223304703363 -33.83223304703363 -2.8477590650225735
      vertex 79.43223304703363 -33.83223304703363 -3
    endloop
  endfacet
  facet normal 0 0 -1
    outer loop
      vertex 80.3 -34.04115427318801 -3
      vertex 81.2 -33.1 -3
      vertex 82.10000000000001 -34.04115427318801 -3
    endloop
  endfacet
  facet normal -0.3826834323650897 0.9238795325112867 0
    outer loop
      vertex 79.43223304703363 -33.83223304703363 -3
      vertex 79.43223304703363 -33.83223304703363 -2.8477590650225735
      vertex 81.2 -33.1 -3
    endloop
  endfacet
  facet normal 0 0 -1
    outer loop
      vertex 79.43223304703363 -33.83223304703363 -3
      vertex 81.2 -33.1 -3
      vertex 80.3 -34.04115427318801 -3
    endloop
  endfacet
  facet normal -0.3826834323650897 0.9238795325112867 0
    outer loop
      vertex 79.43223304703363 -33.83223304703363 -2.8477590650225735
      vertex 81.2 -33.1 -2.8477590650225735
      vertex 81.2 -33.1 -3
    endloop
  endfacet
  facet normal 0 0 -1
    outer loop
      vertex 81.2 -38.1 -3
      vertex 82.10000000000001 -37.15884572681199 -3
      vertex 82.96776695296637 -37.36776695296637 -3
    endloop
  endfacet
  facet normal 0.3826834323650897 -0.9238795325112867 0
    outer loop
      vertex 81.2 -38.1 -3
      vertex 82.96776695296637 -37.36776695296637 -3
      vertex 82.96776695296637 -37.36776695296637 -2.8477590650225735
    endloop
  endfacet
  facet normal 0.3826834323650897 -0.9238795325112867 0
    outer loop
      vertex 81.2 -38.1 -3
      vertex 82.96776695296637 -37.36776695296637 -2.8477590650225735
      vertex 81.2 -38.1 -2.8477590650225735
    endloop
  endfacet
  facet normal 0 0 -1
    outer loop
      vertex 82.10000000000001 -37.15884572681199 -3
      vertex 83 -35.6 -3
      vertex 82.96776695296637 -37.36776695296637 -3
    endloop
  endfacet
  facet normal 0 0 -1
    outer loop
      vertex 82.96776695296637 -37.36776695296637 -3
      vertex 83 -35.6 -3
      vertex 83.7 -35.6 -3
    endloop
  endfacet
  facet normal 0.9238795325112867 -0.3826834323650897 0
    outer loop
      vertex 82.96776695296637 -37.36776695296637 -3
      vertex 83.7 -35.6 -3
      vertex 83.7 -35.6 -2.8477590650225735
    endloop
  endfacet
  facet normal 0.9238795325112867 -0.3826834323650897 0
    outer loop
      vertex 82.96776695296637 -37.36776695296637 -3
      vertex 83.7 -35.6 -2.8477590650225735
      vertex 82.96776695296637 -37.36776695296637 -2.8477590650225735
    endloop
  endfacet
  facet normal 0 0 -1
    outer loop
      vertex 83 -35.6 -3
      vertex 82.10000000000001 -34.04115427318801 -3
      vertex 83.7 -35.6 -3
    endloop
  endfacet
  facet normal 0 0 -1
    outer loop
      vertex 83.7 -35.6 -3
      vertex 82.10000000000001 -34.04115427318801 -3
      vertex 82.96776695296637 -33.83223304703363 -3
    endloop
  endfacet
  facet normal 0.9238795325112867 0.3826834323650897 0
    outer loop
      vertex 83.7 -35.6 -3
      vertex 82.96776695296637 -33.83223304703363 -3
      vertex 82.96776695296637 -33.83223304703363 -2.8477590650225735
    endloop
  endfacet
  facet normal 0.9238795325112867 0.3826834323650897 0
    outer loop
      vertex 83.7 -35.6 -3
      vertex 82.96776695296637 -33.83223304703363 -2.8477590650225735
      vertex 83.7 -35.6 -2.8477590650225735
    endloop
  endfacet
  facet normal 0 0 -1
    outer loop
      vertex 81.2 -33.1 -3
      vertex 82.96776695296637 -33.83223304703363 -3
      vertex 82.10000000000001 -34.04115427318801 -3
    endloop
  endfacet
  facet normal 0.3826834323650897 0.9238795325112867 0
    outer loop
      vertex 81.2 -33.1 -3
      vertex 81.2 -33.1 -2.8477590650225735
      vertex 82.96776695296637 -33.83223304703363 -3
    endloop
  endfacet
  facet normal 0.3826834323650897 0.9238795325112867 0
    outer loop
      vertex 81.2 -33.1 -2.8477590650225735
      vertex 82.96776695296637 -33.83223304703363 -2.8477590650225735
      vertex 82.96776695296637 -33.83223304703363 -3
    endloop
  endfacet
  facet normal -0.9238795325112867 -0.38268343236508967 0
    outer loop
      vertex 78.7 -35.6 -2
      vertex 79.43223304703363 -37.36776695296637 -2
      vertex 78.7 -35.6 0.25
    endloop
  endfacet
  facet normal -0.38268343236508967 -0.9238795325112867 0
    outer loop
      vertex 79.43223304703363 -37.36776695296637 -2
      vertex 81.2 -38.1 -2
      vertex 79.43223304703363 -37.36776695296637 0.25
    endloop
  endfacet
  facet normal -0.9238795325112867 0.38268343236508967 0
    outer loop
      vertex 78.7 -35.6 -2
      vertex 79.43223304703363 -33.83223304703363 0.25
      vertex 79.43223304703363 -33.83223304703363 -2
    endloop
  endfacet
  facet normal -0.38268343236508945 0.9238795325112868 0
    outer loop
      vertex 79.43223304703363 -33.83223304703363 -2
      vertex 81.02334434464076 -33.17317316831971 0.25
      vertex 81.02334434464076 -33.17317316831971 -2
    endloop
  endfacet
  facet normal 0.38268343236509644 -0.9238795325112841 0
    outer loop
      vertex 81.2 -38.1 -2
      vertex 81.89913223082922 -37.810409948098375 -2
      vertex 81.2 -38.1 0.25
    endloop
  endfacet
  facet normal 0.9238795325112868 0.3826834323650894 0
    outer loop
      vertex 83.6059183370961 -35.372866773446766 -2
      vertex 83.37759018562953 -34.82163385350459 -2
      vertex 83.6059183370961 -35.372866773446766 0.25
    endloop
  endfacet
  facet normal -0.38268343236508967 -0.9238795325112867 0
    outer loop
      vertex 81.2 -38.1 -2
      vertex 81.2 -38.1 0.25
      vertex 79.43223304703363 -37.36776695296637 0.25
    endloop
  endfacet
  facet normal -0.9238795325112867 -0.38268343236508967 0
    outer loop
      vertex 79.43223304703363 -37.36776695296637 -2
      vertex 79.43223304703363 -37.36776695296637 0.25
      vertex 78.7 -35.6 0.25
    endloop
  endfacet
  facet normal -0.9238795325112867 0.38268343236508967 0
    outer loop
      vertex 78.7 -35.6 -2
      vertex 78.7 -35.6 0.25
      vertex 79.43223304703363 -33.83223304703363 0.25
    endloop
  endfacet
  facet normal -0.38268343236508945 0.9238795325112868 0
    outer loop
      vertex 79.43223304703363 -33.83223304703363 -2
      vertex 79.43223304703363 -33.83223304703363 0.25
      vertex 81.02334434464076 -33.17317316831971 0.25
    endloop
  endfacet
  facet normal 0.38268343236509644 -0.9238795325112841 0
    outer loop
      vertex 81.89913223082922 -37.810409948098375 -2
      vertex 81.89913223082922 -37.810409948098375 0.25
      vertex 81.2 -38.1 0.25
    endloop
  endfacet
  facet normal 0.9238795325112868 0.3826834323650894 0
    outer loop
      vertex 83.37759018562953 -34.82163385350459 -2
      vertex 83.37759018562953 -34.82163385350459 0.25
      vertex 83.6059183370961 -35.372866773446766 0.25
    endloop
  endfacet
  facet normal 0 0 -1
    outer loop
      vertex 58.73223304703363 -20.76776695296637 -3
      vertex 59.6 -20.558845726811988 -3
      vertex 60.5 -21.5 -3
    endloop
  endfacet
  facet normal -0.3826834323650897 -0.9238795325112867 0
    outer loop
      vertex 58.73223304703363 -20.76776695296637 -3
      vertex 60.5 -21.5 -2.8477590650225735
      vertex 58.73223304703363 -20.76776695296637 -2.8477590650225735
    endloop
  endfacet
  facet normal -0.9238795325112867 -0.3826834323650897 0
    outer loop
      vertex 58.73223304703363 -20.76776695296637 -3
      vertex 58 -19 -2.8477590650225735
      vertex 58 -19 -3
    endloop
  endfacet
  facet normal 0 0 -1
    outer loop
      vertex 58.73223304703363 -20.76776695296637 -3
      vertex 58 -19 -3
      vertex 59.6 -20.558845726811988 -3
    endloop
  endfacet
  facet normal 0 0 -1
    outer loop
      vertex 59.6 -20.558845726811988 -3
      vertex 58 -19 -3
      vertex 58.7 -19 -3
    endloop
  endfacet
  facet normal -0.9238795325112867 -0.3826834323650897 0
    outer loop
      vertex 58.73223304703363 -20.76776695296637 -3
      vertex 58.73223304703363 -20.76776695296637 -2.8477590650225735
      vertex 58 -19 -2.8477590650225735
    endloop
  endfacet
  facet normal -0.3826834323650897 -0.9238795325112867 0
    outer loop
      vertex 58.73223304703363 -20.76776695296637 -3
      vertex 60.5 -21.5 -3
      vertex 60.5 -21.5 -2.8477590650225735
    endloop
  endfacet
  facet normal 0 0 -1
    outer loop
      vertex 60.5 -21.5 -3
      vertex 61.4 -20.558845726811988 -3
      vertex 62.26776695296637 -20.76776695296637 -3
    endloop
  endfacet
  facet normal 0.3826834323650897 -0.9238795325112867 0
    outer loop
      vertex 60.5 -21.5 -3
      vertex 62.26776695296637 -20.76776695296637 -3
      vertex 62.26776695296637 -20.76776695296637 -2.8477590650225735
    endloop
  endfacet
  facet normal 0.3826834323650897 -0.9238795325112867 0
    outer loop
      vertex 60.5 -21.5 -3
      vertex 62.26776695296637 -20.76776695296637 -2.8477590650225735
      vertex 60.5 -21.5 -2.8477590650225735
    endloop
  endfacet
  facet normal 0 0 -1
    outer loop
      vertex 59.6 -20.558845726811988 -3
      vertex 61.4 -20.558845726811988 -3
      vertex 60.5 -21.5 -3
    endloop
  endfacet
  facet normal 0 0 -1
    outer loop
      vertex 61.4 -20.558845726811988 -3
      vertex 62.3 -19 -3
      vertex 62.26776695296637 -20.76776695296637 -3
    endloop
  endfacet
  facet normal 0 0 -1
    outer loop
      vertex 62.26776695296637 -20.76776695296637 -3
      vertex 62.3 -19 -3
      vertex 63 -19 -3
    endloop
  endfacet
  facet normal 0.9238795325112867 -0.3826834323650897 8.765909011185978e-15
    outer loop
      vertex 62.26776695296637 -20.76776695296637 -3
      vertex 63 -19 -3
      vertex 62.800744434212646 -19.48104548930215 -2.8477590650225735
    endloop
  endfacet
  facet normal 0.9238795325112872 -0.3826834323650889 0
    outer loop
      vertex 62.26776695296637 -20.76776695296637 -3
      vertex 62.800744434212646 -19.48104548930215 -2.8477590650225735
      vertex 62.26776695296637 -20.76776695296637 -2.8477590650225735
    endloop
  endfacet
  facet normal -0.38268343236508967 -0.9238795325112867 0
    outer loop
      vertex 58.73223304703363 -20.76776695296637 -2
      vertex 60.5 -21.5 -2
      vertex 58.73223304703363 -20.76776695296637 0.25
    endloop
  endfacet
  facet normal -0.9238795325112867 -0.38268343236508967 0
    outer loop
      vertex 58.73223304703363 -20.76776695296637 -2
      vertex 58 -19 0.25
      vertex 58 -19 -2
    endloop
  endfacet
  facet normal 0.38268343236508967 -0.9238795325112867 0
    outer loop
      vertex 60.5 -21.5 -2
      vertex 62.26776695296637 -20.76776695296637 -2
      vertex 60.5 -21.5 0.25
    endloop
  endfacet
  facet normal 0.9238795325112865 -0.38268343236509056 0
    outer loop
      vertex 62.26776695296637 -20.76776695296637 -2
      vertex 62.501322544332105 -20.203913876723142 -2
      vertex 62.26776695296637 -20.76776695296637 0.25
    endloop
  endfacet
  facet normal -0.9238795325112867 -0.38268343236508967 0
    outer loop
      vertex 58.73223304703363 -20.76776695296637 -2
      vertex 58.73223304703363 -20.76776695296637 0.25
      vertex 58 -19 0.25
    endloop
  endfacet
  facet normal -0.38268343236508967 -0.9238795325112867 0
    outer loop
      vertex 60.5 -21.5 -2
      vertex 60.5 -21.5 0.25
      vertex 58.73223304703363 -20.76776695296637 0.25
    endloop
  endfacet
  facet normal 0.38268343236508967 -0.9238795325112867 0
    outer loop
      vertex 62.26776695296637 -20.76776695296637 -2
      vertex 62.26776695296637 -20.76776695296637 0.25
      vertex 60.5 -21.5 0.25
    endloop
  endfacet
  facet normal 0.9238795325112865 -0.38268343236509056 0
    outer loop
      vertex 62.501322544332105 -20.203913876723142 -2
      vertex 62.501322544332105 -20.203913876723142 0.25
      vertex 62.26776695296637 -20.76776695296637 0.25
    endloop
  endfacet
  facet normal 0 0 -1
    outer loop
      vertex 58 -19 -3
      vertex 58.73223304703363 -17.23223304703363 -3
      vertex 58.7 -19 -3
    endloop
  endfacet
  facet normal -0.9238795325112867 0.3826834323650897 0
    outer loop
      vertex 58 -19 -3
      vertex 58 -19 -2.8477590650225735
      vertex 58.73223304703363 -17.23223304703363 -3
    endloop
  endfacet
  facet normal 0 0 -1
    outer loop
      vertex 58.7 -19 -3
      vertex 58.73223304703363 -17.23223304703363 -3
      vertex 59.6 -17.441154273188012 -3
    endloop
  endfacet
  facet normal -0.9238795325112867 0.3826834323650897 0
    outer loop
      vertex 58 -19 -2.8477590650225735
      vertex 58.73223304703363 -17.23223304703363 -2.8477590650225735
      vertex 58.73223304703363 -17.23223304703363 -3
    endloop
  endfacet
  facet normal 0 0 -1
    outer loop
      vertex 58.73223304703363 -17.23223304703363 -3
      vertex 60.5 -16.5 -3
      vertex 59.6 -17.441154273188012 -3
    endloop
  endfacet
  facet normal -0.3826834323650897 0.9238795325112867 0
    outer loop
      vertex 58.73223304703363 -17.23223304703363 -3
      vertex 58.73223304703363 -17.23223304703363 -2.8477590650225735
      vertex 60.5 -16.5 -3
    endloop
  endfacet
  facet normal 0 0 -1
    outer loop
      vertex 59.6 -17.441154273188012 -3
      vertex 60.5 -16.5 -3
      vertex 61.4 -17.441154273188012 -3
    endloop
  endfacet
  facet normal 0 0 -1
    outer loop
      vertex 60.5 -16.5 -3
      vertex 62.26776695296637 -17.23223304703363 -3
      vertex 61.4 -17.441154273188012 -3
    endloop
  endfacet
  facet normal 0.3826834323650897 0.9238795325112867 0
    outer loop
      vertex 60.5 -16.5 -3
      vertex 60.5 -16.5 -2.8477590650225735
      vertex 62.26776695296637 -17.23223304703363 -3
    endloop
  endfacet
  facet normal -0.3826834323650897 0.9238795325112867 0
    outer loop
      vertex 58.73223304703363 -17.23223304703363 -2.8477590650225735
      vertex 60.5 -16.5 -2.8477590650225735
      vertex 60.5 -16.5 -3
    endloop
  endfacet
  facet normal 0.3826834323650897 0.9238795325112867 0
    outer loop
      vertex 60.5 -16.5 -2.8477590650225735
      vertex 62.26776695296637 -17.23223304703363 -2.8477590650225735
      vertex 62.26776695296637 -17.23223304703363 -3
    endloop
  endfacet
  facet normal 0 0 -1
    outer loop
      vertex 61.4 -17.441154273188012 -3
      vertex 63 -19 -3
      vertex 62.3 -19 -3
    endloop
  endfacet
  facet normal 0 0 -1
    outer loop
      vertex 61.4 -17.441154273188012 -3
      vertex 62.26776695296637 -17.23223304703363 -3
      vertex 63 -19 -3
    endloop
  endfacet
  facet normal 0.9238795325112867 0.3826834323650897 0
    outer loop
      vertex 63 -19 -3
      vertex 62.26776695296637 -17.23223304703363 -3
      vertex 62.26776695296637 -17.23223304703363 -2.8477590650225735
    endloop
  endfacet
  facet normal 0.9238795325112864 0.3826834323650907 -1.2953149430522373e-14
    outer loop
      vertex 63 -19 -3
      vertex 62.26776695296637 -17.23223304703363 -2.8477590650225735
      vertex 62.8494773637857 -18.636606210207287 -2.8477590650225735
    endloop
  endfacet
  facet normal 0.9238795325112861 -0.3826834323650915 2.016564526972058e-15
    outer loop
      vertex 62.800744434212646 -19.48104548930215 -2.8477590650225735
      vertex 63 -19 -3
      vertex 62.94803507642009 -19.125454423274295 -2.471262286262071
    endloop
  endfacet
  facet normal 0.9238795325112882 0.38268343236508606 0
    outer loop
      vertex 63 -19 -3
      vertex 62.8494773637857 -18.636606210207287 -2.8477590650225735
      vertex 63 -19 -2.5019038137270004
    endloop
  endfacet
  facet normal 0.9238795325112831 -0.3826834323650988 0
    outer loop
      vertex 63 -19 -3
      vertex 63 -19 -2.5019038137270004
      vertex 62.94803507642009 -19.125454423274295 -2.471262286262071
    endloop
  endfacet
  facet normal -0.9238795325112867 0.38268343236508967 0
    outer loop
      vertex 58 -19 -2
      vertex 58.73223304703363 -17.23223304703363 0.25
      vertex 58.73223304703363 -17.23223304703363 -2
    endloop
  endfacet
  facet normal -0.38268343236508967 0.9238795325112867 0
    outer loop
      vertex 58.73223304703363 -17.23223304703363 -2
      vertex 60.5 -16.5 0.25
      vertex 60.5 -16.5 -2
    endloop
  endfacet
  facet normal 0.38268343236508967 0.9238795325112867 0
    outer loop
      vertex 60.5 -16.5 -2
      vertex 62.26776695296637 -17.23223304703363 0.25
      vertex 62.26776695296637 -17.23223304703363 -2
    endloop
  endfacet
  facet normal 0.923879532511285 0.3826834323650944 0
    outer loop
      vertex 62.51637547298399 -17.832427107781662 -2
      vertex 62.26776695296637 -17.23223304703363 -2
      vertex 62.51637547298399 -17.832427107781662 0.25
    endloop
  endfacet
  facet normal -0.9238795325112867 0.38268343236508967 0
    outer loop
      vertex 58 -19 -2
      vertex 58 -19 0.25
      vertex 58.73223304703363 -17.23223304703363 0.25
    endloop
  endfacet
  facet normal -0.38268343236508967 0.9238795325112867 0
    outer loop
      vertex 58.73223304703363 -17.23223304703363 -2
      vertex 58.73223304703363 -17.23223304703363 0.25
      vertex 60.5 -16.5 0.25
    endloop
  endfacet
  facet normal 0.38268343236508967 0.9238795325112867 0
    outer loop
      vertex 60.5 -16.5 -2
      vertex 60.5 -16.5 0.25
      vertex 62.26776695296637 -17.23223304703363 0.25
    endloop
  endfacet
  facet normal 0.923879532511285 0.3826834323650944 0
    outer loop
      vertex 62.26776695296637 -17.23223304703363 -2
      vertex 62.26776695296637 -17.23223304703363 0.25
      vertex 62.51637547298399 -17.832427107781662 0.25
    endloop
  endfacet
  facet normal 0 0 -1
    outer loop
      vertex 64 -9 -3
      vertex 65.6 -10.55884572681199 -3
      vertex 64.73223304703363 -10.767766952966369 -3
    endloop
  endfacet
  facet normal -0.9238795325112867 -0.3826834323650897 0
    outer loop
      vertex 64 -9 -3
      vertex 64.73223304703363 -10.767766952966369 -3
      vertex 64.73223304703363 -10.767766952966369 -2.8477590650225735
    endloop
  endfacet
  facet normal 0 0 -1
    outer loop
      vertex 64.73223304703363 -10.767766952966369 -3
      vertex 65.6 -10.55884572681199 -3
      vertex 66.5 -11.5 -3
    endloop
  endfacet
  facet normal -0.3826834323650897 -0.9238795325112867 0
    outer loop
      vertex 64.73223304703363 -10.767766952966369 -3
      vertex 66.5 -11.5 -3
      vertex 66.5 -11.5 -2.8477590650225735
    endloop
  endfacet
  facet normal -0.3826834323650897 -0.9238795325112867 0
    outer loop
      vertex 64.73223304703363 -10.767766952966369 -3
      vertex 66.5 -11.5 -2.8477590650225735
      vertex 64.73223304703363 -10.767766952966369 -2.8477590650225735
    endloop
  endfacet
  facet normal 0 0 -1
    outer loop
      vertex 65.6 -10.55884572681199 -3
      vertex 67.4 -10.55884572681199 -3
      vertex 66.5 -11.5 -3
    endloop
  endfacet
  facet normal 0 0 -1
    outer loop
      vertex 66.5 -11.5 -3
      vertex 67.4 -10.55884572681199 -3
      vertex 68.26776695296637 -10.767766952966369 -3
    endloop
  endfacet
  facet normal 0.3826834323650897 -0.9238795325112867 0
    outer loop
      vertex 66.5 -11.5 -3
      vertex 68.26776695296637 -10.767766952966369 -3
      vertex 68.26776695296637 -10.767766952966369 -2.8477590650225735
    endloop
  endfacet
  facet normal 0 0 -1
    outer loop
      vertex 67.4 -10.55884572681199 -3
      vertex 68.3 -9 -3
      vertex 68.26776695296637 -10.767766952966369 -3
    endloop
  endfacet
  facet normal 0.3826834323650897 -0.9238795325112867 0
    outer loop
      vertex 66.5 -11.5 -3
      vertex 68.26776695296637 -10.767766952966369 -2.8477590650225735
      vertex 66.5 -11.5 -2.8477590650225735
    endloop
  endfacet
  facet normal 0 0 -1
    outer loop
      vertex 64 -9 -3
      vertex 64.7 -9 -3
      vertex 65.6 -10.55884572681199 -3
    endloop
  endfacet
  facet normal 0 0 -1
    outer loop
      vertex 64 -9 -3
      vertex 64.73223304703363 -7.232233047033631 -3
      vertex 64.7 -9 -3
    endloop
  endfacet
  facet normal -0.9238795325112867 0.3826834323650897 0
    outer loop
      vertex 64 -9 -3
      vertex 64 -9 -2.8477590650225735
      vertex 64.73223304703363 -7.232233047033631 -3
    endloop
  endfacet
  facet normal -0.9238795325112867 -0.3826834323650897 0
    outer loop
      vertex 64 -9 -3
      vertex 64.73223304703363 -10.767766952966369 -2.8477590650225735
      vertex 64 -9 -2.8477590650225735
    endloop
  endfacet
  facet normal 0 0 -1
    outer loop
      vertex 64.7 -9 -3
      vertex 64.73223304703363 -7.232233047033631 -3
      vertex 65.6 -7.44115427318801 -3
    endloop
  endfacet
  facet normal 0 0 -1
    outer loop
      vertex 64.73223304703363 -7.232233047033631 -3
      vertex 66.5 -6.5 -3
      vertex 65.6 -7.44115427318801 -3
    endloop
  endfacet
  facet normal -0.3826834323650897 0.9238795325112867 0
    outer loop
      vertex 64.73223304703363 -7.232233047033631 -3
      vertex 64.73223304703363 -7.232233047033631 -2.8477590650225735
      vertex 66.5 -6.5 -3
    endloop
  endfacet
  facet normal -0.9238795325112867 0.3826834323650897 0
    outer loop
      vertex 64 -9 -2.8477590650225735
      vertex 64.73223304703363 -7.232233047033631 -2.8477590650225735
      vertex 64.73223304703363 -7.232233047033631 -3
    endloop
  endfacet
  facet normal -0.3826834323650897 0.9238795325112867 0
    outer loop
      vertex 64.73223304703363 -7.232233047033631 -2.8477590650225735
      vertex 66.5 -6.5 -2.8477590650225735
      vertex 66.5 -6.5 -3
    endloop
  endfacet
  facet normal 0 0 -1
    outer loop
      vertex 68.3 -9 -3
      vertex 67.4 -7.44115427318801 -3
      vertex 69 -9 -3
    endloop
  endfacet
  facet normal 0 0 -1
    outer loop
      vertex 65.6 -7.44115427318801 -3
      vertex 66.5 -6.5 -3
      vertex 67.4 -7.44115427318801 -3
    endloop
  endfacet
  facet normal 0.3826834323650897 0.9238795325112867 0
    outer loop
      vertex 68.26776695296637 -7.232233047033631 -3
      vertex 66.5 -6.5 -3
      vertex 66.5 -6.5 -2.8477590650225735
    endloop
  endfacet
  facet normal 0 0 -1
    outer loop
      vertex 67.4 -7.44115427318801 -3
      vertex 68.26776695296637 -7.232233047033631 -3
      vertex 69 -9 -3
    endloop
  endfacet
  facet normal 0 0 -1
    outer loop
      vertex 67.4 -7.44115427318801 -3
      vertex 66.5 -6.5 -3
      vertex 68.26776695296637 -7.232233047033631 -3
    endloop
  endfacet
  facet normal 0.3826834323650897 0.9238795325112867 0
    outer loop
      vertex 68.26776695296637 -7.232233047033631 -3
      vertex 66.5 -6.5 -2.8477590650225735
      vertex 68.26776695296637 -7.232233047033631 -2.8477590650225735
    endloop
  endfacet
  facet normal 0.9238795325112867 -0.3826834323650897 0
    outer loop
      vertex 68.26776695296637 -10.767766952966369 -3
      vertex 69 -9 -3
      vertex 68.26776695296637 -10.767766952966369 -2.8477590650225735
    endloop
  endfacet
  facet normal 0.9238795325112868 -0.3826834323650895 2.8041946576020998e-15
    outer loop
      vertex 68.26776695296637 -10.767766952966369 -2.8477590650225735
      vertex 69 -9 -3
      vertex 68.76536686473018 -9.566454497350513 -2.8477590650225735
    endloop
  endfacet
  facet normal 0 0 -1
    outer loop
      vertex 68.26776695296637 -10.767766952966369 -3
      vertex 68.3 -9 -3
      vertex 69 -9 -3
    endloop
  endfacet
  facet normal 0.9238795325112867 0.3826834323650897 1.9056323937360824e-15
    outer loop
      vertex 68.26776695296637 -7.232233047033631 -3
      vertex 68.76536686473018 -8.433545502649487 -2.8477590650225735
      vertex 69 -9 -3
    endloop
  endfacet
  facet normal 0.9238795325112868 0.3826834323650895 0
    outer loop
      vertex 68.26776695296637 -7.232233047033631 -3
      vertex 68.26776695296637 -7.232233047033631 -2.8477590650225735
      vertex 68.76536686473018 -8.433545502649487 -2.8477590650225735
    endloop
  endfacet
  facet normal 0.9238795325112866 -0.38268343236509017 0
    outer loop
      vertex 69 -9 -3
      vertex 69 -9 -2.6131259297527554
      vertex 68.76536686473018 -9.566454497350513 -2.8477590650225735
    endloop
  endfacet
  facet normal 0.9238795325112866 0.38268343236509017 0
    outer loop
      vertex 69 -9 -3
      vertex 68.76536686473018 -8.433545502649487 -2.8477590650225735
      vertex 69 -9 -2.6131259297527554
    endloop
  endfacet
  facet normal -0.38268343236508967 -0.9238795325112867 0
    outer loop
      vertex 64.73223304703363 -10.767766952966369 -2
      vertex 66.5 -11.5 -2
      vertex 64.73223304703363 -10.767766952966369 0.25
    endloop
  endfacet
  facet normal 0.3826834323650913 -0.9238795325112862 0
    outer loop
      vertex 66.5 -11.5 -2
      vertex 67.13438192680947 -11.237230402191141 -2
      vertex 66.5 -11.5 0.25
    endloop
  endfacet
  facet normal -0.9238795325112867 -0.38268343236508967 0
    outer loop
      vertex 64 -9 -2
      vertex 64.73223304703363 -10.767766952966369 -2
      vertex 64 -9 0.25
    endloop
  endfacet
  facet normal -0.9238795325112867 0.38268343236508967 0
    outer loop
      vertex 64 -9 -2
      vertex 64.73223304703363 -7.232233047033631 0.25
      vertex 64.73223304703363 -7.232233047033631 -2
    endloop
  endfacet
  facet normal -0.38268343236508967 0.9238795325112867 0
    outer loop
      vertex 64.73223304703363 -7.232233047033631 -2
      vertex 66.5 -6.5 0.25
      vertex 66.5 -6.5 -2
    endloop
  endfacet
  facet normal 0.38268343236508995 0.9238795325112867 0
    outer loop
      vertex 68 -7.121320343559643 -2
      vertex 66.5 -6.5 -2
      vertex 68 -7.121320343559643 0.25
    endloop
  endfacet
  facet normal -0.9238795325112867 -0.38268343236508967 0
    outer loop
      vertex 64.73223304703363 -10.767766952966369 -2
      vertex 64.73223304703363 -10.767766952966369 0.25
      vertex 64 -9 0.25
    endloop
  endfacet
  facet normal -0.38268343236508967 -0.9238795325112867 0
    outer loop
      vertex 66.5 -11.5 -2
      vertex 66.5 -11.5 0.25
      vertex 64.73223304703363 -10.767766952966369 0.25
    endloop
  endfacet
  facet normal 0.3826834323650913 -0.9238795325112862 0
    outer loop
      vertex 67.13438192680947 -11.237230402191141 -2
      vertex 67.13438192680947 -11.237230402191141 0.25
      vertex 66.5 -11.5 0.25
    endloop
  endfacet
  facet normal -0.9238795325112867 0.38268343236508967 0
    outer loop
      vertex 64 -9 -2
      vertex 64 -9 0.25
      vertex 64.73223304703363 -7.232233047033631 0.25
    endloop
  endfacet
  facet normal -0.38268343236508967 0.9238795325112867 0
    outer loop
      vertex 64.73223304703363 -7.232233047033631 -2
      vertex 64.73223304703363 -7.232233047033631 0.25
      vertex 66.5 -6.5 0.25
    endloop
  endfacet
  facet normal 0.38268343236508995 0.9238795325112867 0
    outer loop
      vertex 66.5 -6.5 -2
      vertex 66.5 -6.5 0.25
      vertex 68 -7.121320343559643 0.25
    endloop
  endfacet
  facet normal 0 0 -1
    outer loop
      vertex 64.73223304703363 26.73223304703363 -3
      vertex 65.6 26.941154273188012 -3
      vertex 66.5 26 -3
    endloop
  endfacet
  facet normal -0.3826834323650897 -0.9238795325112867 0
    outer loop
      vertex 64.73223304703363 26.73223304703363 -3
      vertex 66.5 26 -3
      vertex 66.5 26 -2.8477590650225735
    endloop
  endfacet
  facet normal -0.3826834323650897 -0.9238795325112867 0
    outer loop
      vertex 64.73223304703363 26.73223304703363 -3
      vertex 66.5 26 -2.8477590650225735
      vertex 64.73223304703363 26.73223304703363 -2.8477590650225735
    endloop
  endfacet
  facet normal 0 0 -1
    outer loop
      vertex 64 28.5 -3
      vertex 65.6 26.941154273188012 -3
      vertex 64.73223304703363 26.73223304703363 -3
    endloop
  endfacet
  facet normal -0.9238795325112867 -0.3826834323650897 0
    outer loop
      vertex 64 28.5 -3
      vertex 64.73223304703363 26.73223304703363 -3
      vertex 64.73223304703363 26.73223304703363 -2.8477590650225735
    endloop
  endfacet
  facet normal 0 0 -1
    outer loop
      vertex 64 28.5 -3
      vertex 64.7 28.5 -3
      vertex 65.6 26.941154273188012 -3
    endloop
  endfacet
  facet normal -0.9238795325112867 -0.3826834323650897 0
    outer loop
      vertex 64 28.5 -3
      vertex 64.73223304703363 26.73223304703363 -2.8477590650225735
      vertex 64 28.5 -2.8477590650225735
    endloop
  endfacet
  facet normal 0 0 -1
    outer loop
      vertex 65.6 26.941154273188012 -3
      vertex 67.4 26.941154273188012 -3
      vertex 66.5 26 -3
    endloop
  endfacet
  facet normal 0 0 -1
    outer loop
      vertex 66.5 26 -3
      vertex 67.4 26.941154273188012 -3
      vertex 68.26776695296637 26.73223304703363 -3
    endloop
  endfacet
  facet normal 0.3826834323650897 -0.9238795325112867 0
    outer loop
      vertex 66.5 26 -3
      vertex 68.26776695296637 26.73223304703363 -3
      vertex 68.26776695296637 26.73223304703363 -2.8477590650225735
    endloop
  endfacet
  facet normal 0.3826834323650897 -0.9238795325112867 0
    outer loop
      vertex 66.5 26 -3
      vertex 68.26776695296637 26.73223304703363 -2.8477590650225735
      vertex 66.5 26 -2.8477590650225735
    endloop
  endfacet
  facet normal 0 0 -1
    outer loop
      vertex 67.4 26.941154273188012 -3
      vertex 68.3 28.5 -3
      vertex 68.26776695296637 26.73223304703363 -3
    endloop
  endfacet
  facet normal 0 0 -1
    outer loop
      vertex 64 28.5 -3
      vertex 64.73223304703363 30.26776695296637 -3
      vertex 64.7 28.5 -3
    endloop
  endfacet
  facet normal -0.9238795325112867 0.3826834323650897 0
    outer loop
      vertex 64 28.5 -3
      vertex 64 28.5 -2.8477590650225735
      vertex 64.73223304703363 30.26776695296637 -3
    endloop
  endfacet
  facet normal 0 0 -1
    outer loop
      vertex 64.7 28.5 -3
      vertex 64.73223304703363 30.26776695296637 -3
      vertex 65.6 30.058845726811988 -3
    endloop
  endfacet
  facet normal -0.9238795325112867 0.3826834323650897 0
    outer loop
      vertex 64 28.5 -2.8477590650225735
      vertex 64.73223304703363 30.26776695296637 -2.8477590650225735
      vertex 64.73223304703363 30.26776695296637 -3
    endloop
  endfacet
  facet normal 0 0 -1
    outer loop
      vertex 65.6 30.058845726811988 -3
      vertex 64.73223304703363 30.26776695296637 -3
      vertex 66.5 31 -3
    endloop
  endfacet
  facet normal -0.3826834323650897 0.9238795325112867 -1.3720553234899794e-14
    outer loop
      vertex 64.73223304703363 30.26776695296637 -3
      vertex 65.8872183251044 30.746177519484544 -2.8477590650225735
      vertex 66.5 31 -3
    endloop
  endfacet
  facet normal -0.3826834323650912 0.9238795325112862 0
    outer loop
      vertex 64.73223304703363 30.26776695296637 -3
      vertex 64.73223304703363 30.26776695296637 -2.8477590650225735
      vertex 65.8872183251044 30.746177519484544 -2.8477590650225735
    endloop
  endfacet
  facet normal 0 0 -1
    outer loop
      vertex 68.3 28.5 -3
      vertex 67.4 30.058845726811988 -3
      vertex 69 28.5 -3
    endloop
  endfacet
  facet normal 0 0 -1
    outer loop
      vertex 67.4 30.058845726811988 -3
      vertex 68.26776695296637 30.26776695296637 -3
      vertex 69 28.5 -3
    endloop
  endfacet
  facet normal 0 0 -1
    outer loop
      vertex 65.6 30.058845726811988 -3
      vertex 66.5 31 -3
      vertex 67.4 30.058845726811988 -3
    endloop
  endfacet
  facet normal 0.3826834323650897 0.9238795325112867 -1.3529989995526184e-14
    outer loop
      vertex 66.5 31 -3
      vertex 67.1127816748956 30.746177519484544 -2.8477590650225735
      vertex 68.26776695296637 30.26776695296637 -3
    endloop
  endfacet
  facet normal 0 0 -1
    outer loop
      vertex 67.4 30.058845726811988 -3
      vertex 66.5 31 -3
      vertex 68.26776695296637 30.26776695296637 -3
    endloop
  endfacet
  facet normal 0.3826834323650912 0.9238795325112862 0
    outer loop
      vertex 68.26776695296637 30.26776695296637 -3
      vertex 67.1127816748956 30.746177519484544 -2.8477590650225735
      vertex 68.26776695296637 30.26776695296637 -2.8477590650225735
    endloop
  endfacet
  facet normal -0.38268343236508684 0.9238795325112881 0
    outer loop
      vertex 65.8872183251044 30.746177519484544 -2.8477590650225735
      vertex 66.5 31 -2.5874090664802
      vertex 66.5 31 -3
    endloop
  endfacet
  facet normal 0.38268343236508684 0.9238795325112881 0
    outer loop
      vertex 66.5 31 -3
      vertex 66.5 31 -2.5874090664802
      vertex 67.1127816748956 30.746177519484544 -2.8477590650225735
    endloop
  endfacet
  facet normal 0.9238795325112867 -0.3826834323650897 1.9056323937360824e-15
    outer loop
      vertex 68.26776695296637 26.73223304703363 -3
      vertex 69 28.5 -3
      vertex 68.76536686473018 27.933545502649487 -2.8477590650225735
    endloop
  endfacet
  facet normal 0 0 -1
    outer loop
      vertex 68.26776695296637 26.73223304703363 -3
      vertex 68.3 28.5 -3
      vertex 69 28.5 -3
    endloop
  endfacet
  facet normal 0.9238795325112868 -0.3826834323650895 0
    outer loop
      vertex 68.26776695296637 26.73223304703363 -3
      vertex 68.76536686473018 27.933545502649487 -2.8477590650225735
      vertex 68.26776695296637 26.73223304703363 -2.8477590650225735
    endloop
  endfacet
  facet normal 0.9238795325112866 -0.38268343236509017 0
    outer loop
      vertex 69 28.5 -3
      vertex 69 28.5 -2.6131259297527554
      vertex 68.76536686473018 27.933545502649487 -2.8477590650225735
    endloop
  endfacet
  facet normal 0.9238795325112867 0.3826834323650897 1.9056323937360824e-15
    outer loop
      vertex 68.26776695296637 30.26776695296637 -3
      vertex 68.76536686473018 29.066454497350513 -2.8477590650225735
      vertex 69 28.5 -3
    endloop
  endfacet
  facet normal 0.9238795325112868 0.3826834323650895 0
    outer loop
      vertex 68.26776695296637 30.26776695296637 -3
      vertex 68.26776695296637 30.26776695296637 -2.8477590650225735
      vertex 68.76536686473018 29.066454497350513 -2.8477590650225735
    endloop
  endfacet
  facet normal 0.9238795325112866 0.38268343236509017 0
    outer loop
      vertex 69 28.5 -3
      vertex 68.76536686473018 29.066454497350513 -2.8477590650225735
      vertex 69 28.5 -2.6131259297527554
    endloop
  endfacet
  facet normal -0.38268343236508967 -0.9238795325112867 0
    outer loop
      vertex 64.73223304703363 26.73223304703363 -2
      vertex 66.5 26 -2
      vertex 64.73223304703363 26.73223304703363 0.25
    endloop
  endfacet
  facet normal -0.9238795325112867 -0.38268343236508967 0
    outer loop
      vertex 64 28.5 -2
      vertex 64.73223304703363 26.73223304703363 -2
      vertex 64 28.5 0.25
    endloop
  endfacet
  facet normal 0.38268343236508945 -0.9238795325112868 0
    outer loop
      vertex 66.5 26 -2
      vertex 68 26.621320343559642 -2
      vertex 66.5 26 0.25
    endloop
  endfacet
  facet normal -0.9238795325112861 0.3826834323650913 0
    outer loop
      vertex 64 28.5 -2
      vertex 64.62132034355965 30 0.25
      vertex 64.62132034355965 30 -2
    endloop
  endfacet
  facet normal -0.38268343236508967 -0.9238795325112867 0
    outer loop
      vertex 66.5 26 -2
      vertex 66.5 26 0.25
      vertex 64.73223304703363 26.73223304703363 0.25
    endloop
  endfacet
  facet normal -0.9238795325112867 -0.38268343236508967 0
    outer loop
      vertex 64.73223304703363 26.73223304703363 -2
      vertex 64.73223304703363 26.73223304703363 0.25
      vertex 64 28.5 0.25
    endloop
  endfacet
  facet normal 0.38268343236508945 -0.9238795325112868 0
    outer loop
      vertex 68 26.621320343559642 -2
      vertex 68 26.621320343559642 0.25
      vertex 66.5 26 0.25
    endloop
  endfacet
  facet normal -0.9238795325112861 0.3826834323650913 0
    outer loop
      vertex 64 28.5 -2
      vertex 64 28.5 0.25
      vertex 64.62132034355965 30 0.25
    endloop
  endfacet
  facet normal -0.9238795325112867 -0.3826834323650897 0
    outer loop
      vertex 40 28.5 -3
      vertex 40.73223304703363 26.73223304703363 -2.8477590650225735
      vertex 40 28.5 -2.8477590650225735
    endloop
  endfacet
  facet normal 0 0 -1
    outer loop
      vertex 40.73223304703363 26.73223304703363 -3
      vertex 41.6 26.941154273188012 -3
      vertex 42.5 26 -3
    endloop
  endfacet
  facet normal 0 0 -1
    outer loop
      vertex 42.5 26 -3
      vertex 41.6 26.941154273188012 -3
      vertex 43.4 26.941154273188012 -3
    endloop
  endfacet
  facet normal -0.3826834323650897 -0.9238795325112867 0
    outer loop
      vertex 40.73223304703363 26.73223304703363 -3
      vertex 42.5 26 -3
      vertex 42.5 26 -2.8477590650225735
    endloop
  endfacet
  facet normal -0.3826834323650897 -0.9238795325112867 0
    outer loop
      vertex 40.73223304703363 26.73223304703363 -3
      vertex 42.5 26 -2.8477590650225735
      vertex 40.73223304703363 26.73223304703363 -2.8477590650225735
    endloop
  endfacet
  facet normal 0 0 -1
    outer loop
      vertex 40 28.5 -3
      vertex 41.6 26.941154273188012 -3
      vertex 40.73223304703363 26.73223304703363 -3
    endloop
  endfacet
  facet normal -0.9238795325112867 -0.3826834323650897 0
    outer loop
      vertex 40 28.5 -3
      vertex 40.73223304703363 26.73223304703363 -3
      vertex 40.73223304703363 26.73223304703363 -2.8477590650225735
    endloop
  endfacet
  facet normal 0 0 -1
    outer loop
      vertex 40 28.5 -3
      vertex 40.7 28.5 -3
      vertex 41.6 26.941154273188012 -3
    endloop
  endfacet
  facet normal -0.9238795325112867 0.3826834323650897 0
    outer loop
      vertex 40 28.5 -3
      vertex 40 28.5 -2.8477590650225735
      vertex 40.73223304703363 30.26776695296637 -3
    endloop
  endfacet
  facet normal 0 0 -1
    outer loop
      vertex 40 28.5 -3
      vertex 40.73223304703363 30.26776695296637 -3
      vertex 40.7 28.5 -3
    endloop
  endfacet
  facet normal 0 0 -1
    outer loop
      vertex 40.7 28.5 -3
      vertex 40.73223304703363 30.26776695296637 -3
      vertex 41.6 30.058845726811988 -3
    endloop
  endfacet
  facet normal -0.9238795325112867 0.3826834323650897 0
    outer loop
      vertex 40 28.5 -2.8477590650225735
      vertex 40.73223304703363 30.26776695296637 -2.8477590650225735
      vertex 40.73223304703363 30.26776695296637 -3
    endloop
  endfacet
  facet normal 0 0 -1
    outer loop
      vertex 41.6 30.058845726811988 -3
      vertex 40.73223304703363 30.26776695296637 -3
      vertex 42.5 31 -3
    endloop
  endfacet
  facet normal 0 0 -1
    outer loop
      vertex 41.6 30.058845726811988 -3
      vertex 42.5 31 -3
      vertex 43.4 30.058845726811988 -3
    endloop
  endfacet
  facet normal -0.3826834323650897 0.9238795325112867 -4.192391266219381e-15
    outer loop
      vertex 40.73223304703363 30.26776695296637 -3
      vertex 41.76623927878312 30.696066357735305 -2.8477590650225735
      vertex 42.5 31 -3
    endloop
  endfacet
  facet normal -0.3826834323650903 0.9238795325112865 0
    outer loop
      vertex 40.73223304703363 30.26776695296637 -3
      vertex 40.73223304703363 30.26776695296637 -2.8477590650225735
      vertex 41.76623927878312 30.696066357735305 -2.8477590650225735
    endloop
  endfacet
  facet normal -0.382683432365089 0.9238795325112871 0
    outer loop
      vertex 42.5 31 -3
      vertex 41.76623927878312 30.696066357735305 -2.8477590650225735
      vertex 42.5 31 -2.542804530339021
    endloop
  endfacet
  facet normal 0 0 -1
    outer loop
      vertex 42.5 26 -3
      vertex 43.4 26.941154273188012 -3
      vertex 44.26776695296637 26.73223304703363 -3
    endloop
  endfacet
  facet normal 0.3826834323650897 -0.9238795325112867 0
    outer loop
      vertex 42.5 26 -3
      vertex 44.26776695296637 26.73223304703363 -3
      vertex 44.26776695296637 26.73223304703363 -2.8477590650225735
    endloop
  endfacet
  facet normal 0.3826834323650897 -0.9238795325112867 0
    outer loop
      vertex 42.5 26 -3
      vertex 44.26776695296637 26.73223304703363 -2.8477590650225735
      vertex 42.5 26 -2.8477590650225735
    endloop
  endfacet
  facet normal 0 0 -1
    outer loop
      vertex 43.4 26.941154273188012 -3
      vertex 44.3 28.5 -3
      vertex 44.26776695296637 26.73223304703363 -3
    endloop
  endfacet
  facet normal 0 0 -1
    outer loop
      vertex 44.26776695296637 26.73223304703363 -3
      vertex 44.3 28.5 -3
      vertex 45 28.5 -3
    endloop
  endfacet
  facet normal 0.9238795325112867 -0.3826834323650897 0
    outer loop
      vertex 44.26776695296637 26.73223304703363 -3
      vertex 45 28.5 -2.8477590650225735
      vertex 44.26776695296637 26.73223304703363 -2.8477590650225735
    endloop
  endfacet
  facet normal 0.9238795325112867 -0.3826834323650897 0
    outer loop
      vertex 44.26776695296637 26.73223304703363 -3
      vertex 45 28.5 -3
      vertex 45 28.5 -2.8477590650225735
    endloop
  endfacet
  facet normal 0 0 -1
    outer loop
      vertex 44.3 28.5 -3
      vertex 43.4 30.058845726811988 -3
      vertex 45 28.5 -3
    endloop
  endfacet
  facet normal 0 0 -1
    outer loop
      vertex 45 28.5 -3
      vertex 43.4 30.058845726811988 -3
      vertex 44.26776695296637 30.26776695296637 -3
    endloop
  endfacet
  facet normal 0.9238795325112867 0.3826834323650897 0
    outer loop
      vertex 45 28.5 -3
      vertex 44.26776695296637 30.26776695296637 -3
      vertex 44.26776695296637 30.26776695296637 -2.8477590650225735
    endloop
  endfacet
  facet normal 0 0 -1
    outer loop
      vertex 42.5 31 -3
      vertex 44.26776695296637 30.26776695296637 -3
      vertex 43.4 30.058845726811988 -3
    endloop
  endfacet
  facet normal 0.3826834323650897 0.9238795325112867 -7.62252957494433e-16
    outer loop
      vertex 42.5 31 -3
      vertex 43.205053248494494 30.707957382278373 -2.8477590650225735
      vertex 44.26776695296637 30.26776695296637 -3
    endloop
  endfacet
  facet normal 0.3826834323650899 0.9238795325112867 0
    outer loop
      vertex 44.26776695296637 30.26776695296637 -3
      vertex 43.205053248494494 30.707957382278373 -2.8477590650225735
      vertex 44.26776695296637 30.26776695296637 -2.8477590650225735
    endloop
  endfacet
  facet normal 0.9238795325112867 0.3826834323650897 0
    outer loop
      vertex 45 28.5 -3
      vertex 44.26776695296637 30.26776695296637 -2.8477590650225735
      vertex 45 28.5 -2.8477590650225735
    endloop
  endfacet
  facet normal 0.3826834323650896 0.9238795325112868 0
    outer loop
      vertex 42.5 31 -3
      vertex 42.5 31 -2.542804530339021
      vertex 43.205053248494494 30.707957382278373 -2.8477590650225735
    endloop
  endfacet
  facet normal -0.9238795325112867 -0.38268343236508967 0
    outer loop
      vertex 40 28.5 -2
      vertex 40.73223304703363 26.73223304703363 -2
      vertex 40 28.5 0.25
    endloop
  endfacet
  facet normal -0.38268343236508967 -0.9238795325112867 0
    outer loop
      vertex 40.73223304703363 26.73223304703363 -2
      vertex 42.5 26 -2
      vertex 40.73223304703363 26.73223304703363 0.25
    endloop
  endfacet
  facet normal -0.9238795325112874 0.38268343236508834 0
    outer loop
      vertex 40 28.5 -2
      vertex 40.59597449413248 29.938809706563077 0.25
      vertex 40.59597449413248 29.938809706563077 -2
    endloop
  endfacet
  facet normal 0.38268343236508967 -0.9238795325112867 0
    outer loop
      vertex 42.5 26 -2
      vertex 44.26776695296637 26.73223304703363 -2
      vertex 42.5 26 0.25
    endloop
  endfacet
  facet normal 0.9238795325112867 -0.38268343236508967 0
    outer loop
      vertex 44.26776695296637 26.73223304703363 -2
      vertex 45 28.5 -2
      vertex 44.26776695296637 26.73223304703363 0.25
    endloop
  endfacet
  facet normal 0.9238795325112863 0.3826834323650909 0
    outer loop
      vertex 45 28.5 -2
      vertex 44.39103405841677 29.970173835193528 -2
      vertex 45 28.5 0.25
    endloop
  endfacet
  facet normal -0.38268343236508967 -0.9238795325112867 0
    outer loop
      vertex 42.5 26 -2
      vertex 42.5 26 0.25
      vertex 40.73223304703363 26.73223304703363 0.25
    endloop
  endfacet
  facet normal -0.9238795325112867 -0.38268343236508967 0
    outer loop
      vertex 40.73223304703363 26.73223304703363 -2
      vertex 40.73223304703363 26.73223304703363 0.25
      vertex 40 28.5 0.25
    endloop
  endfacet
  facet normal -0.9238795325112874 0.38268343236508834 0
    outer loop
      vertex 40 28.5 -2
      vertex 40 28.5 0.25
      vertex 40.59597449413248 29.938809706563077 0.25
    endloop
  endfacet
  facet normal 0.38268343236508967 -0.9238795325112867 0
    outer loop
      vertex 44.26776695296637 26.73223304703363 -2
      vertex 44.26776695296637 26.73223304703363 0.25
      vertex 42.5 26 0.25
    endloop
  endfacet
  facet normal 0.9238795325112867 -0.38268343236508967 0
    outer loop
      vertex 45 28.5 -2
      vertex 45 28.5 0.25
      vertex 44.26776695296637 26.73223304703363 0.25
    endloop
  endfacet
  facet normal 0.9238795325112863 0.3826834323650909 0
    outer loop
      vertex 44.39103405841677 29.970173835193528 -2
      vertex 44.39103405841677 29.970173835193528 0.25
      vertex 45 28.5 0.25
    endloop
  endfacet
  facet normal 0 0 -1
    outer loop
      vertex 20.73223304703363 26.23223304703363 -3
      vertex 20 28 -3
      vertex 21.6 26.441154273188012 -3
    endloop
  endfacet
  facet normal -0.9238795325112867 -0.3826834323650897 0
    outer loop
      vertex 20.73223304703363 26.23223304703363 -3
      vertex 20.73223304703363 26.23223304703363 -2.8477590650225735
      vertex 20 28 -3
    endloop
  endfacet
  facet normal 0 0 -1
    outer loop
      vertex 20 28 -3
      vertex 20.7 28 -3
      vertex 21.6 26.441154273188012 -3
    endloop
  endfacet
  facet normal 0 0 -1
    outer loop
      vertex 20 28 -3
      vertex 20.73223304703363 29.76776695296637 -3
      vertex 20.7 28 -3
    endloop
  endfacet
  facet normal -0.9238795325112867 0.3826834323650897 0
    outer loop
      vertex 20 28 -3
      vertex 20 28 -2.8477590650225735
      vertex 20.73223304703363 29.76776695296637 -3
    endloop
  endfacet
  facet normal -0.9238795325112867 -0.3826834323650897 0
    outer loop
      vertex 20.73223304703363 26.23223304703363 -2.8477590650225735
      vertex 20 28 -2.8477590650225735
      vertex 20 28 -3
    endloop
  endfacet
  facet normal 0 0 -1
    outer loop
      vertex 20.7 28 -3
      vertex 20.73223304703363 29.76776695296637 -3
      vertex 21.6 29.558845726811988 -3
    endloop
  endfacet
  facet normal -0.9238795325112867 0.3826834323650897 0
    outer loop
      vertex 20 28 -2.8477590650225735
      vertex 20.73223304703363 29.76776695296637 -2.8477590650225735
      vertex 20.73223304703363 29.76776695296637 -3
    endloop
  endfacet
  facet normal 0 0 -1
    outer loop
      vertex 20.73223304703363 26.23223304703363 -3
      vertex 21.6 26.441154273188012 -3
      vertex 22.5 25.5 -3
    endloop
  endfacet
  facet normal -0.3826834323650897 -0.9238795325112867 0
    outer loop
      vertex 20.73223304703363 26.23223304703363 -3
      vertex 22.5 25.5 -3
      vertex 22.5 25.5 -2.8477590650225735
    endloop
  endfacet
  facet normal 0 0 -1
    outer loop
      vertex 21.6 26.441154273188012 -3
      vertex 23.4 26.441154273188012 -3
      vertex 22.5 25.5 -3
    endloop
  endfacet
  facet normal -0.3826834323650897 -0.9238795325112867 0
    outer loop
      vertex 20.73223304703363 26.23223304703363 -3
      vertex 22.5 25.5 -2.8477590650225735
      vertex 20.73223304703363 26.23223304703363 -2.8477590650225735
    endloop
  endfacet
  facet normal 0.3826834323650897 -0.9238795325112867 0
    outer loop
      vertex 22.5 25.5 -3
      vertex 24.26776695296637 26.23223304703363 -2.8477590650225735
      vertex 22.5 25.5 -2.8477590650225735
    endloop
  endfacet
  facet normal 0 0 -1
    outer loop
      vertex 22.5 25.5 -3
      vertex 23.4 26.441154273188012 -3
      vertex 24.26776695296637 26.23223304703363 -3
    endloop
  endfacet
  facet normal 0.3826834323650897 -0.9238795325112867 0
    outer loop
      vertex 22.5 25.5 -3
      vertex 24.26776695296637 26.23223304703363 -3
      vertex 24.26776695296637 26.23223304703363 -2.8477590650225735
    endloop
  endfacet
  facet normal 0 0 -1
    outer loop
      vertex 23.4 26.441154273188012 -3
      vertex 24.3 28 -3
      vertex 24.26776695296637 26.23223304703363 -3
    endloop
  endfacet
  facet normal 0.9238795325112867 -0.3826834323650897 0
    outer loop
      vertex 24.26776695296637 26.23223304703363 -3
      vertex 25 28 -2.8477590650225735
      vertex 24.26776695296637 26.23223304703363 -2.8477590650225735
    endloop
  endfacet
  facet normal 0 0 -1
    outer loop
      vertex 24.3 28 -3
      vertex 23.4 29.558845726811988 -3
      vertex 25 28 -3
    endloop
  endfacet
  facet normal 0 0 -1
    outer loop
      vertex 24.26776695296637 26.23223304703363 -3
      vertex 24.3 28 -3
      vertex 25 28 -3
    endloop
  endfacet
  facet normal 0.9238795325112867 -0.3826834323650897 0
    outer loop
      vertex 24.26776695296637 26.23223304703363 -3
      vertex 25 28 -3
      vertex 25 28 -2.8477590650225735
    endloop
  endfacet
  facet normal 0.9238795325112867 0.3826834323650897 0
    outer loop
      vertex 25 28 -3
      vertex 24.26776695296637 29.76776695296637 -2.8477590650225735
      vertex 25 28 -2.8477590650225735
    endloop
  endfacet
  facet normal 0 0 -1
    outer loop
      vertex 20.73223304703363 29.76776695296637 -3
      vertex 22.5 30.5 -3
      vertex 21.6 29.558845726811988 -3
    endloop
  endfacet
  facet normal -0.3826834323650897 0.9238795325112867 0
    outer loop
      vertex 20.73223304703363 29.76776695296637 -3
      vertex 20.73223304703363 29.76776695296637 -2.8477590650225735
      vertex 22.5 30.5 -3
    endloop
  endfacet
  facet normal 0 0 -1
    outer loop
      vertex 21.6 29.558845726811988 -3
      vertex 22.5 30.5 -3
      vertex 23.4 29.558845726811988 -3
    endloop
  endfacet
  facet normal 0.3826834323650897 0.9238795325112867 0
    outer loop
      vertex 22.5 30.5 -3
      vertex 22.5 30.5 -2.8477590650225735
      vertex 24.26776695296637 29.76776695296637 -3
    endloop
  endfacet
  facet normal -0.3826834323650897 0.9238795325112867 0
    outer loop
      vertex 20.73223304703363 29.76776695296637 -2.8477590650225735
      vertex 22.5 30.5 -2.8477590650225735
      vertex 22.5 30.5 -3
    endloop
  endfacet
  facet normal 0 0 -1
    outer loop
      vertex 25 28 -3
      vertex 23.4 29.558845726811988 -3
      vertex 24.26776695296637 29.76776695296637 -3
    endloop
  endfacet
  facet normal 0 0 -1
    outer loop
      vertex 22.5 30.5 -3
      vertex 24.26776695296637 29.76776695296637 -3
      vertex 23.4 29.558845726811988 -3
    endloop
  endfacet
  facet normal 0.9238795325112867 0.3826834323650897 0
    outer loop
      vertex 25 28 -3
      vertex 24.26776695296637 29.76776695296637 -3
      vertex 24.26776695296637 29.76776695296637 -2.8477590650225735
    endloop
  endfacet
  facet normal 0.3826834323650897 0.9238795325112867 0
    outer loop
      vertex 22.5 30.5 -2.8477590650225735
      vertex 24.26776695296637 29.76776695296637 -2.8477590650225735
      vertex 24.26776695296637 29.76776695296637 -3
    endloop
  endfacet
  facet normal -0.9238795325112867 -0.38268343236508967 0
    outer loop
      vertex 20.73223304703363 26.23223304703363 -2
      vertex 20 28 0.25
      vertex 20 28 -2
    endloop
  endfacet
  facet normal -0.9238795325112867 0.38268343236508967 0
    outer loop
      vertex 20 28 -2
      vertex 20.73223304703363 29.76776695296637 0.25
      vertex 20.73223304703363 29.76776695296637 -2
    endloop
  endfacet
  facet normal -0.3826834323651755 0.9238795325112512 0
    outer loop
      vertex 20.74918000207984 29.774786611587437 -2
      vertex 20.73223304703363 29.76776695296637 -2
      vertex 20.74918000207984 29.774786611587437 0.25
    endloop
  endfacet
  facet normal -0.38268343236508967 -0.9238795325112867 0
    outer loop
      vertex 20.73223304703363 26.23223304703363 -2
      vertex 22.5 25.5 -2
      vertex 20.73223304703363 26.23223304703363 0.25
    endloop
  endfacet
  facet normal 0.38268343236508967 -0.9238795325112867 0
    outer loop
      vertex 22.5 25.5 -2
      vertex 24.26776695296637 26.23223304703363 -2
      vertex 22.5 25.5 0.25
    endloop
  endfacet
  facet normal 0.9238795325112867 -0.38268343236508967 0
    outer loop
      vertex 24.26776695296637 26.23223304703363 -2
      vertex 25 28 -2
      vertex 24.26776695296637 26.23223304703363 0.25
    endloop
  endfacet
  facet normal 0.9238795325112867 0.38268343236508967 0
    outer loop
      vertex 25 28 -2
      vertex 24.26776695296637 29.76776695296637 -2
      vertex 25 28 0.25
    endloop
  endfacet
  facet normal 0.38268343236508084 0.9238795325112905 0
    outer loop
      vertex 24.182321349956617 29.803159680578155 -2
      vertex 24.26776695296637 29.76776695296637 0.25
      vertex 24.26776695296637 29.76776695296637 -2
    endloop
  endfacet
  facet normal -0.9238795325112867 -0.38268343236508967 0
    outer loop
      vertex 20.73223304703363 26.23223304703363 -2
      vertex 20.73223304703363 26.23223304703363 0.25
      vertex 20 28 0.25
    endloop
  endfacet
  facet normal -0.9238795325112867 0.38268343236508967 0
    outer loop
      vertex 20 28 -2
      vertex 20 28 0.25
      vertex 20.73223304703363 29.76776695296637 0.25
    endloop
  endfacet
  facet normal -0.3826834323651755 0.9238795325112512 0
    outer loop
      vertex 20.73223304703363 29.76776695296637 -2
      vertex 20.73223304703363 29.76776695296637 0.25
      vertex 20.74918000207984 29.774786611587437 0.25
    endloop
  endfacet
  facet normal -0.38268343236508967 -0.9238795325112867 0
    outer loop
      vertex 22.5 25.5 -2
      vertex 22.5 25.5 0.25
      vertex 20.73223304703363 26.23223304703363 0.25
    endloop
  endfacet
  facet normal 0.38268343236508967 -0.9238795325112867 0
    outer loop
      vertex 24.26776695296637 26.23223304703363 -2
      vertex 24.26776695296637 26.23223304703363 0.25
      vertex 22.5 25.5 0.25
    endloop
  endfacet
  facet normal 0.9238795325112867 -0.38268343236508967 0
    outer loop
      vertex 25 28 -2
      vertex 25 28 0.25
      vertex 24.26776695296637 26.23223304703363 0.25
    endloop
  endfacet
  facet normal 0.38268343236508084 0.9238795325112905 0
    outer loop
      vertex 24.182321349956617 29.803159680578155 -2
      vertex 24.182321349956617 29.803159680578155 0.25
      vertex 24.26776695296637 29.76776695296637 0.25
    endloop
  endfacet
  facet normal 0.9238795325112867 0.38268343236508967 0
    outer loop
      vertex 24.26776695296637 29.76776695296637 -2
      vertex 24.26776695296637 29.76776695296637 0.25
      vertex 25 28 0.25
    endloop
  endfacet
  facet normal 0 0 -1
    outer loop
      vertex -13.767766952966369 26.23223304703363 -3
      vertex -14.5 28 -3
      vertex -12.9 26.441154273188012 -3
    endloop
  endfacet
  facet normal -0.9238795325112867 -0.3826834323650897 0
    outer loop
      vertex -13.767766952966369 26.23223304703363 -3
      vertex -13.767766952966369 26.23223304703363 -2.8477590650225735
      vertex -14.5 28 -3
    endloop
  endfacet
  facet normal 0 0 -1
    outer loop
      vertex -14.5 28 -3
      vertex -13.8 28 -3
      vertex -12.9 26.441154273188012 -3
    endloop
  endfacet
  facet normal 0 0 -1
    outer loop
      vertex -14.5 28 -3
      vertex -13.767766952966369 29.76776695296637 -3
      vertex -13.8 28 -3
    endloop
  endfacet
  facet normal -0.9238795325112867 0.3826834323650897 0
    outer loop
      vertex -14.5 28 -3
      vertex -14.5 28 -2.8477590650225735
      vertex -13.767766952966369 29.76776695296637 -3
    endloop
  endfacet
  facet normal -0.9238795325112867 -0.3826834323650897 0
    outer loop
      vertex -13.767766952966369 26.23223304703363 -2.8477590650225735
      vertex -14.5 28 -2.8477590650225735
      vertex -14.5 28 -3
    endloop
  endfacet
  facet normal 0 0 -1
    outer loop
      vertex -13.8 28 -3
      vertex -13.767766952966369 29.76776695296637 -3
      vertex -12.9 29.558845726811988 -3
    endloop
  endfacet
  facet normal -0.9238795325112867 0.3826834323650897 0
    outer loop
      vertex -14.5 28 -2.8477590650225735
      vertex -13.767766952966369 29.76776695296637 -2.8477590650225735
      vertex -13.767766952966369 29.76776695296637 -3
    endloop
  endfacet
  facet normal 0 0 -1
    outer loop
      vertex -13.767766952966369 26.23223304703363 -3
      vertex -12.9 26.441154273188012 -3
      vertex -12 25.5 -3
    endloop
  endfacet
  facet normal -0.3826834323650897 -0.9238795325112867 0
    outer loop
      vertex -13.767766952966369 26.23223304703363 -3
      vertex -12 25.5 -3
      vertex -12 25.5 -2.8477590650225735
    endloop
  endfacet
  facet normal 0 0 -1
    outer loop
      vertex -12.9 26.441154273188012 -3
      vertex -11.1 26.441154273188012 -3
      vertex -12 25.5 -3
    endloop
  endfacet
  facet normal -0.3826834323650897 -0.9238795325112867 0
    outer loop
      vertex -13.767766952966369 26.23223304703363 -3
      vertex -12 25.5 -2.8477590650225735
      vertex -13.767766952966369 26.23223304703363 -2.8477590650225735
    endloop
  endfacet
  facet normal 0.3826834323650897 -0.9238795325112867 0
    outer loop
      vertex -12 25.5 -3
      vertex -10.232233047033631 26.23223304703363 -2.8477590650225735
      vertex -12 25.5 -2.8477590650225735
    endloop
  endfacet
  facet normal 0 0 -1
    outer loop
      vertex -12 25.5 -3
      vertex -11.1 26.441154273188012 -3
      vertex -10.232233047033631 26.23223304703363 -3
    endloop
  endfacet
  facet normal 0.3826834323650897 -0.9238795325112867 0
    outer loop
      vertex -12 25.5 -3
      vertex -10.232233047033631 26.23223304703363 -3
      vertex -10.232233047033631 26.23223304703363 -2.8477590650225735
    endloop
  endfacet
  facet normal 0 0 -1
    outer loop
      vertex -11.1 26.441154273188012 -3
      vertex -10.2 28 -3
      vertex -10.232233047033631 26.23223304703363 -3
    endloop
  endfacet
  facet normal 0.9238795325112867 -0.3826834323650897 0
    outer loop
      vertex -10.232233047033631 26.23223304703363 -3
      vertex -9.5 28 -2.8477590650225735
      vertex -10.232233047033631 26.23223304703363 -2.8477590650225735
    endloop
  endfacet
  facet normal 0 0 -1
    outer loop
      vertex -10.2 28 -3
      vertex -11.1 29.558845726811988 -3
      vertex -9.5 28 -3
    endloop
  endfacet
  facet normal 0 0 -1
    outer loop
      vertex -10.232233047033631 26.23223304703363 -3
      vertex -10.2 28 -3
      vertex -9.5 28 -3
    endloop
  endfacet
  facet normal 0.9238795325112867 -0.3826834323650897 0
    outer loop
      vertex -10.232233047033631 26.23223304703363 -3
      vertex -9.5 28 -3
      vertex -9.5 28 -2.8477590650225735
    endloop
  endfacet
  facet normal 0.9238795325112867 0.3826834323650897 0
    outer loop
      vertex -9.5 28 -3
      vertex -10.232233047033631 29.76776695296637 -2.8477590650225735
      vertex -9.5 28 -2.8477590650225735
    endloop
  endfacet
  facet normal 0 0 -1
    outer loop
      vertex -13.767766952966369 29.76776695296637 -3
      vertex -12 30.5 -3
      vertex -12.9 29.558845726811988 -3
    endloop
  endfacet
  facet normal -0.3826834323650897 0.9238795325112867 7.62252957494433e-15
    outer loop
      vertex -13.767766952966369 29.76776695296637 -3
      vertex -12.611610488803843 30.24666264064781 -2.8477590650225735
      vertex -12 30.5 -3
    endloop
  endfacet
  facet normal 0 0 -1
    outer loop
      vertex -12.9 29.558845726811988 -3
      vertex -12 30.5 -3
      vertex -11.1 29.558845726811988 -3
    endloop
  endfacet
  facet normal -0.3826834323650889 0.9238795325112872 0
    outer loop
      vertex -13.767766952966369 29.76776695296637 -3
      vertex -13.767766952966369 29.76776695296637 -2.8477590650225735
      vertex -12.611610488803843 30.24666264064781 -2.8477590650225735
    endloop
  endfacet
  facet normal 0 0 -1
    outer loop
      vertex -9.5 28 -3
      vertex -11.1 29.558845726811988 -3
      vertex -10.232233047033631 29.76776695296637 -3
    endloop
  endfacet
  facet normal 0 0 -1
    outer loop
      vertex -12 30.5 -3
      vertex -10.232233047033631 29.76776695296637 -3
      vertex -11.1 29.558845726811988 -3
    endloop
  endfacet
  facet normal 0.3826834323650897 0.9238795325112867 -1.0290414926174844e-14
    outer loop
      vertex -12 30.5 -3
      vertex -11.412318008479227 30.256574148749667 -2.8477590650225735
      vertex -10.232233047033631 29.76776695296637 -3
    endloop
  endfacet
  facet normal 0.9238795325112867 0.3826834323650897 0
    outer loop
      vertex -9.5 28 -3
      vertex -10.232233047033631 29.76776695296637 -3
      vertex -10.232233047033631 29.76776695296637 -2.8477590650225735
    endloop
  endfacet
  facet normal 0.3826834323650909 0.9238795325112864 0
    outer loop
      vertex -11.412318008479227 30.256574148749667 -2.8477590650225735
      vertex -10.232233047033631 29.76776695296637 -2.8477590650225735
      vertex -10.232233047033631 29.76776695296637 -3
    endloop
  endfacet
  facet normal -0.3826834323650914 0.9238795325112861 0
    outer loop
      vertex -12 30.5 -3
      vertex -12.611610488803843 30.24666264064781 -2.8477590650225735
      vertex -12 30.5 -2.593570762722282
    endloop
  endfacet
  facet normal 0.3826834323650874 0.9238795325112877 0
    outer loop
      vertex -12 30.5 -3
      vertex -12 30.5 -2.593570762722282
      vertex -11.412318008479227 30.256574148749667 -2.8477590650225735
    endloop
  endfacet
  facet normal -0.9238795325112867 -0.38268343236508967 0
    outer loop
      vertex -13.767766952966369 26.23223304703363 -2
      vertex -14.5 28 0.25
      vertex -14.5 28 -2
    endloop
  endfacet
  facet normal -0.923879532511287 0.3826834323650891 0
    outer loop
      vertex -14.5 28 -2
      vertex -13.944825954476059 29.34030871018144 0.25
      vertex -13.944825954476059 29.34030871018144 -2
    endloop
  endfacet
  facet normal -0.38268343236508967 -0.9238795325112867 0
    outer loop
      vertex -13.767766952966369 26.23223304703363 -2
      vertex -12 25.5 -2
      vertex -13.767766952966369 26.23223304703363 0.25
    endloop
  endfacet
  facet normal 0.38268343236508967 -0.9238795325112867 0
    outer loop
      vertex -12 25.5 -2
      vertex -10.232233047033631 26.23223304703363 -2
      vertex -12 25.5 0.25
    endloop
  endfacet
  facet normal 0.9238795325112867 -0.38268343236508967 0
    outer loop
      vertex -10.232233047033631 26.23223304703363 -2
      vertex -9.5 28 -2
      vertex -10.232233047033631 26.23223304703363 0.25
    endloop
  endfacet
  facet normal 0.923879532511287 0.3826834323650892 0
    outer loop
      vertex -9.5 28 -2
      vertex -10.129435384997787 29.51959144309919 -2
      vertex -9.5 28 0.25
    endloop
  endfacet
  facet normal -0.9238795325112867 -0.38268343236508967 0
    outer loop
      vertex -13.767766952966369 26.23223304703363 -2
      vertex -13.767766952966369 26.23223304703363 0.25
      vertex -14.5 28 0.25
    endloop
  endfacet
  facet normal -0.923879532511287 0.3826834323650891 0
    outer loop
      vertex -14.5 28 -2
      vertex -14.5 28 0.25
      vertex -13.944825954476059 29.34030871018144 0.25
    endloop
  endfacet
  facet normal -0.38268343236508967 -0.9238795325112867 0
    outer loop
      vertex -12 25.5 -2
      vertex -12 25.5 0.25
      vertex -13.767766952966369 26.23223304703363 0.25
    endloop
  endfacet
  facet normal 0.38268343236508967 -0.9238795325112867 0
    outer loop
      vertex -10.232233047033631 26.23223304703363 -2
      vertex -10.232233047033631 26.23223304703363 0.25
      vertex -12 25.5 0.25
    endloop
  endfacet
  facet normal 0.9238795325112867 -0.38268343236508967 0
    outer loop
      vertex -9.5 28 -2
      vertex -9.5 28 0.25
      vertex -10.232233047033631 26.23223304703363 0.25
    endloop
  endfacet
  facet normal 0.923879532511287 0.3826834323650892 0
    outer loop
      vertex -10.129435384997787 29.51959144309919 -2
      vertex -10.129435384997787 29.51959144309919 0.25
      vertex -9.5 28 0.25
    endloop
  endfacet
  facet normal -0.3826834323650897 -0.9238795325112867 0
    outer loop
      vertex 8 -32.5 -3
      vertex 8 -32.5 -2.8477590650225735
      vertex 6.232233047033631 -31.76776695296637 -3
    endloop
  endfacet
  facet normal 0.3826834323650897 -0.9238795325112867 0
    outer loop
      vertex 8 -32.5 -3
      vertex 9.767766952966369 -31.76776695296637 -2.8477590650225735
      vertex 8 -32.5 -2.8477590650225735
    endloop
  endfacet
  facet normal -0.9238795325112867 -0.3826834323650897 0
    outer loop
      vertex 5.5 -30 -3
      vertex 6.232233047033631 -31.76776695296637 -2.8477590650225735
      vertex 5.5 -30 -2.8477590650225735
    endloop
  endfacet
  facet normal -0.9238795325112867 0.3826834323650897 0
    outer loop
      vertex 5.5 -30 -3
      vertex 5.5 -30 -2.8477590650225735
      vertex 6.232233047033631 -28.23223304703363 -3
    endloop
  endfacet
  facet normal 0 0 -1
    outer loop
      vertex 5.5 -30 -3
      vertex 7.1 -31.558845726811988 -3
      vertex 6.232233047033631 -31.76776695296637 -3
    endloop
  endfacet
  facet normal 0 0 -1
    outer loop
      vertex 5.5 -30 -3
      vertex 6.2 -30 -3
      vertex 7.1 -31.558845726811988 -3
    endloop
  endfacet
  facet normal -0.9238795325112867 -0.3826834323650897 0
    outer loop
      vertex 5.5 -30 -3
      vertex 6.232233047033631 -31.76776695296637 -3
      vertex 6.232233047033631 -31.76776695296637 -2.8477590650225735
    endloop
  endfacet
  facet normal 0 0 -1
    outer loop
      vertex 8 -32.5 -3
      vertex 6.232233047033631 -31.76776695296637 -3
      vertex 7.1 -31.558845726811988 -3
    endloop
  endfacet
  facet normal 0 0 -1
    outer loop
      vertex 8 -32.5 -3
      vertex 7.1 -31.558845726811988 -3
      vertex 8.9 -31.558845726811988 -3
    endloop
  endfacet
  facet normal -0.3826834323650897 -0.9238795325112867 0
    outer loop
      vertex 8 -32.5 -2.8477590650225735
      vertex 6.232233047033631 -31.76776695296637 -2.8477590650225735
      vertex 6.232233047033631 -31.76776695296637 -3
    endloop
  endfacet
  facet normal 0 0 -1
    outer loop
      vertex 5.5 -30 -3
      vertex 6.232233047033631 -28.23223304703363 -3
      vertex 6.2 -30 -3
    endloop
  endfacet
  facet normal 0 0 -1
    outer loop
      vertex 6.2 -30 -3
      vertex 6.232233047033631 -28.23223304703363 -3
      vertex 7.1 -28.441154273188012 -3
    endloop
  endfacet
  facet normal -0.3826834323650897 0.9238795325112867 0
    outer loop
      vertex 6.232233047033631 -28.23223304703363 -3
      vertex 6.232233047033631 -28.23223304703363 -2.8477590650225735
      vertex 8 -27.5 -3
    endloop
  endfacet
  facet normal 0 0 -1
    outer loop
      vertex 7.1 -28.441154273188012 -3
      vertex 8 -27.5 -3
      vertex 8.9 -28.441154273188012 -3
    endloop
  endfacet
  facet normal 0 0 -1
    outer loop
      vertex 6.232233047033631 -28.23223304703363 -3
      vertex 8 -27.5 -3
      vertex 7.1 -28.441154273188012 -3
    endloop
  endfacet
  facet normal -0.9238795325112867 0.3826834323650897 0
    outer loop
      vertex 5.5 -30 -2.8477590650225735
      vertex 6.232233047033631 -28.23223304703363 -2.8477590650225735
      vertex 6.232233047033631 -28.23223304703363 -3
    endloop
  endfacet
  facet normal -0.3826834323650897 0.9238795325112867 0
    outer loop
      vertex 8 -27.5 -3
      vertex 6.232233047033631 -28.23223304703363 -2.8477590650225735
      vertex 8 -27.5 -2.8477590650225735
    endloop
  endfacet
  facet normal 0 0 -1
    outer loop
      vertex 8 -32.5 -3
      vertex 8.9 -31.558845726811988 -3
      vertex 9.767766952966369 -31.76776695296637 -3
    endloop
  endfacet
  facet normal 0.3826834323650897 -0.9238795325112867 0
    outer loop
      vertex 8 -32.5 -3
      vertex 9.767766952966369 -31.76776695296637 -3
      vertex 9.767766952966369 -31.76776695296637 -2.8477590650225735
    endloop
  endfacet
  facet normal 0 0 -1
    outer loop
      vertex 8.9 -31.558845726811988 -3
      vertex 9.8 -30 -3
      vertex 9.767766952966369 -31.76776695296637 -3
    endloop
  endfacet
  facet normal 0 0 -1
    outer loop
      vertex 9.767766952966369 -31.76776695296637 -3
      vertex 9.8 -30 -3
      vertex 10.5 -30 -3
    endloop
  endfacet
  facet normal 0.9238795325112867 -0.3826834323650897 0
    outer loop
      vertex 9.767766952966369 -31.76776695296637 -3
      vertex 10.5 -30 -3
      vertex 10.5 -30 -2.8477590650225735
    endloop
  endfacet
  facet normal 0.9238795325112867 -0.3826834323650897 0
    outer loop
      vertex 9.767766952966369 -31.76776695296637 -3
      vertex 10.5 -30 -2.8477590650225735
      vertex 9.767766952966369 -31.76776695296637 -2.8477590650225735
    endloop
  endfacet
  facet normal 0 0 -1
    outer loop
      vertex 9.8 -30 -3
      vertex 8.9 -28.441154273188012 -3
      vertex 10.5 -30 -3
    endloop
  endfacet
  facet normal 0.9238795325112867 0.3826834323650897 0
    outer loop
      vertex 10.5 -30 -3
      vertex 9.767766952966369 -28.23223304703363 -2.8477590650225735
      vertex 10.5 -30 -2.8477590650225735
    endloop
  endfacet
  facet normal 0 0 -1
    outer loop
      vertex 8 -27.5 -3
      vertex 9.767766952966369 -28.23223304703363 -3
      vertex 8.9 -28.441154273188012 -3
    endloop
  endfacet
  facet normal 0.3826834323650897 0.9238795325112867 0
    outer loop
      vertex 8 -27.5 -3
      vertex 8 -27.5 -2.8477590650225735
      vertex 9.767766952966369 -28.23223304703363 -3
    endloop
  endfacet
  facet normal 0 0 -1
    outer loop
      vertex 10.5 -30 -3
      vertex 8.9 -28.441154273188012 -3
      vertex 9.767766952966369 -28.23223304703363 -3
    endloop
  endfacet
  facet normal 0.9238795325112867 0.3826834323650897 0
    outer loop
      vertex 10.5 -30 -3
      vertex 9.767766952966369 -28.23223304703363 -3
      vertex 9.767766952966369 -28.23223304703363 -2.8477590650225735
    endloop
  endfacet
  facet normal 0.3826834323650897 0.9238795325112867 0
    outer loop
      vertex 8 -27.5 -2.8477590650225735
      vertex 9.767766952966369 -28.23223304703363 -2.8477590650225735
      vertex 9.767766952966369 -28.23223304703363 -3
    endloop
  endfacet
  facet normal 0.38268343236508967 -0.9238795325112867 0
    outer loop
      vertex 8 -32.5 -2
      vertex 9.767766952966369 -31.76776695296637 -2
      vertex 8 -32.5 0.25
    endloop
  endfacet
  facet normal -0.9238795325112867 -0.38268343236508967 0
    outer loop
      vertex 5.5 -30 -2
      vertex 6.232233047033631 -31.76776695296637 -2
      vertex 5.5 -30 0.25
    endloop
  endfacet
  facet normal -0.38268343236508967 -0.9238795325112867 0
    outer loop
      vertex 8 -32.5 -2
      vertex 6.232233047033631 -31.76776695296637 0.25
      vertex 6.232233047033631 -31.76776695296637 -2
    endloop
  endfacet
  facet normal -0.9238795325112867 0.38268343236508967 0
    outer loop
      vertex 5.5 -30 -2
      vertex 6.232233047033631 -28.23223304703363 0.25
      vertex 6.232233047033631 -28.23223304703363 -2
    endloop
  endfacet
  facet normal -0.38268343236508967 0.9238795325112867 0
    outer loop
      vertex 6.232233047033631 -28.23223304703363 -2
      vertex 8 -27.5 0.25
      vertex 8 -27.5 -2
    endloop
  endfacet
  facet normal 0.9238795325112867 -0.38268343236508967 0
    outer loop
      vertex 9.767766952966369 -31.76776695296637 -2
      vertex 10.5 -30 -2
      vertex 9.767766952966369 -31.76776695296637 0.25
    endloop
  endfacet
  facet normal 0.9238795325112867 0.38268343236508967 0
    outer loop
      vertex 10.5 -30 -2
      vertex 9.767766952966369 -28.23223304703363 -2
      vertex 10.5 -30 0.25
    endloop
  endfacet
  facet normal 0.38268343236508967 0.9238795325112867 0
    outer loop
      vertex 8 -27.5 -2
      vertex 9.767766952966369 -28.23223304703363 0.25
      vertex 9.767766952966369 -28.23223304703363 -2
    endloop
  endfacet
  facet normal -0.38268343236508967 -0.9238795325112867 0
    outer loop
      vertex 8 -32.5 -2
      vertex 8 -32.5 0.25
      vertex 6.232233047033631 -31.76776695296637 0.25
    endloop
  endfacet
  facet normal -0.9238795325112867 0.38268343236508967 0
    outer loop
      vertex 5.5 -30 -2
      vertex 5.5 -30 0.25
      vertex 6.232233047033631 -28.23223304703363 0.25
    endloop
  endfacet
  facet normal -0.9238795325112867 -0.38268343236508967 0
    outer loop
      vertex 6.232233047033631 -31.76776695296637 -2
      vertex 6.232233047033631 -31.76776695296637 0.25
      vertex 5.5 -30 0.25
    endloop
  endfacet
  facet normal -0.38268343236508967 0.9238795325112867 0
    outer loop
      vertex 6.232233047033631 -28.23223304703363 -2
      vertex 6.232233047033631 -28.23223304703363 0.25
      vertex 8 -27.5 0.25
    endloop
  endfacet
  facet normal 0.38268343236508967 -0.9238795325112867 0
    outer loop
      vertex 9.767766952966369 -31.76776695296637 -2
      vertex 9.767766952966369 -31.76776695296637 0.25
      vertex 8 -32.5 0.25
    endloop
  endfacet
  facet normal 0.9238795325112867 -0.38268343236508967 0
    outer loop
      vertex 10.5 -30 -2
      vertex 10.5 -30 0.25
      vertex 9.767766952966369 -31.76776695296637 0.25
    endloop
  endfacet
  facet normal 0.38268343236508967 0.9238795325112867 0
    outer loop
      vertex 8 -27.5 -2
      vertex 8 -27.5 0.25
      vertex 9.767766952966369 -28.23223304703363 0.25
    endloop
  endfacet
  facet normal 0.9238795325112867 0.38268343236508967 0
    outer loop
      vertex 9.767766952966369 -28.23223304703363 -2
      vertex 9.767766952966369 -28.23223304703363 0.25
      vertex 10.5 -30 0.25
    endloop
  endfacet
  facet normal 0 0 -1
    outer loop
      vertex 37.5 -32.5 -3
      vertex 38.2 -32.5 -3
      vertex 39.1 -34.05884572681199 -3
    endloop
  endfacet
  facet normal -0.9238795325112867 -0.3826834323650897 0
    outer loop
      vertex 38.23223304703363 -34.26776695296637 -3
      vertex 38.23223304703363 -34.26776695296637 -2.8477590650225735
      vertex 37.5 -32.5 -3
    endloop
  endfacet
  facet normal -0.9238795325112867 -0.3826834323650897 0
    outer loop
      vertex 38.23223304703363 -34.26776695296637 -2.8477590650225735
      vertex 37.5 -32.5 -2.8477590650225735
      vertex 37.5 -32.5 -3
    endloop
  endfacet
  facet normal 0 0 -1
    outer loop
      vertex 38.23223304703363 -34.26776695296637 -3
      vertex 39.1 -34.05884572681199 -3
      vertex 40 -35 -3
    endloop
  endfacet
  facet normal -0.3826834323650897 -0.9238795325112867 0
    outer loop
      vertex 38.23223304703363 -34.26776695296637 -3
      vertex 40 -35 -3
      vertex 40 -35 -2.8477590650225735
    endloop
  endfacet
  facet normal 0 0 -1
    outer loop
      vertex 39.1 -34.05884572681199 -3
      vertex 40.9 -34.05884572681199 -3
      vertex 40 -35 -3
    endloop
  endfacet
  facet normal -0.3826834323650897 -0.9238795325112867 0
    outer loop
      vertex 38.23223304703363 -34.26776695296637 -3
      vertex 40 -35 -2.8477590650225735
      vertex 38.23223304703363 -34.26776695296637 -2.8477590650225735
    endloop
  endfacet
  facet normal 0 0 -1
    outer loop
      vertex 38.23223304703363 -34.26776695296637 -3
      vertex 37.5 -32.5 -3
      vertex 39.1 -34.05884572681199 -3
    endloop
  endfacet
  facet normal 0.3826834323650897 -0.9238795325112867 0
    outer loop
      vertex 40 -35 -3
      vertex 41.76776695296637 -34.26776695296637 -3
      vertex 41.76776695296637 -34.26776695296637 -2.8477590650225735
    endloop
  endfacet
  facet normal 0 0 -1
    outer loop
      vertex 40 -35 -3
      vertex 40.9 -34.05884572681199 -3
      vertex 41.76776695296637 -34.26776695296637 -3
    endloop
  endfacet
  facet normal 0.3826834323650897 -0.9238795325112867 0
    outer loop
      vertex 40 -35 -3
      vertex 41.76776695296637 -34.26776695296637 -2.8477590650225735
      vertex 40 -35 -2.8477590650225735
    endloop
  endfacet
  facet normal 0 0 -1
    outer loop
      vertex 40.9 -34.05884572681199 -3
      vertex 41.8 -32.5 -3
      vertex 41.76776695296637 -34.26776695296637 -3
    endloop
  endfacet
  facet normal 0 0 -1
    outer loop
      vertex 41.76776695296637 -34.26776695296637 -3
      vertex 41.8 -32.5 -3
      vertex 42.5 -32.5 -3
    endloop
  endfacet
  facet normal 0.9238795325112867 -0.3826834323650897 0
    outer loop
      vertex 41.76776695296637 -34.26776695296637 -3
      vertex 42.5 -32.5 -3
      vertex 42.5 -32.5 -2.8477590650225735
    endloop
  endfacet
  facet normal 0.9238795325112867 -0.3826834323650897 0
    outer loop
      vertex 41.76776695296637 -34.26776695296637 -3
      vertex 42.5 -32.5 -2.8477590650225735
      vertex 41.76776695296637 -34.26776695296637 -2.8477590650225735
    endloop
  endfacet
  facet normal 0 0 -1
    outer loop
      vertex 37.5 -32.5 -3
      vertex 38.23223304703363 -30.73223304703363 -3
      vertex 38.2 -32.5 -3
    endloop
  endfacet
  facet normal -0.9238795325112867 0.3826834323650897 0
    outer loop
      vertex 37.5 -32.5 -3
      vertex 37.5 -32.5 -2.8477590650225735
      vertex 38.23223304703363 -30.73223304703363 -3
    endloop
  endfacet
  facet normal -0.9238795325112867 0.3826834323650897 0
    outer loop
      vertex 37.5 -32.5 -2.8477590650225735
      vertex 38.23223304703363 -30.73223304703363 -2.8477590650225735
      vertex 38.23223304703363 -30.73223304703363 -3
    endloop
  endfacet
  facet normal 0 0 -1
    outer loop
      vertex 38.2 -32.5 -3
      vertex 38.23223304703363 -30.73223304703363 -3
      vertex 39.1 -30.941154273188012 -3
    endloop
  endfacet
  facet normal 0 0 -1
    outer loop
      vertex 38.23223304703363 -30.73223304703363 -3
      vertex 40 -30 -3
      vertex 39.1 -30.941154273188012 -3
    endloop
  endfacet
  facet normal 0 0 -1
    outer loop
      vertex 39.1 -30.941154273188012 -3
      vertex 40 -30 -3
      vertex 40.9 -30.941154273188012 -3
    endloop
  endfacet
  facet normal -0.3826834323650897 0.9238795325112867 0
    outer loop
      vertex 38.23223304703363 -30.73223304703363 -3
      vertex 38.23223304703363 -30.73223304703363 -2.8477590650225735
      vertex 40 -30 -3
    endloop
  endfacet
  facet normal -0.3826834323650897 0.9238795325112867 0
    outer loop
      vertex 38.23223304703363 -30.73223304703363 -2.8477590650225735
      vertex 40 -30 -2.8477590650225735
      vertex 40 -30 -3
    endloop
  endfacet
  facet normal 0 0 -1
    outer loop
      vertex 40 -30 -3
      vertex 41.76776695296637 -30.73223304703363 -3
      vertex 40.9 -30.941154273188012 -3
    endloop
  endfacet
  facet normal 0 0 -1
    outer loop
      vertex 41.8 -32.5 -3
      vertex 40.9 -30.941154273188012 -3
      vertex 42.5 -32.5 -3
    endloop
  endfacet
  facet normal 0 0 -1
    outer loop
      vertex 42.5 -32.5 -3
      vertex 40.9 -30.941154273188012 -3
      vertex 41.76776695296637 -30.73223304703363 -3
    endloop
  endfacet
  facet normal 0.9238795325112867 0.3826834323650897 0
    outer loop
      vertex 42.5 -32.5 -3
      vertex 41.76776695296637 -30.73223304703363 -3
      vertex 41.76776695296637 -30.73223304703363 -2.8477590650225735
    endloop
  endfacet
  facet normal 0.9238795325112867 0.3826834323650897 0
    outer loop
      vertex 42.5 -32.5 -3
      vertex 41.76776695296637 -30.73223304703363 -2.8477590650225735
      vertex 42.5 -32.5 -2.8477590650225735
    endloop
  endfacet
  facet normal 0.3826834323650897 0.9238795325112867 0
    outer loop
      vertex 40 -30 -3
      vertex 40 -30 -2.8477590650225735
      vertex 41.76776695296637 -30.73223304703363 -3
    endloop
  endfacet
  facet normal 0.3826834323650897 0.9238795325112867 0
    outer loop
      vertex 40 -30 -2.8477590650225735
      vertex 41.76776695296637 -30.73223304703363 -2.8477590650225735
      vertex 41.76776695296637 -30.73223304703363 -3
    endloop
  endfacet
  facet normal -0.9238795325112867 -0.38268343236508967 0
    outer loop
      vertex 38.23223304703363 -34.26776695296637 -2
      vertex 37.5 -32.5 0.25
      vertex 37.5 -32.5 -2
    endloop
  endfacet
  facet normal -0.38268343236508967 -0.9238795325112867 0
    outer loop
      vertex 38.23223304703363 -34.26776695296637 -2
      vertex 40 -35 -2
      vertex 38.23223304703363 -34.26776695296637 0.25
    endloop
  endfacet
  facet normal 0.38268343236508967 -0.9238795325112867 0
    outer loop
      vertex 40 -35 -2
      vertex 41.76776695296637 -34.26776695296637 -2
      vertex 40 -35 0.25
    endloop
  endfacet
  facet normal 0.9238795325112867 -0.38268343236508967 0
    outer loop
      vertex 41.76776695296637 -34.26776695296637 -2
      vertex 42.5 -32.5 -2
      vertex 41.76776695296637 -34.26776695296637 0.25
    endloop
  endfacet
  facet normal -0.9238795325112867 0.38268343236508967 0
    outer loop
      vertex 37.5 -32.5 -2
      vertex 38.23223304703363 -30.73223304703363 0.25
      vertex 38.23223304703363 -30.73223304703363 -2
    endloop
  endfacet
  facet normal -0.38268343236508967 0.9238795325112867 0
    outer loop
      vertex 38.23223304703363 -30.73223304703363 -2
      vertex 40 -30 0.25
      vertex 40 -30 -2
    endloop
  endfacet
  facet normal 0.9238795325112867 0.38268343236508967 0
    outer loop
      vertex 42.5 -32.5 -2
      vertex 41.76776695296637 -30.73223304703363 -2
      vertex 42.5 -32.5 0.25
    endloop
  endfacet
  facet normal 0.38268343236508967 0.9238795325112867 0
    outer loop
      vertex 40 -30 -2
      vertex 41.76776695296637 -30.73223304703363 0.25
      vertex 41.76776695296637 -30.73223304703363 -2
    endloop
  endfacet
  facet normal -0.9238795325112867 -0.38268343236508967 0
    outer loop
      vertex 38.23223304703363 -34.26776695296637 -2
      vertex 38.23223304703363 -34.26776695296637 0.25
      vertex 37.5 -32.5 0.25
    endloop
  endfacet
  facet normal -0.38268343236508967 -0.9238795325112867 0
    outer loop
      vertex 40 -35 -2
      vertex 40 -35 0.25
      vertex 38.23223304703363 -34.26776695296637 0.25
    endloop
  endfacet
  facet normal 0.38268343236508967 -0.9238795325112867 0
    outer loop
      vertex 41.76776695296637 -34.26776695296637 -2
      vertex 41.76776695296637 -34.26776695296637 0.25
      vertex 40 -35 0.25
    endloop
  endfacet
  facet normal 0.9238795325112867 -0.38268343236508967 0
    outer loop
      vertex 42.5 -32.5 -2
      vertex 42.5 -32.5 0.25
      vertex 41.76776695296637 -34.26776695296637 0.25
    endloop
  endfacet
  facet normal -0.9238795325112867 0.38268343236508967 0
    outer loop
      vertex 37.5 -32.5 -2
      vertex 37.5 -32.5 0.25
      vertex 38.23223304703363 -30.73223304703363 0.25
    endloop
  endfacet
  facet normal -0.38268343236508967 0.9238795325112867 0
    outer loop
      vertex 38.23223304703363 -30.73223304703363 -2
      vertex 38.23223304703363 -30.73223304703363 0.25
      vertex 40 -30 0.25
    endloop
  endfacet
  facet normal 0.9238795325112867 0.38268343236508967 0
    outer loop
      vertex 41.76776695296637 -30.73223304703363 -2
      vertex 41.76776695296637 -30.73223304703363 0.25
      vertex 42.5 -32.5 0.25
    endloop
  endfacet
  facet normal 0.38268343236508967 0.9238795325112867 0
    outer loop
      vertex 40 -30 -2
      vertex 40 -30 0.25
      vertex 41.76776695296637 -30.73223304703363 0.25
    endloop
  endfacet
  facet normal 0.3090169943749412 0.9510565162951556 0
    outer loop
      vertex 39.211208430484426 -33.07309062098516 -2.117626891367521
      vertex 39.211208430484426 -33.07309062098516 0.25
      vertex 39.3892786590295 -33.13094914555215 -1.9299999999999997
    endloop
  endfacet
  facet normal 1 0 0
    outer loop
      vertex 39.211208430484426 -33.07309062098516 -2.117626891367521
      vertex 39.211208430484426 -32.822522462396684 -1.9299999999999997
      vertex 39.211208430484426 -33.07309062098516 0.25
    endloop
  endfacet
  facet normal 0.3090169943749449 0.9510565162951544 0
    outer loop
      vertex 40.30129156951558 -33.42728010338777 -2.054159991555088
      vertex 40.046135185771696 -33.344374768689825 -1.9299999999999997
      vertex 40.30129156951558 -33.42728010338777 0.25
    endloop
  endfacet
  facet normal -0.8090169943749799 0.5877852522924285 0
    outer loop
      vertex 40.30129156951558 -33.42728010338777 -2.054159991555088
      vertex 40.30129156951558 -33.42728010338777 0.25
      vertex 40.36152582097215 -33.344374768689825 -1.9299999999999997
    endloop
  endfacet
  facet normal 1 0 0
    outer loop
      vertex 39.211208430484426 -32.822522462396684 -1.9299999999999997
      vertex 39.211208430484426 -32.177477537603316 -1.9299999999999997
      vertex 39.211208430484426 -33.07309062098516 0.25
    endloop
  endfacet
  facet normal 0.30901699437494434 0.9510565162951545 7.373769237052793e-17
    outer loop
      vertex 39.3892786590295 -33.13094914555215 -1.9299999999999997
      vertex 40.30129156951558 -33.42728010338777 0.25
      vertex 40.046135185771696 -33.344374768689825 -1.9299999999999997
    endloop
  endfacet
  facet normal -0.8090169943749443 0.5877852522924774 0
    outer loop
      vertex 40.36152582097215 -33.344374768689825 -1.9299999999999997
      vertex 40.975 -32.5 0.25
      vertex 40.975 -32.5 -1.9299999999999997
    endloop
  endfacet
  facet normal 1 0 0
    outer loop
      vertex 39.211208430484426 -32.177477537603316 -1.9299999999999997
      vertex 39.211208430484426 -31.926909379014837 -2.117626891367521
      vertex 39.211208430484426 -31.926909379014837 0.25
    endloop
  endfacet
  facet normal 0.3090169943749412 -0.9510565162951556 0
    outer loop
      vertex 39.211208430484426 -31.926909379014837 -2.117626891367521
      vertex 39.3892786590295 -31.86905085444785 -1.9299999999999997
      vertex 39.211208430484426 -31.926909379014837 0.25
    endloop
  endfacet
  facet normal 0.3090169943749449 -0.9510565162951544 0
    outer loop
      vertex 40.30129156951558 -31.572719896612224 -2.054159991555088
      vertex 40.30129156951558 -31.572719896612224 0.25
      vertex 40.046135185771696 -31.65562523131017 -1.9299999999999997
    endloop
  endfacet
  facet normal -0.8090169943749799 -0.5877852522924285 0
    outer loop
      vertex 40.30129156951558 -31.572719896612224 -2.054159991555088
      vertex 40.36152582097215 -31.65562523131017 -1.9299999999999997
      vertex 40.30129156951558 -31.572719896612224 0.25
    endloop
  endfacet
  facet normal 0.309016994374949 -0.9510565162951531 7.051166832931722e-16
    outer loop
      vertex 39.3892786590295 -31.86905085444785 -1.9299999999999997
      vertex 40.046135185771696 -31.65562523131017 -1.9299999999999997
      vertex 39.211208430484426 -31.926909379014837 0.25
    endloop
  endfacet
  facet normal -0.8090169943749456 -0.5877852522924758 2.781320194197207e-15
    outer loop
      vertex 40.975 -32.5 -1.9299999999999997
      vertex 40.30129156951558 -31.572719896612224 0.25
      vertex 40.36152582097215 -31.65562523131017 -1.9299999999999997
    endloop
  endfacet
  facet normal 1 0 0
    outer loop
      vertex 39.211208430484426 -32.177477537603316 -1.9299999999999997
      vertex 39.211208430484426 -31.926909379014837 0.25
      vertex 39.211208430484426 -33.07309062098516 0.25
    endloop
  endfacet
  facet normal 0.30901699437494395 0.9510565162951546 2.499326340900938e-16
    outer loop
      vertex 39.3892786590295 -33.13094914555215 -1.9299999999999997
      vertex 39.211208430484426 -33.07309062098516 0.25
      vertex 40.30129156951558 -33.42728010338777 0.25
    endloop
  endfacet
  facet normal -0.8090169943749476 0.587785252292473 2.585414248198648e-15
    outer loop
      vertex 40.36152582097215 -33.344374768689825 -1.9299999999999997
      vertex 40.30129156951558 -33.42728010338777 0.25
      vertex 40.975 -32.5 0.25
    endloop
  endfacet
  facet normal -0.8090169943749486 -0.5877852522924716 0
    outer loop
      vertex 40.975 -32.5 -1.9299999999999997
      vertex 40.975 -32.5 0.25
      vertex 40.30129156951558 -31.572719896612224 0.25
    endloop
  endfacet
  facet normal 0.30901699437494673 -0.9510565162951538 -2.4437857555475815e-16
    outer loop
      vertex 40.046135185771696 -31.65562523131017 -1.9299999999999997
      vertex 40.30129156951558 -31.572719896612224 0.25
      vertex 39.211208430484426 -31.926909379014837 0.25
    endloop
  endfacet
  facet normal 0.309016994374944 0.9510565162951546 0
    outer loop
      vertex 7.211208430484426 -30.573090620985163 -2.117626891367521
      vertex 7.211208430484426 -30.573090620985163 0.25
      vertex 7.3892786590294985 -30.63094914555215 -1.9299999999999997
    endloop
  endfacet
  facet normal 0.3090169943749475 0.9510565162951536 4.239917311305329e-16
    outer loop
      vertex 7.3892786590294985 -30.63094914555215 -1.9299999999999997
      vertex 8.301291569515573 -30.927280103387776 0.25
      vertex 8.046135185771698 -30.84437476868983 -1.9299999999999997
    endloop
  endfacet
  facet normal 1 0 0
    outer loop
      vertex 7.211208430484426 -30.573090620985163 -2.117626891367521
      vertex 7.211208430484426 -30.322522462396684 -1.9299999999999997
      vertex 7.211208430484426 -30.573090620985163 0.25
    endloop
  endfacet
  facet normal 1 0 0
    outer loop
      vertex 7.211208430484426 -29.426909379014837 -2.117626891367521
      vertex 7.211208430484426 -29.426909379014837 0.25
      vertex 7.211208430484426 -29.677477537603316 -1.9299999999999997
    endloop
  endfacet
  facet normal 0.309016994374944 -0.9510565162951546 0
    outer loop
      vertex 7.211208430484426 -29.426909379014837 -2.117626891367521
      vertex 7.3892786590294985 -29.36905085444785 -1.9299999999999997
      vertex 7.211208430484426 -29.426909379014837 0.25
    endloop
  endfacet
  facet normal 1 0 0
    outer loop
      vertex 7.211208430484426 -30.322522462396684 -1.9299999999999997
      vertex 7.211208430484426 -29.677477537603316 -1.9299999999999997
      vertex 7.211208430484426 -30.573090620985163 0.25
    endloop
  endfacet
  facet normal 0.3090169943749475 -0.9510565162951536 3.1799379834789967e-16
    outer loop
      vertex 7.3892786590294985 -29.36905085444785 -1.9299999999999997
      vertex 8.046135185771698 -29.15562523131017 -1.9299999999999997
      vertex 7.211208430484426 -29.426909379014837 0.25
    endloop
  endfacet
  facet normal 0.30901699437495067 0.9510565162951524 0
    outer loop
      vertex 8.046135185771698 -30.84437476868983 -1.9299999999999997
      vertex 8.301291569515573 -30.927280103387776 0.25
      vertex 8.301291569515573 -30.927280103387776 -2.054159991555088
    endloop
  endfacet
  facet normal -0.8090169943749469 0.5877852522924739 0
    outer loop
      vertex 8.301291569515573 -30.927280103387776 -2.054159991555088
      vertex 8.301291569515573 -30.927280103387776 0.25
      vertex 8.361525820972151 -30.84437476868983 -1.9299999999999997
    endloop
  endfacet
  facet normal 0.30901699437495067 -0.9510565162951524 0
    outer loop
      vertex 8.046135185771698 -29.15562523131017 -1.9299999999999997
      vertex 8.301291569515573 -29.072719896612224 -2.054159991555088
      vertex 8.301291569515573 -29.072719896612224 0.25
    endloop
  endfacet
  facet normal -0.8090169943749469 -0.5877852522924739 0
    outer loop
      vertex 8.301291569515573 -29.072719896612224 -2.054159991555088
      vertex 8.361525820972151 -29.15562523131017 -1.9299999999999997
      vertex 8.301291569515573 -29.072719896612224 0.25
    endloop
  endfacet
  facet normal -0.809016994374948 0.5877852522924724 0
    outer loop
      vertex 8.361525820972151 -30.84437476868983 -1.9299999999999997
      vertex 8.975 -30 0.25
      vertex 8.975 -30 -1.9299999999999997
    endloop
  endfacet
  facet normal -0.809016994374948 -0.5877852522924724 -9.759018225253386e-17
    outer loop
      vertex 8.975 -30 -1.9299999999999997
      vertex 8.301291569515573 -29.072719896612224 0.25
      vertex 8.361525820972151 -29.15562523131017 -1.9299999999999997
    endloop
  endfacet
  facet normal 0.3090169943749476 0.9510565162951534 3.332435121201257e-16
    outer loop
      vertex 7.3892786590294985 -30.63094914555215 -1.9299999999999997
      vertex 7.211208430484426 -30.573090620985163 0.25
      vertex 8.301291569515573 -30.927280103387776 0.25
    endloop
  endfacet
  facet normal 1 0 0
    outer loop
      vertex 7.211208430484426 -29.677477537603316 -1.9299999999999997
      vertex 7.211208430484426 -29.426909379014837 0.25
      vertex 7.211208430484426 -30.573090620985163 0.25
    endloop
  endfacet
  facet normal 0.3090169943749476 -0.9510565162951534 3.8878409747347996e-16
    outer loop
      vertex 8.046135185771698 -29.15562523131017 -1.9299999999999997
      vertex 8.301291569515573 -29.072719896612224 0.25
      vertex 7.211208430484426 -29.426909379014837 0.25
    endloop
  endfacet
  facet normal -0.8090169943749479 0.5877852522924725 -7.775681949469592e-17
    outer loop
      vertex 8.361525820972151 -30.84437476868983 -1.9299999999999997
      vertex 8.301291569515573 -30.927280103387776 0.25
      vertex 8.975 -30 0.25
    endloop
  endfacet
  facet normal -0.8090169943749479 -0.5877852522924725 0
    outer loop
      vertex 8.975 -30 -1.9299999999999997
      vertex 8.975 -30 0.25
      vertex 8.301291569515573 -29.072719896612224 0.25
    endloop
  endfacet
  facet normal 0.309016994374944 0.9510565162951546 0
    outer loop
      vertex -12.788791569515574 27.426909379014837 -2.117626891367521
      vertex -12.788791569515574 27.426909379014837 0.25
      vertex -12.610721340970501 27.36905085444785 -1.9299999999999997
    endloop
  endfacet
  facet normal 1 0 0
    outer loop
      vertex -12.788791569515574 27.426909379014837 -2.117626891367521
      vertex -12.788791569515574 27.677477537603316 -1.9299999999999997
      vertex -12.788791569515574 27.426909379014837 0.25
    endloop
  endfacet
  facet normal 1 0 0
    outer loop
      vertex -12.788791569515574 28.573090620985163 -2.117626891367521
      vertex -12.788791569515574 28.573090620985163 0.25
      vertex -12.788791569515574 28.322522462396684 -1.9299999999999997
    endloop
  endfacet
  facet normal 0.309016994374944 -0.9510565162951546 0
    outer loop
      vertex -12.788791569515574 28.573090620985163 -2.117626891367521
      vertex -12.610721340970501 28.63094914555215 -1.9299999999999997
      vertex -12.788791569515574 28.573090620985163 0.25
    endloop
  endfacet
  facet normal 0.30901699437495067 0.9510565162951524 0
    outer loop
      vertex -11.698708430484427 27.072719896612224 -2.054159991555088
      vertex -11.953864814228302 27.15562523131017 -1.9299999999999997
      vertex -11.698708430484427 27.072719896612224 0.25
    endloop
  endfacet
  facet normal -0.8090169943749469 0.5877852522924739 0
    outer loop
      vertex -11.698708430484427 27.072719896612224 -2.054159991555088
      vertex -11.698708430484427 27.072719896612224 0.25
      vertex -11.638474179027849 27.15562523131017 -1.9299999999999997
    endloop
  endfacet
  facet normal 1 0 0
    outer loop
      vertex -12.788791569515574 27.677477537603316 -1.9299999999999997
      vertex -12.788791569515574 28.322522462396684 -1.9299999999999997
      vertex -12.788791569515574 27.426909379014837 0.25
    endloop
  endfacet
  facet normal 0.3090169943749475 0.9510565162951536 4.239917311305329e-16
    outer loop
      vertex -12.610721340970501 27.36905085444785 -1.9299999999999997
      vertex -11.698708430484427 27.072719896612224 0.25
      vertex -11.953864814228302 27.15562523131017 -1.9299999999999997
    endloop
  endfacet
  facet normal -0.809016994374948 -0.5877852522924724 -9.759018225253386e-17
    outer loop
      vertex -11.025 28 -1.9299999999999997
      vertex -11.698708430484427 28.927280103387776 0.25
      vertex -11.638474179027849 28.84437476868983 -1.9299999999999997
    endloop
  endfacet
  facet normal -0.809016994374948 0.5877852522924724 0
    outer loop
      vertex -11.638474179027849 27.15562523131017 -1.9299999999999997
      vertex -11.025 28 0.25
      vertex -11.025 28 -1.9299999999999997
    endloop
  endfacet
  facet normal 0.30901699437495067 -0.9510565162951524 0
    outer loop
      vertex -11.698708430484427 28.927280103387776 -2.054159991555088
      vertex -11.698708430484427 28.927280103387776 0.25
      vertex -11.953864814228302 28.84437476868983 -1.9299999999999997
    endloop
  endfacet
  facet normal -0.8090169943749469 -0.5877852522924739 0
    outer loop
      vertex -11.698708430484427 28.927280103387776 -2.054159991555088
      vertex -11.638474179027849 28.84437476868983 -1.9299999999999997
      vertex -11.698708430484427 28.927280103387776 0.25
    endloop
  endfacet
  facet normal 0.3090169943749475 -0.9510565162951536 3.1799379834789967e-16
    outer loop
      vertex -12.610721340970501 28.63094914555215 -1.9299999999999997
      vertex -11.953864814228302 28.84437476868983 -1.9299999999999997
      vertex -12.788791569515574 28.573090620985163 0.25
    endloop
  endfacet
  facet normal 0.3090169943749476 0.9510565162951534 3.332435121201257e-16
    outer loop
      vertex -12.610721340970501 27.36905085444785 -1.9299999999999997
      vertex -12.788791569515574 27.426909379014837 0.25
      vertex -11.698708430484427 27.072719896612224 0.25
    endloop
  endfacet
  facet normal 1 0 0
    outer loop
      vertex -12.788791569515574 28.322522462396684 -1.9299999999999997
      vertex -12.788791569515574 28.573090620985163 0.25
      vertex -12.788791569515574 27.426909379014837 0.25
    endloop
  endfacet
  facet normal -0.8090169943749479 0.5877852522924725 -7.775681949469592e-17
    outer loop
      vertex -11.638474179027849 27.15562523131017 -1.9299999999999997
      vertex -11.698708430484427 27.072719896612224 0.25
      vertex -11.025 28 0.25
    endloop
  endfacet
  facet normal -0.8090169943749479 -0.5877852522924725 0
    outer loop
      vertex -11.025 28 -1.9299999999999997
      vertex -11.025 28 0.25
      vertex -11.698708430484427 28.927280103387776 0.25
    endloop
  endfacet
  facet normal 0.3090169943749476 -0.9510565162951534 3.8878409747347996e-16
    outer loop
      vertex -11.953864814228302 28.84437476868983 -1.9299999999999997
      vertex -11.698708430484427 28.927280103387776 0.25
      vertex -12.788791569515574 28.573090620985163 0.25
    endloop
  endfacet
  facet normal 0.3090169943749468 0.9510565162951538 0
    outer loop
      vertex 21.711208430484426 27.426909379014837 -2.117626891367521
      vertex 21.711208430484426 27.426909379014837 0.25
      vertex 21.889278659029497 27.36905085444785 -1.9299999999999997
    endloop
  endfacet
  facet normal 1 0 0
    outer loop
      vertex 21.711208430484426 27.426909379014837 -2.117626891367521
      vertex 21.711208430484426 27.677477537603316 -1.9299999999999997
      vertex 21.711208430484426 27.426909379014837 0.25
    endloop
  endfacet
  facet normal 1 0 0
    outer loop
      vertex 21.711208430484426 28.573090620985163 -2.117626891367521
      vertex 21.711208430484426 28.573090620985163 0.25
      vertex 21.711208430484426 28.322522462396684 -1.9299999999999997
    endloop
  endfacet
  facet normal 0.3090169943749468 -0.9510565162951538 0
    outer loop
      vertex 21.711208430484426 28.573090620985163 -2.117626891367521
      vertex 21.889278659029497 28.63094914555215 -1.9299999999999997
      vertex 21.711208430484426 28.573090620985163 0.25
    endloop
  endfacet
  facet normal 0.3090169943749488 0.9510565162951531 0
    outer loop
      vertex 22.801291569515573 27.072719896612224 -2.054159991555088
      vertex 22.546135185771696 27.15562523131017 -1.9299999999999997
      vertex 22.801291569515573 27.072719896612224 0.25
    endloop
  endfacet
  facet normal -0.8090169943749469 0.5877852522924739 0
    outer loop
      vertex 22.801291569515573 27.072719896612224 -2.054159991555088
      vertex 22.801291569515573 27.072719896612224 0.25
      vertex 22.86152582097215 27.15562523131017 -1.9299999999999997
    endloop
  endfacet
  facet normal 1 0 0
    outer loop
      vertex 21.711208430484426 27.677477537603316 -1.9299999999999997
      vertex 21.711208430484426 28.322522462396684 -1.9299999999999997
      vertex 21.711208430484426 27.426909379014837 0.25
    endloop
  endfacet
  facet normal 0.3090169943749475 0.9510565162951536 1.6590980783368679e-16
    outer loop
      vertex 21.889278659029497 27.36905085444785 -1.9299999999999997
      vertex 22.801291569515573 27.072719896612224 0.25
      vertex 22.546135185771696 27.15562523131017 -1.9299999999999997
    endloop
  endfacet
  facet normal -0.8090169943749472 -0.5877852522924736 0
    outer loop
      vertex 23.475 28 -1.9299999999999997
      vertex 22.801291569515573 28.927280103387776 0.25
      vertex 22.86152582097215 28.84437476868983 -1.9299999999999997
    endloop
  endfacet
  facet normal -0.8090169943749472 0.5877852522924736 0
    outer loop
      vertex 22.86152582097215 27.15562523131017 -1.9299999999999997
      vertex 23.475 28 0.25
      vertex 23.475 28 -1.9299999999999997
    endloop
  endfacet
  facet normal 0.3090169943749488 -0.9510565162951531 0
    outer loop
      vertex 22.801291569515573 28.927280103387776 -2.054159991555088
      vertex 22.801291569515573 28.927280103387776 0.25
      vertex 22.546135185771696 28.84437476868983 -1.9299999999999997
    endloop
  endfacet
  facet normal -0.8090169943749469 -0.5877852522924739 0
    outer loop
      vertex 22.801291569515573 28.927280103387776 -2.054159991555088
      vertex 22.86152582097215 28.84437476868983 -1.9299999999999997
      vertex 22.801291569515573 28.927280103387776 0.25
    endloop
  endfacet
  facet normal 0.3090169943749475 -0.9510565162951536 6.452048082421152e-17
    outer loop
      vertex 21.889278659029497 28.63094914555215 -1.9299999999999997
      vertex 22.546135185771696 28.84437476868983 -1.9299999999999997
      vertex 21.711208430484426 28.573090620985163 0.25
    endloop
  endfacet
  facet normal 1 0 0
    outer loop
      vertex 21.711208430484426 28.322522462396684 -1.9299999999999997
      vertex 21.711208430484426 28.573090620985163 0.25
      vertex 21.711208430484426 27.426909379014837 0.25
    endloop
  endfacet
  facet normal 0.3090169943749476 0.9510565162951534 8.05338487623637e-17
    outer loop
      vertex 21.889278659029497 27.36905085444785 -1.9299999999999997
      vertex 21.711208430484426 27.426909379014837 0.25
      vertex 22.801291569515573 27.072719896612224 0.25
    endloop
  endfacet
  facet normal -0.8090169943749471 0.5877852522924736 -1.9439204873673962e-17
    outer loop
      vertex 22.86152582097215 27.15562523131017 -1.9299999999999997
      vertex 22.801291569515573 27.072719896612224 0.25
      vertex 23.475 28 0.25
    endloop
  endfacet
  facet normal -0.8090169943749471 -0.5877852522924736 0
    outer loop
      vertex 23.475 28 -1.9299999999999997
      vertex 23.475 28 0.25
      vertex 22.801291569515573 28.927280103387776 0.25
    endloop
  endfacet
  facet normal 0.3090169943749477 -0.9510565162951534 1.4440552191872114e-16
    outer loop
      vertex 22.546135185771696 28.84437476868983 -1.9299999999999997
      vertex 22.801291569515573 28.927280103387776 0.25
      vertex 21.711208430484426 28.573090620985163 0.25
    endloop
  endfacet
  facet normal 1 0 0
    outer loop
      vertex 41.711208430484426 27.926909379014837 -2.117626891367521
      vertex 41.711208430484426 28.177477537603316 -1.9299999999999997
      vertex 41.711208430484426 27.926909379014837 0.25
    endloop
  endfacet
  facet normal 0.3090169943749412 0.9510565162951556 0
    outer loop
      vertex 41.711208430484426 27.926909379014837 -2.117626891367521
      vertex 41.711208430484426 27.926909379014837 0.25
      vertex 41.8892786590295 27.86905085444785 -1.9299999999999997
    endloop
  endfacet
  facet normal 0.309016994374949 0.9510565162951531 -5.345982696863267e-16
    outer loop
      vertex 42.546135185771696 27.65562523131017 -1.9299999999999997
      vertex 41.8892786590295 27.86905085444785 -1.9299999999999997
      vertex 42.80129156951558 27.572719896612224 0.25
    endloop
  endfacet
  facet normal 1 0 0
    outer loop
      vertex 41.711208430484426 28.177477537603316 -1.9299999999999997
      vertex 41.711208430484426 28.822522462396684 -1.9299999999999997
      vertex 41.711208430484426 27.926909379014837 0.25
    endloop
  endfacet
  facet normal 1 0 0
    outer loop
      vertex 41.711208430484426 29.073090620985163 -2.117626891367521
      vertex 41.711208430484426 29.073090620985163 0.25
      vertex 41.711208430484426 28.822522462396684 -1.9299999999999997
    endloop
  endfacet
  facet normal 0.3090169943749412 -0.9510565162951556 0
    outer loop
      vertex 41.711208430484426 29.073090620985163 -2.117626891367521
      vertex 41.8892786590295 29.13094914555215 -1.9299999999999997
      vertex 41.711208430484426 29.073090620985163 0.25
    endloop
  endfacet
  facet normal 0.309016994374949 -0.9510565162951531 7.051166832931722e-16
    outer loop
      vertex 41.8892786590295 29.13094914555215 -1.9299999999999997
      vertex 42.546135185771696 29.34437476868983 -1.9299999999999997
      vertex 41.711208430484426 29.073090620985163 0.25
    endloop
  endfacet
  facet normal 0.3090169943749449 0.9510565162951544 0
    outer loop
      vertex 42.546135185771696 27.65562523131017 -1.9299999999999997
      vertex 42.80129156951558 27.572719896612224 0.25
      vertex 42.80129156951558 27.572719896612224 -2.054159991555088
    endloop
  endfacet
  facet normal -0.8090169943749799 0.5877852522924285 0
    outer loop
      vertex 42.80129156951558 27.572719896612224 -2.054159991555088
      vertex 42.80129156951558 27.572719896612224 0.25
      vertex 42.86152582097215 27.65562523131017 -1.9299999999999997
    endloop
  endfacet
  facet normal -0.8090169943749456 0.5877852522924758 0
    outer loop
      vertex 42.86152582097215 27.65562523131017 -1.9299999999999997
      vertex 43.475 28.5 0.25
      vertex 43.475 28.5 -1.9299999999999997
    endloop
  endfacet
  facet normal 0.3090169943749449 -0.9510565162951544 0
    outer loop
      vertex 42.546135185771696 29.34437476868983 -1.9299999999999997
      vertex 42.80129156951558 29.427280103387776 -2.054159991555088
      vertex 42.80129156951558 29.427280103387776 0.25
    endloop
  endfacet
  facet normal -0.8090169943749799 -0.5877852522924285 0
    outer loop
      vertex 42.80129156951558 29.427280103387776 -2.054159991555088
      vertex 42.86152582097215 29.34437476868983 -1.9299999999999997
      vertex 42.80129156951558 29.427280103387776 0.25
    endloop
  endfacet
  facet normal -0.8090169943749456 -0.5877852522924758 2.781320194197207e-15
    outer loop
      vertex 43.475 28.5 -1.9299999999999997
      vertex 42.80129156951558 29.427280103387776 0.25
      vertex 42.86152582097215 29.34437476868983 -1.9299999999999997
    endloop
  endfacet
  facet normal 0.30901699437494673 0.9510565162951538 5.026422974478548e-16
    outer loop
      vertex 41.8892786590295 27.86905085444785 -1.9299999999999997
      vertex 41.711208430484426 27.926909379014837 0.25
      vertex 42.80129156951558 27.572719896612224 0.25
    endloop
  endfacet
  facet normal 1 0 0
    outer loop
      vertex 41.711208430484426 28.822522462396684 -1.9299999999999997
      vertex 41.711208430484426 29.073090620985163 0.25
      vertex 41.711208430484426 27.926909379014837 0.25
    endloop
  endfacet
  facet normal 0.30901699437494673 -0.9510565162951538 -2.4437857555475815e-16
    outer loop
      vertex 42.546135185771696 29.34437476868983 -1.9299999999999997
      vertex 42.80129156951558 29.427280103387776 0.25
      vertex 41.711208430484426 29.073090620985163 0.25
    endloop
  endfacet
  facet normal -0.8090169943749486 0.5877852522924716 2.5021033701686103e-15
    outer loop
      vertex 42.86152582097215 27.65562523131017 -1.9299999999999997
      vertex 42.80129156951558 27.572719896612224 0.25
      vertex 43.475 28.5 0.25
    endloop
  endfacet
  facet normal -0.8090169943749486 -0.5877852522924716 0
    outer loop
      vertex 43.475 28.5 -1.9299999999999997
      vertex 43.475 28.5 0.25
      vertex 42.80129156951558 29.427280103387776 0.25
    endloop
  endfacet
  facet normal 1 0 0
    outer loop
      vertex 65.71120843048443 27.926909379014837 -2.117626891367521
      vertex 65.71120843048443 28.177477537603316 -1.9299999999999997
      vertex 65.71120843048443 27.926909379014837 0.25
    endloop
  endfacet
  facet normal 0.30901699437495234 0.951056516295152 0
    outer loop
      vertex 65.71120843048443 27.926909379014837 -2.117626891367521
      vertex 65.71120843048443 27.926909379014837 0.25
      vertex 65.8892786590295 27.86905085444785 -1.9299999999999997
    endloop
  endfacet
  facet normal 1 0 0
    outer loop
      vertex 65.71120843048443 28.177477537603316 -1.9299999999999997
      vertex 65.71120843048443 28.822522462396684 -1.9299999999999997
      vertex 65.71120843048443 27.926909379014837 0.25
    endloop
  endfacet
  facet normal 0.30901699437496044 0.9510565162951493 0
    outer loop
      vertex 66.80129156951557 27.572719896612224 -2.054159991555088
      vertex 66.5461351857717 27.65562523131017 -1.9299999999999997
      vertex 66.80129156951557 27.572719896612224 0.25
    endloop
  endfacet
  facet normal -0.8090169943749469 0.5877852522924739 0
    outer loop
      vertex 66.80129156951557 27.572719896612224 -2.054159991555088
      vertex 66.80129156951557 27.572719896612224 0.25
      vertex 66.86152582097215 27.65562523131017 -1.9299999999999997
    endloop
  endfacet
  facet normal 0.30901699437494595 0.9510565162951541 1.8803111554484408e-15
    outer loop
      vertex 65.8892786590295 27.86905085444785 -1.9299999999999997
      vertex 66.80129156951557 27.572719896612224 0.25
      vertex 66.5461351857717 27.65562523131017 -1.9299999999999997
    endloop
  endfacet
  facet normal -0.8090169943749488 0.5877852522924712 0
    outer loop
      vertex 66.86152582097215 27.65562523131017 -1.9299999999999997
      vertex 67.475 28.5 0.25
      vertex 67.475 28.5 -1.9299999999999997
    endloop
  endfacet
  facet normal 1 0 0
    outer loop
      vertex 65.71120843048443 29.073090620985163 -2.117626891367521
      vertex 65.71120843048443 29.073090620985163 0.25
      vertex 65.71120843048443 28.822522462396684 -1.9299999999999997
    endloop
  endfacet
  facet normal 0.30901699437495234 -0.951056516295152 0
    outer loop
      vertex 65.71120843048443 29.073090620985163 -2.117626891367521
      vertex 65.8892786590295 29.13094914555215 -1.9299999999999997
      vertex 65.71120843048443 29.073090620985163 0.25
    endloop
  endfacet
  facet normal 0.30901699437494595 -0.9510565162951541 -5.714671158715849e-16
    outer loop
      vertex 65.8892786590295 29.13094914555215 -1.9299999999999997
      vertex 66.5461351857717 29.34437476868983 -1.9299999999999997
      vertex 65.71120843048443 29.073090620985163 0.25
    endloop
  endfacet
  facet normal 0.30901699437496044 -0.9510565162951493 0
    outer loop
      vertex 66.80129156951557 29.427280103387776 -2.054159991555088
      vertex 66.80129156951557 29.427280103387776 0.25
      vertex 66.5461351857717 29.34437476868983 -1.9299999999999997
    endloop
  endfacet
  facet normal -0.8090169943749469 -0.5877852522924739 0
    outer loop
      vertex 66.80129156951557 29.427280103387776 -2.054159991555088
      vertex 66.86152582097215 29.34437476868983 -1.9299999999999997
      vertex 66.80129156951557 29.427280103387776 0.25
    endloop
  endfacet
  facet normal -0.8090169943749488 -0.5877852522924712 -1.4638527337880092e-16
    outer loop
      vertex 67.475 28.5 -1.9299999999999997
      vertex 66.80129156951557 29.427280103387776 0.25
      vertex 66.86152582097215 29.34437476868983 -1.9299999999999997
    endloop
  endfacet
  facet normal 0.3090169943749504 0.9510565162951526 -1.7495284386306755e-16
    outer loop
      vertex 65.8892786590295 27.86905085444785 -1.9299999999999997
      vertex 65.71120843048443 27.926909379014837 0.25
      vertex 66.80129156951557 27.572719896612224 0.25
    endloop
  endfacet
  facet normal -0.8090169943749486 0.5877852522924716 -1.3607443411571799e-16
    outer loop
      vertex 66.86152582097215 27.65562523131017 -1.9299999999999997
      vertex 66.80129156951557 27.572719896612224 0.25
      vertex 67.475 28.5 0.25
    endloop
  endfacet
  facet normal 1 0 0
    outer loop
      vertex 65.71120843048443 28.822522462396684 -1.9299999999999997
      vertex 65.71120843048443 29.073090620985163 0.25
      vertex 65.71120843048443 27.926909379014837 0.25
    endloop
  endfacet
  facet normal 0.3090169943749504 -0.9510565162951526 1.2996496972685018e-15
    outer loop
      vertex 66.5461351857717 29.34437476868983 -1.9299999999999997
      vertex 66.80129156951557 29.427280103387776 0.25
      vertex 65.71120843048443 29.073090620985163 0.25
    endloop
  endfacet
  facet normal -0.8090169943749486 -0.5877852522924716 0
    outer loop
      vertex 67.475 28.5 -1.9299999999999997
      vertex 67.475 28.5 0.25
      vertex 66.80129156951557 29.427280103387776 0.25
    endloop
  endfacet
  facet normal 0.3090169943749545 0.9510565162951513 0
    outer loop
      vertex 66.80129156951557 -9.927280103387774 -2.054159991555088
      vertex 66.5461351857717 -9.844374768689828 -1.9299999999999997
      vertex 66.80129156951557 -9.927280103387774 0.25
    endloop
  endfacet
  facet normal -0.8090169943749409 0.5877852522924821 0
    outer loop
      vertex 66.80129156951557 -9.927280103387774 -2.054159991555088
      vertex 66.80129156951557 -9.927280103387774 0.25
      vertex 66.86152582097215 -9.844374768689828 -1.9299999999999997
    endloop
  endfacet
  facet normal 0.30901699437494595 0.9510565162951541 1.0968481740115904e-15
    outer loop
      vertex 66.5461351857717 -9.844374768689828 -1.9299999999999997
      vertex 65.8892786590295 -9.630949145552151 -1.9299999999999997
      vertex 66.80129156951557 -9.927280103387774 0.25
    endloop
  endfacet
  facet normal 1 0 0
    outer loop
      vertex 65.71120843048443 -9.57309062098516 -2.117626891367521
      vertex 65.71120843048443 -9.322522462396684 -1.9299999999999997
      vertex 65.71120843048443 -9.57309062098516 0.25
    endloop
  endfacet
  facet normal 0.3090169943749609 0.9510565162951492 0
    outer loop
      vertex 65.71120843048443 -9.57309062098516 -2.117626891367521
      vertex 65.71120843048443 -9.57309062098516 0.25
      vertex 65.8892786590295 -9.630949145552151 -1.9299999999999997
    endloop
  endfacet
  facet normal 1 0 0
    outer loop
      vertex 65.71120843048443 -8.42690937901484 -2.117626891367521
      vertex 65.71120843048443 -8.42690937901484 0.25
      vertex 65.71120843048443 -8.677477537603316 -1.9299999999999997
    endloop
  endfacet
  facet normal 0.3090169943749609 -0.9510565162951492 0
    outer loop
      vertex 65.71120843048443 -8.42690937901484 -2.117626891367521
      vertex 65.8892786590295 -8.369050854447849 -1.9299999999999997
      vertex 65.71120843048443 -8.42690937901484 0.25
    endloop
  endfacet
  facet normal 1 0 0
    outer loop
      vertex 65.71120843048443 -9.322522462396684 -1.9299999999999997
      vertex 65.71120843048443 -8.677477537603316 -1.9299999999999997
      vertex 65.71120843048443 -9.57309062098516 0.25
    endloop
  endfacet
  facet normal 0.30901699437494595 -0.9510565162951541 -1.3457128857621195e-15
    outer loop
      vertex 65.8892786590295 -8.369050854447849 -1.9299999999999997
      vertex 66.5461351857717 -8.155625231310172 -1.9299999999999997
      vertex 65.71120843048443 -8.42690937901484 0.25
    endloop
  endfacet
  facet normal -0.8090169943749488 0.5877852522924712 0
    outer loop
      vertex 66.86152582097215 -9.844374768689828 -1.9299999999999997
      vertex 67.475 -9 0.25
      vertex 67.475 -9 -1.9299999999999997
    endloop
  endfacet
  facet normal -0.8090169943749488 -0.5877852522924712 -6.282367982506873e-16
    outer loop
      vertex 66.86152582097215 -8.155625231310172 -1.9299999999999997
      vertex 67.475 -9 -1.9299999999999997
      vertex 66.80129156951557 -8.072719896612226 0.25
    endloop
  endfacet
  facet normal 0.30901699437495445 -0.9510565162951513 0
    outer loop
      vertex 66.5461351857717 -8.155625231310172 -1.9299999999999997
      vertex 66.80129156951557 -8.072719896612226 -2.054159991555088
      vertex 66.80129156951557 -8.072719896612226 0.25
    endloop
  endfacet
  facet normal -0.8090169943749409 -0.5877852522924821 0
    outer loop
      vertex 66.86152582097215 -8.155625231310172 -1.9299999999999997
      vertex 66.80129156951557 -8.072719896612226 0.25
      vertex 66.80129156951557 -8.072719896612226 -2.054159991555088
    endloop
  endfacet
  facet normal 0.3090169943749504 0.9510565162951526 -9.497440095423668e-16
    outer loop
      vertex 65.8892786590295 -9.630949145552151 -1.9299999999999997
      vertex 65.71120843048443 -9.57309062098516 0.25
      vertex 66.80129156951557 -9.927280103387774 0.25
    endloop
  endfacet
  facet normal 1 0 0
    outer loop
      vertex 65.71120843048443 -8.677477537603316 -1.9299999999999997
      vertex 65.71120843048443 -8.42690937901484 0.25
      vertex 65.71120843048443 -9.57309062098516 0.25
    endloop
  endfacet
  facet normal -0.8090169943749481 0.5877852522924722 -5.720680291395498e-16
    outer loop
      vertex 66.86152582097215 -9.844374768689828 -1.9299999999999997
      vertex 66.80129156951557 -9.927280103387774 0.25
      vertex 67.475 -9 0.25
    endloop
  endfacet
  facet normal 0.3090169943749504 -0.9510565162951526 5.220815023215349e-16
    outer loop
      vertex 66.5461351857717 -8.155625231310172 -1.9299999999999997
      vertex 66.80129156951557 -8.072719896612226 0.25
      vertex 65.71120843048443 -8.42690937901484 0.25
    endloop
  endfacet
  facet normal -0.809016994374948 -0.5877852522924722 0
    outer loop
      vertex 67.475 -9 -1.9299999999999997
      vertex 67.475 -9 0.25
      vertex 66.80129156951557 -8.072719896612226 0.25
    endloop
  endfacet
  facet normal 0.3090169943749412 0.9510565162951556 0
    outer loop
      vertex 59.711208430484426 -19.573090620985163 -2.117626891367521
      vertex 59.711208430484426 -19.573090620985163 0.25
      vertex 59.8892786590295 -19.63094914555215 -1.9299999999999997
    endloop
  endfacet
  facet normal 1 0 0
    outer loop
      vertex 59.711208430484426 -19.573090620985163 -2.117626891367521
      vertex 59.711208430484426 -19.322522462396684 -1.9299999999999997
      vertex 59.711208430484426 -19.573090620985163 0.25
    endloop
  endfacet
  facet normal 0.3090169943749449 0.9510565162951544 0
    outer loop
      vertex 60.80129156951558 -19.927280103387776 -2.054159991555088
      vertex 60.546135185771696 -19.84437476868983 -1.9299999999999997
      vertex 60.80129156951558 -19.927280103387776 0.25
    endloop
  endfacet
  facet normal -0.8090169943749799 0.5877852522924285 0
    outer loop
      vertex 60.80129156951558 -19.927280103387776 -2.054159991555088
      vertex 60.80129156951558 -19.927280103387776 0.25
      vertex 60.86152582097215 -19.84437476868983 -1.9299999999999997
    endloop
  endfacet
  facet normal 0.309016994374949 0.9510565162951531 -5.345982696863267e-16
    outer loop
      vertex 59.8892786590295 -19.63094914555215 -1.9299999999999997
      vertex 60.80129156951558 -19.927280103387776 0.25
      vertex 60.546135185771696 -19.84437476868983 -1.9299999999999997
    endloop
  endfacet
  facet normal 0.30901699437494673 0.9510565162951538 5.026422974478548e-16
    outer loop
      vertex 59.8892786590295 -19.63094914555215 -1.9299999999999997
      vertex 59.711208430484426 -19.573090620985163 0.25
      vertex 60.80129156951558 -19.927280103387776 0.25
    endloop
  endfacet
  facet normal -0.8090169943749486 0.5877852522924716 2.5021033701686103e-15
    outer loop
      vertex 60.86152582097215 -19.84437476868983 -1.9299999999999997
      vertex 60.80129156951558 -19.927280103387776 0.25
      vertex 61.475 -19 0.25
    endloop
  endfacet
  facet normal 1 0 0
    outer loop
      vertex 59.711208430484426 -18.426909379014837 -2.117626891367521
      vertex 59.711208430484426 -18.426909379014837 0.25
      vertex 59.711208430484426 -18.677477537603316 -1.9299999999999997
    endloop
  endfacet
  facet normal 0.3090169943749412 -0.9510565162951556 0
    outer loop
      vertex 59.711208430484426 -18.426909379014837 -2.117626891367521
      vertex 59.8892786590295 -18.36905085444785 -1.9299999999999997
      vertex 59.711208430484426 -18.426909379014837 0.25
    endloop
  endfacet
  facet normal 1 0 0
    outer loop
      vertex 59.711208430484426 -19.322522462396684 -1.9299999999999997
      vertex 59.711208430484426 -18.677477537603316 -1.9299999999999997
      vertex 59.711208430484426 -19.573090620985163 0.25
    endloop
  endfacet
  facet normal 0.3090169943749449 -0.9510565162951544 0
    outer loop
      vertex 60.80129156951558 -18.072719896612224 -2.054159991555088
      vertex 60.80129156951558 -18.072719896612224 0.25
      vertex 60.546135185771696 -18.15562523131017 -1.9299999999999997
    endloop
  endfacet
  facet normal -0.8090169943749799 -0.5877852522924285 0
    outer loop
      vertex 60.80129156951558 -18.072719896612224 -2.054159991555088
      vertex 60.86152582097215 -18.15562523131017 -1.9299999999999997
      vertex 60.80129156951558 -18.072719896612224 0.25
    endloop
  endfacet
  facet normal 0.309016994374949 -0.9510565162951531 7.051166832931722e-16
    outer loop
      vertex 59.8892786590295 -18.36905085444785 -1.9299999999999997
      vertex 60.546135185771696 -18.15562523131017 -1.9299999999999997
      vertex 59.711208430484426 -18.426909379014837 0.25
    endloop
  endfacet
  facet normal -0.8090169943749456 0.5877852522924758 0
    outer loop
      vertex 60.86152582097215 -19.84437476868983 -1.9299999999999997
      vertex 61.475 -19 0.25
      vertex 61.475 -19 -1.9299999999999997
    endloop
  endfacet
  facet normal -0.8090169943749456 -0.5877852522924758 2.7477735690478984e-15
    outer loop
      vertex 60.86152582097215 -18.15562523131017 -1.9299999999999997
      vertex 61.475 -19 -1.9299999999999997
      vertex 60.80129156951558 -18.072719896612224 0.25
    endloop
  endfacet
  facet normal 1 0 0
    outer loop
      vertex 59.711208430484426 -18.677477537603316 -1.9299999999999997
      vertex 59.711208430484426 -18.426909379014837 0.25
      vertex 59.711208430484426 -19.573090620985163 0.25
    endloop
  endfacet
  facet normal 0.30901699437494673 -0.9510565162951538 -2.4437857555475815e-16
    outer loop
      vertex 60.546135185771696 -18.15562523131017 -1.9299999999999997
      vertex 60.80129156951558 -18.072719896612224 0.25
      vertex 59.711208430484426 -18.426909379014837 0.25
    endloop
  endfacet
  facet normal -0.8090169943749486 -0.5877852522924716 0
    outer loop
      vertex 61.475 -19 -1.9299999999999997
      vertex 61.475 -19 0.25
      vertex 60.80129156951558 -18.072719896612224 0.25
    endloop
  endfacet
  facet normal 0.30901699437495234 0.951056516295152 0
    outer loop
      vertex 80.41120843048444 -36.173090620985164 -2.117626891367521
      vertex 80.41120843048444 -36.173090620985164 0.25
      vertex 80.5892786590295 -36.23094914555215 -1.9299999999999997
    endloop
  endfacet
  facet normal 1 0 0
    outer loop
      vertex 80.41120843048444 -36.173090620985164 -2.117626891367521
      vertex 80.41120843048444 -35.922522462396685 -1.9299999999999997
      vertex 80.41120843048444 -36.173090620985164 0.25
    endloop
  endfacet
  facet normal 0.30901699437494135 0.9510565162951556 2.4702126944126618e-15
    outer loop
      vertex 80.5892786590295 -36.23094914555215 -1.9299999999999997
      vertex 81.50129156951557 -36.527280103387774 0.25
      vertex 81.2461351857717 -36.444374768689826 -1.9299999999999997
    endloop
  endfacet
  facet normal 1 0 0
    outer loop
      vertex 80.41120843048444 -35.922522462396685 -1.9299999999999997
      vertex 80.41120843048444 -35.27747753760332 -1.9299999999999997
      vertex 80.41120843048444 -36.173090620985164 0.25
    endloop
  endfacet
  facet normal 1 0 0
    outer loop
      vertex 80.41120843048444 -35.02690937901484 -2.117626891367521
      vertex 80.41120843048444 -35.02690937901484 0.25
      vertex 80.41120843048444 -35.27747753760332 -1.9299999999999997
    endloop
  endfacet
  facet normal 0.30901699437495234 -0.951056516295152 0
    outer loop
      vertex 80.41120843048444 -35.02690937901484 -2.117626891367521
      vertex 80.5892786590295 -34.96905085444785 -1.9299999999999997
      vertex 80.41120843048444 -35.02690937901484 0.25
    endloop
  endfacet
  facet normal 0.30901699437494135 -0.9510565162951556 -9.908502412289594e-16
    outer loop
      vertex 80.5892786590295 -34.96905085444785 -1.9299999999999997
      vertex 81.2461351857717 -34.75562523131018 -1.9299999999999997
      vertex 80.41120843048444 -35.02690937901484 0.25
    endloop
  endfacet
  facet normal 0.30901699437496044 0.9510565162951493 0
    outer loop
      vertex 81.2461351857717 -36.444374768689826 -1.9299999999999997
      vertex 81.50129156951557 -36.527280103387774 0.25
      vertex 81.50129156951557 -36.527280103387774 -2.054159991555088
    endloop
  endfacet
  facet normal -0.8090169943749469 0.5877852522924739 0
    outer loop
      vertex 81.50129156951557 -36.527280103387774 -2.054159991555088
      vertex 81.50129156951557 -36.527280103387774 0.25
      vertex 81.56152582097215 -36.444374768689826 -1.9299999999999997
    endloop
  endfacet
  facet normal -0.8090169943749476 0.5877852522924729 0
    outer loop
      vertex 81.56152582097215 -36.444374768689826 -1.9299999999999997
      vertex 82.175 -35.6 0.25
      vertex 82.175 -35.6 -1.9299999999999997
    endloop
  endfacet
  facet normal 0.30901699437496044 -0.9510565162951493 0
    outer loop
      vertex 81.2461351857717 -34.75562523131018 -1.9299999999999997
      vertex 81.50129156951557 -34.67271989661223 -2.054159991555088
      vertex 81.50129156951557 -34.67271989661223 0.25
    endloop
  endfacet
  facet normal -0.8090169943749469 -0.5877852522924739 0
    outer loop
      vertex 81.50129156951557 -34.67271989661223 -2.054159991555088
      vertex 81.56152582097215 -34.75562523131018 -1.9299999999999997
      vertex 81.50129156951557 -34.67271989661223 0.25
    endloop
  endfacet
  facet normal -0.8090169943749476 -0.5877852522924729 -4.879509112626711e-17
    outer loop
      vertex 82.175 -35.6 -1.9299999999999997
      vertex 81.50129156951557 -34.67271989661223 0.25
      vertex 81.56152582097215 -34.75562523131018 -1.9299999999999997
    endloop
  endfacet
  facet normal 0.3090169943749477 0.9510565162951535 -4.276625072208322e-16
    outer loop
      vertex 80.5892786590295 -36.23094914555215 -1.9299999999999997
      vertex 80.41120843048444 -36.173090620985164 0.25
      vertex 81.50129156951557 -36.527280103387774 0.25
    endloop
  endfacet
  facet normal 1 0 0
    outer loop
      vertex 80.41120843048444 -35.27747753760332 -1.9299999999999997
      vertex 80.41120843048444 -35.02690937901484 0.25
      vertex 80.41120843048444 -36.173090620985164 0.25
    endloop
  endfacet
  facet normal 0.3090169943749476 -0.9510565162951535 1.6606635020653094e-15
    outer loop
      vertex 81.2461351857717 -34.75562523131018 -1.9299999999999997
      vertex 81.50129156951557 -34.67271989661223 0.25
      vertex 80.41120843048444 -35.02690937901484 0.25
    endloop
  endfacet
  facet normal -0.8090169943749476 0.587785252292473 -4.998652681801898e-17
    outer loop
      vertex 81.56152582097215 -36.444374768689826 -1.9299999999999997
      vertex 81.50129156951557 -36.527280103387774 0.25
      vertex 82.175 -35.6 0.25
    endloop
  endfacet
  facet normal -0.8090169943749476 -0.587785252292473 0
    outer loop
      vertex 82.175 -35.6 -1.9299999999999997
      vertex 82.175 -35.6 0.25
      vertex 81.50129156951557 -34.67271989661223 0.25
    endloop
  endfacet
  facet normal 1 0 0
    outer loop
      vertex 59.211208430484426 -66.57309062098516 -2.117626891367521
      vertex 59.211208430484426 -66.32252246239668 -1.9299999999999997
      vertex 59.211208430484426 -66.57309062098516 0.25
    endloop
  endfacet
  facet normal 0.3090169943749755 0.9510565162951444 0
    outer loop
      vertex 59.211208430484426 -66.57309062098516 -2.117626891367521
      vertex 59.211208430484426 -66.57309062098516 0.25
      vertex 59.3892786590295 -66.63094914555215 -1.9299999999999997
    endloop
  endfacet
  facet normal 1 0 0
    outer loop
      vertex 59.211208430484426 -66.32252246239668 -1.9299999999999997
      vertex 59.211208430484426 -65.67747753760332 -1.9299999999999997
      vertex 59.211208430484426 -66.57309062098516 0.25
    endloop
  endfacet
  facet normal 1 0 0
    outer loop
      vertex 59.211208430484426 -65.42690937901484 -2.117626891367521
      vertex 59.211208430484426 -65.42690937901484 0.25
      vertex 59.211208430484426 -65.67747753760332 -1.9299999999999997
    endloop
  endfacet
  facet normal 0.3090169943749755 -0.9510565162951444 0
    outer loop
      vertex 59.211208430484426 -65.42690937901484 -2.117626891367521
      vertex 59.3892786590295 -65.36905085444785 -1.9299999999999997
      vertex 59.211208430484426 -65.42690937901484 0.25
    endloop
  endfacet
  facet normal 0.3090169943749536 -0.9510565162951514 -1.9770918766847738e-15
    outer loop
      vertex 59.3892786590295 -65.36905085444785 -1.9299999999999997
      vertex 60.046135185771696 -65.15562523131017 -1.9299999999999997
      vertex 59.211208430484426 -65.42690937901484 0.25
    endloop
  endfacet
  facet normal 0.3090169943749209 0.9510565162951621 0
    outer loop
      vertex 60.30129156951558 -66.92728010338777 -2.054159991555088
      vertex 60.046135185771696 -66.84437476868983 -1.9299999999999997
      vertex 60.30129156951558 -66.92728010338777 0.25
    endloop
  endfacet
  facet normal -0.8090169943749559 0.5877852522924615 0
    outer loop
      vertex 60.30129156951558 -66.92728010338777 -2.054159991555088
      vertex 60.30129156951558 -66.92728010338777 0.25
      vertex 60.36152582097215 -66.84437476868983 -1.9299999999999997
    endloop
  endfacet
  facet normal 0.3090169943749536 0.9510565162951514 -4.2214828882127106e-15
    outer loop
      vertex 59.3892786590295 -66.63094914555215 -1.9299999999999997
      vertex 60.30129156951558 -66.92728010338777 0.25
      vertex 60.046135185771696 -66.84437476868983 -1.9299999999999997
    endloop
  endfacet
  facet normal -0.8090169943749468 0.5877852522924742 0
    outer loop
      vertex 60.36152582097215 -66.84437476868983 -1.9299999999999997
      vertex 60.975 -66 0.25
      vertex 60.975 -66 -1.9299999999999997
    endloop
  endfacet
  facet normal 0.3090169943749209 -0.9510565162951621 0
    outer loop
      vertex 60.30129156951558 -65.07271989661223 -2.054159991555088
      vertex 60.30129156951558 -65.07271989661223 0.25
      vertex 60.046135185771696 -65.15562523131017 -1.9299999999999997
    endloop
  endfacet
  facet normal -0.8090169943749559 -0.5877852522924615 0
    outer loop
      vertex 60.30129156951558 -65.07271989661223 -2.054159991555088
      vertex 60.36152582097215 -65.15562523131017 -1.9299999999999997
      vertex 60.30129156951558 -65.07271989661223 0.25
    endloop
  endfacet
  facet normal -0.8090169943749468 -0.5877852522924742 7.319263668939998e-16
    outer loop
      vertex 60.975 -66 -1.9299999999999997
      vertex 60.30129156951558 -65.07271989661223 0.25
      vertex 60.36152582097215 -65.15562523131017 -1.9299999999999997
    endloop
  endfacet
  facet normal 0.3090169943749496 0.9510565162951529 -2.3438127019115417e-15
    outer loop
      vertex 59.3892786590295 -66.63094914555215 -1.9299999999999997
      vertex 59.211208430484426 -66.57309062098516 0.25
      vertex 60.30129156951558 -66.92728010338777 0.25
    endloop
  endfacet
  facet normal 1 0 0
    outer loop
      vertex 59.211208430484426 -65.67747753760332 -1.9299999999999997
      vertex 59.211208430484426 -65.42690937901484 0.25
      vertex 59.211208430484426 -66.57309062098516 0.25
    endloop
  endfacet
  facet normal -0.8090169943749476 0.587785252292473 6.692640535079207e-16
    outer loop
      vertex 60.36152582097215 -66.84437476868983 -1.9299999999999997
      vertex 60.30129156951558 -66.92728010338777 0.25
      vertex 60.975 -66 0.25
    endloop
  endfacet
  facet normal -0.8090169943749476 -0.587785252292473 0
    outer loop
      vertex 60.975 -66 -1.9299999999999997
      vertex 60.975 -66 0.25
      vertex 60.30129156951558 -65.07271989661223 0.25
    endloop
  endfacet
  facet normal 0.3090169943749496 -0.9510565162951529 -3.710111101604052e-15
    outer loop
      vertex 60.046135185771696 -65.15562523131017 -1.9299999999999997
      vertex 60.30129156951558 -65.07271989661223 0.25
      vertex 59.211208430484426 -65.42690937901484 0.25
    endloop
  endfacet
  facet normal 0.3090169943749488 0.9510565162951531 0
    outer loop
      vertex 18.301291569515573 -51.42728010338777 -2.054159991555088
      vertex 18.046135185771696 -51.344374768689825 -1.9299999999999997
      vertex 18.301291569515573 -51.42728010338777 0.25
    endloop
  endfacet
  facet normal -0.8090169943749469 0.5877852522924739 0
    outer loop
      vertex 18.301291569515573 -51.42728010338777 -2.054159991555088
      vertex 18.301291569515573 -51.42728010338777 0.25
      vertex 18.36152582097215 -51.344374768689825 -1.9299999999999997
    endloop
  endfacet
  facet normal 0.30901699437494284 0.9510565162951551 7.6502855834422355e-16
    outer loop
      vertex 18.046135185771696 -51.344374768689825 -1.9299999999999997
      vertex 17.389278659029497 -51.13094914555215 -1.9299999999999997
      vertex 18.301291569515573 -51.42728010338777 0.25
    endloop
  endfacet
  facet normal 0.3090169943749468 0.9510565162951538 0
    outer loop
      vertex 17.211208430484426 -51.07309062098516 -2.117626891367521
      vertex 17.211208430484426 -51.07309062098516 0.25
      vertex 17.389278659029497 -51.13094914555215 -1.9299999999999997
    endloop
  endfacet
  facet normal 1 0 0
    outer loop
      vertex 17.211208430484426 -51.07309062098516 -2.117626891367521
      vertex 17.211208430484426 -50.822522462396684 -1.9299999999999997
      vertex 17.211208430484426 -51.07309062098516 0.25
    endloop
  endfacet
  facet normal 1 0 0
    outer loop
      vertex 17.211208430484426 -49.92690937901484 -2.117626891367521
      vertex 17.211208430484426 -49.92690937901484 0.25
      vertex 17.211208430484426 -50.177477537603316 -1.9299999999999997
    endloop
  endfacet
  facet normal 0.3090169943749468 -0.9510565162951538 0
    outer loop
      vertex 17.211208430484426 -49.92690937901484 -2.117626891367521
      vertex 17.389278659029497 -49.86905085444785 -1.9299999999999997
      vertex 17.211208430484426 -49.92690937901484 0.25
    endloop
  endfacet
  facet normal 1 0 0
    outer loop
      vertex 17.211208430484426 -50.822522462396684 -1.9299999999999997
      vertex 17.211208430484426 -50.177477537603316 -1.9299999999999997
      vertex 17.211208430484426 -51.07309062098516 0.25
    endloop
  endfacet
  facet normal 0.30901699437494284 -0.9510565162951551 -3.5486264453316393e-16
    outer loop
      vertex 17.389278659029497 -49.86905085444785 -1.9299999999999997
      vertex 18.046135185771696 -49.655625231310175 -1.9299999999999997
      vertex 17.211208430484426 -49.92690937901484 0.25
    endloop
  endfacet
  facet normal -0.809016994374946 0.5877852522924751 0
    outer loop
      vertex 18.36152582097215 -51.344374768689825 -1.9299999999999997
      vertex 18.975 -50.5 0.25
      vertex 18.975 -50.5 -1.9299999999999997
    endloop
  endfacet
  facet normal -0.809016994374946 -0.5877852522924751 7.319263668940052e-17
    outer loop
      vertex 18.36152582097215 -49.655625231310175 -1.9299999999999997
      vertex 18.975 -50.5 -1.9299999999999997
      vertex 18.301291569515573 -49.57271989661223 0.25
    endloop
  endfacet
  facet normal 0.3090169943749488 -0.9510565162951531 0
    outer loop
      vertex 18.301291569515573 -49.57271989661223 -2.054159991555088
      vertex 18.301291569515573 -49.57271989661223 0.25
      vertex 18.046135185771696 -49.655625231310175 -1.9299999999999997
    endloop
  endfacet
  facet normal -0.8090169943749469 -0.5877852522924739 0
    outer loop
      vertex 18.301291569515573 -49.57271989661223 -2.054159991555088
      vertex 18.36152582097215 -49.655625231310175 -1.9299999999999997
      vertex 18.301291569515573 -49.57271989661223 0.25
    endloop
  endfacet
  facet normal 0.30901699437494484 0.9510565162951543 -1.721758145953984e-16
    outer loop
      vertex 17.389278659029497 -51.13094914555215 -1.9299999999999997
      vertex 17.211208430484426 -51.07309062098516 0.25
      vertex 18.301291569515573 -51.42728010338777 0.25
    endloop
  endfacet
  facet normal 1 0 0
    outer loop
      vertex 17.211208430484426 -50.177477537603316 -1.9299999999999997
      vertex 17.211208430484426 -49.92690937901484 0.25
      vertex 17.211208430484426 -51.07309062098516 0.25
    endloop
  endfacet
  facet normal -0.809016994374946 0.5877852522924749 6.664870242402517e-17
    outer loop
      vertex 18.36152582097215 -51.344374768689825 -1.9299999999999997
      vertex 18.301291569515573 -51.42728010338777 0.25
      vertex 18.975 -50.5 0.25
    endloop
  endfacet
  facet normal 0.3090169943749449 -0.9510565162951544 5.054193267155245e-16
    outer loop
      vertex 18.046135185771696 -49.655625231310175 -1.9299999999999997
      vertex 18.301291569515573 -49.57271989661223 0.25
      vertex 17.211208430484426 -49.92690937901484 0.25
    endloop
  endfacet
  facet normal -0.809016994374946 -0.5877852522924749 0
    outer loop
      vertex 18.975 -50.5 -1.9299999999999997
      vertex 18.975 -50.5 0.25
      vertex 18.301291569515573 -49.57271989661223 0.25
    endloop
  endfacet
  facet normal 0.309016994374944 0.9510565162951546 0
    outer loop
      vertex -15.788791569515574 -38.07309062098516 -2.117626891367521
      vertex -15.788791569515574 -38.07309062098516 0.25
      vertex -15.610721340970501 -38.13094914555215 -1.9299999999999997
    endloop
  endfacet
  facet normal 1 0 0
    outer loop
      vertex -15.788791569515574 -38.07309062098516 -2.117626891367521
      vertex -15.788791569515574 -37.822522462396684 -1.9299999999999997
      vertex -15.788791569515574 -38.07309062098516 0.25
    endloop
  endfacet
  facet normal 1 0 0
    outer loop
      vertex -15.788791569515574 -36.92690937901484 -2.117626891367521
      vertex -15.788791569515574 -36.92690937901484 0.25
      vertex -15.788791569515574 -37.177477537603316 -1.9299999999999997
    endloop
  endfacet
  facet normal 0.309016994374944 -0.9510565162951546 0
    outer loop
      vertex -15.788791569515574 -36.92690937901484 -2.117626891367521
      vertex -15.610721340970501 -36.86905085444785 -1.9299999999999997
      vertex -15.788791569515574 -36.92690937901484 0.25
    endloop
  endfacet
  facet normal 1 0 0
    outer loop
      vertex -15.788791569515574 -37.822522462396684 -1.9299999999999997
      vertex -15.788791569515574 -37.177477537603316 -1.9299999999999997
      vertex -15.788791569515574 -38.07309062098516 0.25
    endloop
  endfacet
  facet normal 0.30901699437495067 0.9510565162951524 0
    outer loop
      vertex -14.698708430484427 -38.42728010338777 -2.054159991555088
      vertex -14.953864814228302 -38.344374768689825 -1.9299999999999997
      vertex -14.698708430484427 -38.42728010338777 0.25
    endloop
  endfacet
  facet normal -0.8090169943749469 0.5877852522924739 0
    outer loop
      vertex -14.698708430484427 -38.42728010338777 -2.054159991555088
      vertex -14.698708430484427 -38.42728010338777 0.25
      vertex -14.638474179027849 -38.344374768689825 -1.9299999999999997
    endloop
  endfacet
  facet normal 0.30901699437494284 0.9510565162951551 1.032327693187386e-15
    outer loop
      vertex -15.610721340970501 -38.13094914555215 -1.9299999999999997
      vertex -14.698708430484427 -38.42728010338777 0.25
      vertex -14.953864814228302 -38.344374768689825 -1.9299999999999997
    endloop
  endfacet
  facet normal -0.8090169943749468 0.5877852522924739 0
    outer loop
      vertex -14.638474179027849 -38.344374768689825 -1.9299999999999997
      vertex -14.025 -37.5 0.25
      vertex -14.025 -37.5 -1.9299999999999997
    endloop
  endfacet
  facet normal -0.8090169943749468 -0.5877852522924739 0
    outer loop
      vertex -14.025 -37.5 -1.9299999999999997
      vertex -14.698708430484427 -36.57271989661223 0.25
      vertex -14.638474179027849 -36.655625231310175 -1.9299999999999997
    endloop
  endfacet
  facet normal 0.30901699437495067 -0.9510565162951524 0
    outer loop
      vertex -14.698708430484427 -36.57271989661223 -2.054159991555088
      vertex -14.698708430484427 -36.57271989661223 0.25
      vertex -14.953864814228302 -36.655625231310175 -1.9299999999999997
    endloop
  endfacet
  facet normal -0.8090169943749469 -0.5877852522924739 0
    outer loop
      vertex -14.698708430484427 -36.57271989661223 -2.054159991555088
      vertex -14.638474179027849 -36.655625231310175 -1.9299999999999997
      vertex -14.698708430484427 -36.57271989661223 0.25
    endloop
  endfacet
  facet normal 0.30901699437494284 -0.9510565162951551 -1.0599793278263338e-16
    outer loop
      vertex -15.610721340970501 -36.86905085444785 -1.9299999999999997
      vertex -14.953864814228302 -36.655625231310175 -1.9299999999999997
      vertex -15.788791569515574 -36.92690937901484 0.25
    endloop
  endfacet
  facet normal 1 0 0
    outer loop
      vertex -15.788791569515574 -37.177477537603316 -1.9299999999999997
      vertex -15.788791569515574 -36.92690937901484 0.25
      vertex -15.788791569515574 -38.07309062098516 0.25
    endloop
  endfacet
  facet normal 0.30901699437494484 0.9510565162951543 8.053384876236378e-17
    outer loop
      vertex -15.610721340970501 -38.13094914555215 -1.9299999999999997
      vertex -15.788791569515574 -38.07309062098516 0.25
      vertex -14.698708430484427 -38.42728010338777 0.25
    endloop
  endfacet
  facet normal -0.8090169943749469 0.587785252292474 8.331087803003156e-18
    outer loop
      vertex -14.638474179027849 -38.344374768689825 -1.9299999999999997
      vertex -14.698708430484427 -38.42728010338777 0.25
      vertex -14.025 -37.5 0.25
    endloop
  endfacet
  facet normal -0.8090169943749469 -0.587785252292474 0
    outer loop
      vertex -14.025 -37.5 -1.9299999999999997
      vertex -14.025 -37.5 0.25
      vertex -14.698708430484427 -36.57271989661223 0.25
    endloop
  endfacet
  facet normal 0.30901699437494484 -0.9510565162951544 7.55351960805619e-16
    outer loop
      vertex -14.953864814228302 -36.655625231310175 -1.9299999999999997
      vertex -14.698708430484427 -36.57271989661223 0.25
      vertex -15.788791569515574 -36.92690937901484 0.25
    endloop
  endfacet
  facet normal 0.3090169943749449 0.9510565162951544 0
    outer loop
      vertex -48.69870843048442 -35.42728010338777 -2.054159991555088
      vertex -48.953864814228304 -35.344374768689825 -1.9299999999999997
      vertex -48.69870843048442 -35.42728010338777 0.25
    endloop
  endfacet
  facet normal -0.8090169943749799 0.5877852522924285 0
    outer loop
      vertex -48.69870843048442 -35.42728010338777 -2.054159991555088
      vertex -48.69870843048442 -35.42728010338777 0.25
      vertex -48.63847417902785 -35.344374768689825 -1.9299999999999997
    endloop
  endfacet
  facet normal 0.30901699437494434 0.9510565162951545 6.452048082421194e-17
    outer loop
      vertex -48.953864814228304 -35.344374768689825 -1.9299999999999997
      vertex -49.6107213409705 -35.13094914555215 -1.9299999999999997
      vertex -48.69870843048442 -35.42728010338777 0.25
    endloop
  endfacet
  facet normal 1 0 0
    outer loop
      vertex -49.788791569515574 -35.07309062098516 -2.117626891367521
      vertex -49.788791569515574 -34.822522462396684 -1.9299999999999997
      vertex -49.788791569515574 -35.07309062098516 0.25
    endloop
  endfacet
  facet normal 0.3090169943749412 0.9510565162951556 0
    outer loop
      vertex -49.788791569515574 -35.07309062098516 -2.117626891367521
      vertex -49.788791569515574 -35.07309062098516 0.25
      vertex -49.6107213409705 -35.13094914555215 -1.9299999999999997
    endloop
  endfacet
  facet normal 1 0 0
    outer loop
      vertex -49.788791569515574 -33.92690937901484 -2.117626891367521
      vertex -49.788791569515574 -33.92690937901484 0.25
      vertex -49.788791569515574 -34.177477537603316 -1.9299999999999997
    endloop
  endfacet
  facet normal 0.3090169943749412 -0.9510565162951556 0
    outer loop
      vertex -49.788791569515574 -33.92690937901484 -2.117626891367521
      vertex -49.6107213409705 -33.86905085444785 -1.9299999999999997
      vertex -49.788791569515574 -33.92690937901484 0.25
    endloop
  endfacet
  facet normal 1 0 0
    outer loop
      vertex -49.788791569515574 -34.822522462396684 -1.9299999999999997
      vertex -49.788791569515574 -34.177477537603316 -1.9299999999999997
      vertex -49.788791569515574 -35.07309062098516 0.25
    endloop
  endfacet
  facet normal 0.30901699437494434 -0.9510565162951545 2.857335579357957e-16
    outer loop
      vertex -49.6107213409705 -33.86905085444785 -1.9299999999999997
      vertex -48.953864814228304 -33.655625231310175 -1.9299999999999997
      vertex -49.788791569515574 -33.92690937901484 0.25
    endloop
  endfacet
  facet normal -0.8090169943749443 0.5877852522924774 0
    outer loop
      vertex -48.63847417902785 -35.344374768689825 -1.9299999999999997
      vertex -48.025 -34.5 0.25
      vertex -48.025 -34.5 -1.9299999999999997
    endloop
  endfacet
  facet normal -0.8090169943749443 -0.5877852522924774 2.8301152853234815e-15
    outer loop
      vertex -48.025 -34.5 -1.9299999999999997
      vertex -48.69870843048442 -33.57271989661223 0.25
      vertex -48.63847417902785 -33.655625231310175 -1.9299999999999997
    endloop
  endfacet
  facet normal 0.3090169943749449 -0.9510565162951544 0
    outer loop
      vertex -48.69870843048442 -33.57271989661223 -2.054159991555088
      vertex -48.69870843048442 -33.57271989661223 0.25
      vertex -48.953864814228304 -33.655625231310175 -1.9299999999999997
    endloop
  endfacet
  facet normal -0.8090169943749799 -0.5877852522924285 0
    outer loop
      vertex -48.69870843048442 -33.57271989661223 -2.054159991555088
      vertex -48.63847417902785 -33.655625231310175 -1.9299999999999997
      vertex -48.69870843048442 -33.57271989661223 0.25
    endloop
  endfacet
  facet normal 0.30901699437494395 0.9510565162951546 2.499326340900938e-16
    outer loop
      vertex -49.6107213409705 -35.13094914555215 -1.9299999999999997
      vertex -49.788791569515574 -35.07309062098516 0.25
      vertex -48.69870843048442 -35.42728010338777 0.25
    endloop
  endfacet
  facet normal 1 0 0
    outer loop
      vertex -49.788791569515574 -34.177477537603316 -1.9299999999999997
      vertex -49.788791569515574 -33.92690937901484 0.25
      vertex -49.788791569515574 -35.07309062098516 0.25
    endloop
  endfacet
  facet normal 0.30901699437494395 -0.9510565162951546 1.1663522924204376e-16
    outer loop
      vertex -48.953864814228304 -33.655625231310175 -1.9299999999999997
      vertex -48.69870843048442 -33.57271989661223 0.25
      vertex -49.788791569515574 -33.92690937901484 0.25
    endloop
  endfacet
  facet normal -0.8090169943749476 0.587785252292473 2.585414248198648e-15
    outer loop
      vertex -48.63847417902785 -35.344374768689825 -1.9299999999999997
      vertex -48.69870843048442 -35.42728010338777 0.25
      vertex -48.025 -34.5 0.25
    endloop
  endfacet
  facet normal -0.8090169943749476 -0.587785252292473 0
    outer loop
      vertex -48.025 -34.5 -1.9299999999999997
      vertex -48.025 -34.5 0.25
      vertex -48.69870843048442 -33.57271989661223 0.25
    endloop
  endfacet
  facet normal 1 0 0
    outer loop
      vertex -49.788791569515574 19.926909379014837 -2.117626891367521
      vertex -49.788791569515574 20.177477537603316 -1.9299999999999997
      vertex -49.788791569515574 19.926909379014837 0.25
    endloop
  endfacet
  facet normal 0.3090169943749412 0.9510565162951556 0
    outer loop
      vertex -49.788791569515574 19.926909379014837 -2.117626891367521
      vertex -49.788791569515574 19.926909379014837 0.25
      vertex -49.6107213409705 19.86905085444785 -1.9299999999999997
    endloop
  endfacet
  facet normal 0.3090169943749449 0.9510565162951544 0
    outer loop
      vertex -48.69870843048442 19.572719896612224 -2.054159991555088
      vertex -48.953864814228304 19.65562523131017 -1.9299999999999997
      vertex -48.69870843048442 19.572719896612224 0.25
    endloop
  endfacet
  facet normal -0.8090169943749799 0.5877852522924285 0
    outer loop
      vertex -48.69870843048442 19.572719896612224 -2.054159991555088
      vertex -48.69870843048442 19.572719896612224 0.25
      vertex -48.63847417902785 19.65562523131017 -1.9299999999999997
    endloop
  endfacet
  facet normal 0.309016994374949 0.9510565162951531 -5.345982696863267e-16
    outer loop
      vertex -48.953864814228304 19.65562523131017 -1.9299999999999997
      vertex -49.6107213409705 19.86905085444785 -1.9299999999999997
      vertex -48.69870843048442 19.572719896612224 0.25
    endloop
  endfacet
  facet normal 1 0 0
    outer loop
      vertex -49.788791569515574 20.177477537603316 -1.9299999999999997
      vertex -49.788791569515574 20.822522462396684 -1.9299999999999997
      vertex -49.788791569515574 19.926909379014837 0.25
    endloop
  endfacet
  facet normal -0.8090169943749456 0.5877852522924758 0
    outer loop
      vertex -48.63847417902785 19.65562523131017 -1.9299999999999997
      vertex -48.025 20.5 0.25
      vertex -48.025 20.5 -1.9299999999999997
    endloop
  endfacet
  facet normal 1 0 0
    outer loop
      vertex -49.788791569515574 21.073090620985163 -2.117626891367521
      vertex -49.788791569515574 21.073090620985163 0.25
      vertex -49.788791569515574 20.822522462396684 -1.9299999999999997
    endloop
  endfacet
  facet normal 0.3090169943749412 -0.9510565162951556 0
    outer loop
      vertex -49.788791569515574 21.073090620985163 -2.117626891367521
      vertex -49.6107213409705 21.13094914555215 -1.9299999999999997
      vertex -49.788791569515574 21.073090620985163 0.25
    endloop
  endfacet
  facet normal 0.3090169943749449 -0.9510565162951544 0
    outer loop
      vertex -48.69870843048442 21.427280103387776 -2.054159991555088
      vertex -48.69870843048442 21.427280103387776 0.25
      vertex -48.953864814228304 21.34437476868983 -1.9299999999999997
    endloop
  endfacet
  facet normal -0.8090169943749799 -0.5877852522924285 0
    outer loop
      vertex -48.69870843048442 21.427280103387776 -2.054159991555088
      vertex -48.63847417902785 21.34437476868983 -1.9299999999999997
      vertex -48.69870843048442 21.427280103387776 0.25
    endloop
  endfacet
  facet normal 0.309016994374949 -0.9510565162951531 7.051166832931722e-16
    outer loop
      vertex -49.6107213409705 21.13094914555215 -1.9299999999999997
      vertex -48.953864814228304 21.34437476868983 -1.9299999999999997
      vertex -49.788791569515574 21.073090620985163 0.25
    endloop
  endfacet
  facet normal -0.8090169943749456 -0.5877852522924758 2.781320194197207e-15
    outer loop
      vertex -48.025 20.5 -1.9299999999999997
      vertex -48.69870843048442 21.427280103387776 0.25
      vertex -48.63847417902785 21.34437476868983 -1.9299999999999997
    endloop
  endfacet
  facet normal 0.30901699437494673 0.9510565162951538 5.026422974478548e-16
    outer loop
      vertex -49.6107213409705 19.86905085444785 -1.9299999999999997
      vertex -49.788791569515574 19.926909379014837 0.25
      vertex -48.69870843048442 19.572719896612224 0.25
    endloop
  endfacet
  facet normal 1 0 0
    outer loop
      vertex -49.788791569515574 20.822522462396684 -1.9299999999999997
      vertex -49.788791569515574 21.073090620985163 0.25
      vertex -49.788791569515574 19.926909379014837 0.25
    endloop
  endfacet
  facet normal -0.8090169943749486 0.5877852522924716 2.5021033701686103e-15
    outer loop
      vertex -48.63847417902785 19.65562523131017 -1.9299999999999997
      vertex -48.69870843048442 19.572719896612224 0.25
      vertex -48.025 20.5 0.25
    endloop
  endfacet
  facet normal 0.30901699437494673 -0.9510565162951538 -2.4437857555475815e-16
    outer loop
      vertex -48.953864814228304 21.34437476868983 -1.9299999999999997
      vertex -48.69870843048442 21.427280103387776 0.25
      vertex -49.788791569515574 21.073090620985163 0.25
    endloop
  endfacet
  facet normal -0.8090169943749486 -0.5877852522924716 0
    outer loop
      vertex -48.025 20.5 -1.9299999999999997
      vertex -48.025 20.5 0.25
      vertex -48.69870843048442 21.427280103387776 0.25
    endloop
  endfacet
  facet normal 0 0.8316419757640974 -0.5553121862044705
    outer loop
      vertex 39.1 -34.05884572681199 -3
      vertex 40.4875 -33.344374768689825 -1.9299999999999997
      vertex 40.9 -34.05884572681199 -3
    endloop
  endfacet
  facet normal 0.7202230778651908 0.4158209878820484 -0.5553121862044708
    outer loop
      vertex 38.2 -32.5 -3
      vertex 39.5125 -33.344374768689825 -1.9299999999999997
      vertex 39.1 -34.05884572681199 -3
    endloop
  endfacet
  facet normal -0.7202230778651908 0.4158209878820484 -0.5553121862044708
    outer loop
      vertex 40.9 -34.05884572681199 -3
      vertex 40.4875 -33.344374768689825 -1.9299999999999997
      vertex 41.8 -32.5 -3
    endloop
  endfacet
  facet normal 0.7202230778651912 0.4158209878820782 -0.5553121862044479
    outer loop
      vertex 38.2 -32.5 -3
      vertex 39.211208430484426 -33.07309062098516 -2.117626891367521
      vertex 39.5125 -33.344374768689825 -1.9299999999999997
    endloop
  endfacet
  facet normal 0.7202230778651925 0.4158209878820476 -0.5553121862044691
    outer loop
      vertex 38.2 -32.5 -3
      vertex 39.211208430484426 -32.822522462396684 -1.9299999999999997
      vertex 39.211208430484426 -33.07309062098516 -2.117626891367521
    endloop
  endfacet
  facet normal 0.7202230778651925 -0.4158209878820476 -0.5553121862044691
    outer loop
      vertex 38.2 -32.5 -3
      vertex 39.211208430484426 -31.926909379014837 -2.117626891367521
      vertex 39.211208430484426 -32.177477537603316 -1.9299999999999997
    endloop
  endfacet
  facet normal 1.1822445252701738e-15 0.8316419757640969 -0.5553121862044711
    outer loop
      vertex 39.1 -34.05884572681199 -3
      vertex 40.046135185771696 -33.344374768689825 -1.9299999999999997
      vertex 40.30129156951558 -33.42728010338777 -2.054159991555088
    endloop
  endfacet
  facet normal -1.7116661651059895e-14 0.8316419757641058 -0.5553121862044579
    outer loop
      vertex 39.1 -34.05884572681199 -3
      vertex 40.30129156951558 -33.42728010338777 -2.054159991555088
      vertex 40.4875 -33.344374768689825 -1.9299999999999997
    endloop
  endfacet
  facet normal 0.7202230778651917 0.41582098788205146 -0.5553121862044672
    outer loop
      vertex 38.2 -32.5 -3
      vertex 39.025 -32.5 -1.9299999999999997
      vertex 39.211208430484426 -32.822522462396684 -1.9299999999999997
    endloop
  endfacet
  facet normal 0.7202230778651917 -0.41582098788205146 -0.5553121862044672
    outer loop
      vertex 38.2 -32.5 -3
      vertex 39.211208430484426 -32.177477537603316 -1.9299999999999997
      vertex 39.025 -32.5 -1.9299999999999997
    endloop
  endfacet
  facet normal 0 0.8316419757640974 -0.5553121862044704
    outer loop
      vertex 39.1 -34.05884572681199 -3
      vertex 39.5125 -33.344374768689825 -1.9299999999999997
      vertex 40.046135185771696 -33.344374768689825 -1.9299999999999997
    endloop
  endfacet
  facet normal -0.7202230778651908 0.41582098788205374 -0.5553121862044665
    outer loop
      vertex 41.8 -32.5 -3
      vertex 40.4875 -33.344374768689825 -1.9299999999999997
      vertex 40.975 -32.5 -1.9299999999999997
    endloop
  endfacet
  facet normal -0.7202230778651914 -0.41582098788205224 -0.555312186204467
    outer loop
      vertex 41.8 -32.5 -3
      vertex 40.975 -32.5 -1.9299999999999997
      vertex 40.4875 -31.65562523131017 -1.9299999999999997
    endloop
  endfacet
  facet normal 0.7202230778651914 -0.41582098788204874 -0.5553121862044699
    outer loop
      vertex 38.2 -32.5 -3
      vertex 39.1 -30.941154273188012 -3
      vertex 39.5125 -31.65562523131017 -1.9299999999999997
    endloop
  endfacet
  facet normal 0 -0.8316419757640986 -0.5553121862044685
    outer loop
      vertex 39.1 -30.941154273188012 -3
      vertex 40.9 -30.941154273188012 -3
      vertex 39.5125 -31.65562523131017 -1.9299999999999997
    endloop
  endfacet
  facet normal -0.7202230778651914 -0.41582098788204874 -0.5553121862044699
    outer loop
      vertex 41.8 -32.5 -3
      vertex 40.4875 -31.65562523131017 -1.9299999999999997
      vertex 40.9 -30.941154273188012 -3
    endloop
  endfacet
  facet normal 0.7202230778651914 -0.4158209878820684 -0.5553121862044549
    outer loop
      vertex 38.2 -32.5 -3
      vertex 39.5125 -31.65562523131017 -1.9299999999999997
      vertex 39.211208430484426 -31.926909379014837 -2.117626891367521
    endloop
  endfacet
  facet normal 4.4229934058775185e-15 -0.8316419757641003 -0.555312186204466
    outer loop
      vertex 40.9 -30.941154273188012 -3
      vertex 40.30129156951558 -31.572719896612224 -2.054159991555088
      vertex 40.046135185771696 -31.65562523131017 -1.9299999999999997
    endloop
  endfacet
  facet normal -5.625313872026789e-15 -0.8316419757640972 -0.5553121862044708
    outer loop
      vertex 40.9 -30.941154273188012 -3
      vertex 40.36152582097215 -31.65562523131017 -1.9299999999999997
      vertex 40.30129156951558 -31.572719896612224 -2.054159991555088
    endloop
  endfacet
  facet normal 0 -0.8316419757640985 -0.5553121862044686
    outer loop
      vertex 40.9 -30.941154273188012 -3
      vertex 40.046135185771696 -31.65562523131017 -1.9299999999999997
      vertex 39.5125 -31.65562523131017 -1.9299999999999997
    endloop
  endfacet
  facet normal 0 -0.8316419757640986 -0.5553121862044686
    outer loop
      vertex 40.9 -30.941154273188012 -3
      vertex 40.4875 -31.65562523131017 -1.9299999999999997
      vertex 40.36152582097215 -31.65562523131017 -1.9299999999999997
    endloop
  endfacet
  facet normal 0.720223077865186 0.4158209878820555 -0.5553121862044716
    outer loop
      vertex 39.211208430484426 -33.07309062098516 -2.117626891367521
      vertex 39.3892786590295 -33.13094914555215 -1.9299999999999997
      vertex 39.5125 -33.344374768689825 -1.9299999999999997
    endloop
  endfacet
  facet normal 0 0.831641975764096 -0.5553121862044725
    outer loop
      vertex 40.30129156951558 -33.42728010338777 -2.054159991555088
      vertex 40.36152582097215 -33.344374768689825 -1.9299999999999997
      vertex 40.4875 -33.344374768689825 -1.9299999999999997
    endloop
  endfacet
  facet normal 0 0 -1
    outer loop
      vertex 39.025 -32.5 -1.9299999999999997
      vertex 39.211208430484426 -32.177477537603316 -1.9299999999999997
      vertex 39.211208430484426 -32.822522462396684 -1.9299999999999997
    endloop
  endfacet
  facet normal 0 0 -1
    outer loop
      vertex 39.5125 -33.344374768689825 -1.9299999999999997
      vertex 39.3892786590295 -33.13094914555215 -1.9299999999999997
      vertex 40.046135185771696 -33.344374768689825 -1.9299999999999997
    endloop
  endfacet
  facet normal 0 0 -1
    outer loop
      vertex 40.36152582097215 -33.344374768689825 -1.9299999999999997
      vertex 40.975 -32.5 -1.9299999999999997
      vertex 40.4875 -33.344374768689825 -1.9299999999999997
    endloop
  endfacet
  facet normal 0.7202230778651871 -0.4158209878820493 -0.5553121862044746
    outer loop
      vertex 39.211208430484426 -31.926909379014837 -2.117626891367521
      vertex 39.5125 -31.65562523131017 -1.9299999999999997
      vertex 39.3892786590295 -31.86905085444785 -1.9299999999999997
    endloop
  endfacet
  facet normal 0 0 -1
    outer loop
      vertex 39.3892786590295 -31.86905085444785 -1.9299999999999997
      vertex 39.5125 -31.65562523131017 -1.9299999999999997
      vertex 40.046135185771696 -31.65562523131017 -1.9299999999999997
    endloop
  endfacet
  facet normal 0 0 -1
    outer loop
      vertex 40.975 -32.5 -1.9299999999999997
      vertex 40.36152582097215 -31.65562523131017 -1.9299999999999997
      vertex 40.4875 -31.65562523131017 -1.9299999999999997
    endloop
  endfacet
  facet normal 0.7202230778651914 0.41582098788204913 -0.5553121862044694
    outer loop
      vertex 7.1 -31.558845726811988 -3
      vertex 6.2 -30 -3
      vertex 7.5125 -30.84437476868983 -1.9299999999999997
    endloop
  endfacet
  facet normal 0.7202230778651914 -0.41582098788204913 -0.5553121862044694
    outer loop
      vertex 6.2 -30 -3
      vertex 7.1 -28.441154273188012 -3
      vertex 7.5125 -29.15562523131017 -1.9299999999999997
    endloop
  endfacet
  facet normal 0 -0.8316419757640986 -0.5553121862044685
    outer loop
      vertex 7.1 -28.441154273188012 -3
      vertex 8.9 -28.441154273188012 -3
      vertex 7.5125 -29.15562523131017 -1.9299999999999997
    endloop
  endfacet
  facet normal 0 0.8316419757640986 -0.5553121862044685
    outer loop
      vertex 7.1 -31.558845726811988 -3
      vertex 8.4875 -30.84437476868983 -1.9299999999999997
      vertex 8.9 -31.558845726811988 -3
    endloop
  endfacet
  facet normal -0.7202230778651914 0.4158209878820496 -0.5553121862044691
    outer loop
      vertex 8.9 -31.558845726811988 -3
      vertex 8.4875 -30.84437476868983 -1.9299999999999997
      vertex 9.8 -30 -3
    endloop
  endfacet
  facet normal -0.7202230778651914 -0.4158209878820496 -0.5553121862044691
    outer loop
      vertex 9.8 -30 -3
      vertex 8.4875 -29.15562523131017 -1.9299999999999997
      vertex 8.9 -28.441154273188012 -3
    endloop
  endfacet
  facet normal 1.8915912404323055e-15 0.8316419757640977 -0.5553121862044699
    outer loop
      vertex 7.1 -31.558845726811988 -3
      vertex 8.046135185771698 -30.84437476868983 -1.9299999999999997
      vertex 8.301291569515573 -30.927280103387776 -2.054159991555088
    endloop
  endfacet
  facet normal -2.7386658641689017e-14 0.831641975764118 -0.5553121862044395
    outer loop
      vertex 7.1 -31.558845726811988 -3
      vertex 8.301291569515573 -30.927280103387776 -2.054159991555088
      vertex 8.4875 -30.84437476868983 -1.9299999999999997
    endloop
  endfacet
  facet normal 0.7202230778651916 0.4158209878820483 -0.5553121862044698
    outer loop
      vertex 6.2 -30 -3
      vertex 7.211208430484426 -30.322522462396684 -1.9299999999999997
      vertex 7.211208430484426 -30.573090620985163 -2.117626891367521
    endloop
  endfacet
  facet normal 0.7202230778651912 0.4158209878820526 -0.555312186204467
    outer loop
      vertex 6.2 -30 -3
      vertex 7.211208430484426 -30.573090620985163 -2.117626891367521
      vertex 7.5125 -30.84437476868983 -1.9299999999999997
    endloop
  endfacet
  facet normal 0.7202230778651916 -0.4158209878820483 -0.5553121862044698
    outer loop
      vertex 6.2 -30 -3
      vertex 7.211208430484426 -29.426909379014837 -2.117626891367521
      vertex 7.211208430484426 -29.677477537603316 -1.9299999999999997
    endloop
  endfacet
  facet normal 0.7202230778651912 -0.4158209878820526 -0.555312186204467
    outer loop
      vertex 6.2 -30 -3
      vertex 7.5125 -29.15562523131017 -1.9299999999999997
      vertex 7.211208430484426 -29.426909379014837 -2.117626891367521
    endloop
  endfacet
  facet normal 0 0.8316419757640986 -0.5553121862044685
    outer loop
      vertex 7.1 -31.558845726811988 -3
      vertex 7.5125 -30.84437476868983 -1.9299999999999997
      vertex 8.046135185771698 -30.84437476868983 -1.9299999999999997
    endloop
  endfacet
  facet normal 0.7202230778651917 0.4158209878820475 -0.5553121862044702
    outer loop
      vertex 6.2 -30 -3
      vertex 7.025 -30 -1.9299999999999997
      vertex 7.211208430484426 -30.322522462396684 -1.9299999999999997
    endloop
  endfacet
  facet normal 0.7202230778651917 -0.4158209878820475 -0.5553121862044702
    outer loop
      vertex 6.2 -30 -3
      vertex 7.211208430484426 -29.677477537603316 -1.9299999999999997
      vertex 7.025 -30 -1.9299999999999997
    endloop
  endfacet
  facet normal -0.7202230778651914 0.41582098788204774 -0.5553121862044705
    outer loop
      vertex 9.8 -30 -3
      vertex 8.4875 -30.84437476868983 -1.9299999999999997
      vertex 8.975 -30 -1.9299999999999997
    endloop
  endfacet
  facet normal -0.7202230778651914 -0.41582098788204774 -0.5553121862044705
    outer loop
      vertex 9.8 -30 -3
      vertex 8.975 -30 -1.9299999999999997
      vertex 8.4875 -29.15562523131017 -1.9299999999999997
    endloop
  endfacet
  facet normal 0 -0.8316419757640986 -0.5553121862044685
    outer loop
      vertex 7.5125 -29.15562523131017 -1.9299999999999997
      vertex 8.9 -28.441154273188012 -3
      vertex 8.046135185771698 -29.15562523131017 -1.9299999999999997
    endloop
  endfacet
  facet normal 0 -0.8316419757640986 -0.5553121862044686
    outer loop
      vertex 8.9 -28.441154273188012 -3
      vertex 8.4875 -29.15562523131017 -1.9299999999999997
      vertex 8.361525820972151 -29.15562523131017 -1.9299999999999997
    endloop
  endfacet
  facet normal 4.492102677844508e-15 -0.8316419757641004 -0.555312186204466
    outer loop
      vertex 8.046135185771698 -29.15562523131017 -1.9299999999999997
      vertex 8.9 -28.441154273188012 -3
      vertex 8.301291569515573 -29.072719896612224 -2.054159991555088
    endloop
  endfacet
  facet normal -5.625313872026472e-15 -0.8316419757640974 -0.5553121862044704
    outer loop
      vertex 8.9 -28.441154273188012 -3
      vertex 8.361525820972151 -29.15562523131017 -1.9299999999999997
      vertex 8.301291569515573 -29.072719896612224 -2.054159991555088
    endloop
  endfacet
  facet normal 0.7202230778651905 0.4158209878820482 -0.5553121862044713
    outer loop
      vertex 7.211208430484426 -30.573090620985163 -2.117626891367521
      vertex 7.3892786590294985 -30.63094914555215 -1.9299999999999997
      vertex 7.5125 -30.84437476868983 -1.9299999999999997
    endloop
  endfacet
  facet normal 0.7202230778651905 -0.4158209878820482 -0.5553121862044713
    outer loop
      vertex 7.211208430484426 -29.426909379014837 -2.117626891367521
      vertex 7.5125 -29.15562523131017 -1.9299999999999997
      vertex 7.3892786590294985 -29.36905085444785 -1.9299999999999997
    endloop
  endfacet
  facet normal 0 0 -1
    outer loop
      vertex 7.5125 -30.84437476868983 -1.9299999999999997
      vertex 7.3892786590294985 -30.63094914555215 -1.9299999999999997
      vertex 8.046135185771698 -30.84437476868983 -1.9299999999999997
    endloop
  endfacet
  facet normal 0 0 -1
    outer loop
      vertex 7.025 -30 -1.9299999999999997
      vertex 7.211208430484426 -29.677477537603316 -1.9299999999999997
      vertex 7.211208430484426 -30.322522462396684 -1.9299999999999997
    endloop
  endfacet
  facet normal 0 0 -1
    outer loop
      vertex 7.3892786590294985 -29.36905085444785 -1.9299999999999997
      vertex 7.5125 -29.15562523131017 -1.9299999999999997
      vertex 8.046135185771698 -29.15562523131017 -1.9299999999999997
    endloop
  endfacet
  facet normal 0 0.831641975764096 -0.5553121862044725
    outer loop
      vertex 8.301291569515573 -30.927280103387776 -2.054159991555088
      vertex 8.361525820972151 -30.84437476868983 -1.9299999999999997
      vertex 8.4875 -30.84437476868983 -1.9299999999999997
    endloop
  endfacet
  facet normal 0 0 -1
    outer loop
      vertex 8.361525820972151 -30.84437476868983 -1.9299999999999997
      vertex 8.975 -30 -1.9299999999999997
      vertex 8.4875 -30.84437476868983 -1.9299999999999997
    endloop
  endfacet
  facet normal 0 0 -1
    outer loop
      vertex 8.975 -30 -1.9299999999999997
      vertex 8.361525820972151 -29.15562523131017 -1.9299999999999997
      vertex 8.4875 -29.15562523131017 -1.9299999999999997
    endloop
  endfacet
  facet normal 0 0.8316419757640986 -0.5553121862044685
    outer loop
      vertex -12.9 26.441154273188012 -3
      vertex -11.5125 27.15562523131017 -1.9299999999999997
      vertex -11.1 26.441154273188012 -3
    endloop
  endfacet
  facet normal 0.7202230778651914 0.4158209878820496 -0.5553121862044691
    outer loop
      vertex -13.8 28 -3
      vertex -12.4875 27.15562523131017 -1.9299999999999997
      vertex -12.9 26.441154273188012 -3
    endloop
  endfacet
  facet normal -0.7202230778651914 0.4158209878820496 -0.5553121862044691
    outer loop
      vertex -11.1 26.441154273188012 -3
      vertex -11.5125 27.15562523131017 -1.9299999999999997
      vertex -10.2 28 -3
    endloop
  endfacet
  facet normal 0.7202230778651914 -0.4158209878820496 -0.5553121862044691
    outer loop
      vertex -13.8 28 -3
      vertex -12.9 29.558845726811988 -3
      vertex -12.4875 28.84437476868983 -1.9299999999999997
    endloop
  endfacet
  facet normal 0 -0.8316419757640986 -0.5553121862044685
    outer loop
      vertex -12.9 29.558845726811988 -3
      vertex -11.1 29.558845726811988 -3
      vertex -12.4875 28.84437476868983 -1.9299999999999997
    endloop
  endfacet
  facet normal -0.7202230778651914 -0.4158209878820496 -0.5553121862044691
    outer loop
      vertex -10.2 28 -3
      vertex -11.5125 28.84437476868983 -1.9299999999999997
      vertex -11.1 29.558845726811988 -3
    endloop
  endfacet
  facet normal 1.8915912404323055e-15 0.8316419757640977 -0.5553121862044699
    outer loop
      vertex -12.9 26.441154273188012 -3
      vertex -11.953864814228302 27.15562523131017 -1.9299999999999997
      vertex -11.698708430484427 27.072719896612224 -2.054159991555088
    endloop
  endfacet
  facet normal -2.7386658641689017e-14 0.831641975764118 -0.5553121862044395
    outer loop
      vertex -12.9 26.441154273188012 -3
      vertex -11.698708430484427 27.072719896612224 -2.054159991555088
      vertex -11.5125 27.15562523131017 -1.9299999999999997
    endloop
  endfacet
  facet normal 0.720223077865191 0.41582098788204763 -0.555312186204471
    outer loop
      vertex -13.8 28 -3
      vertex -12.788791569515574 27.426909379014837 -2.117626891367521
      vertex -12.4875 27.15562523131017 -1.9299999999999997
    endloop
  endfacet
  facet normal 0.7202230778651912 0.4158209878820483 -0.5553121862044701
    outer loop
      vertex -13.8 28 -3
      vertex -12.788791569515574 27.677477537603316 -1.9299999999999997
      vertex -12.788791569515574 27.426909379014837 -2.117626891367521
    endloop
  endfacet
  facet normal 0.7202230778651912 -0.4158209878820483 -0.5553121862044701
    outer loop
      vertex -13.8 28 -3
      vertex -12.788791569515574 28.573090620985163 -2.117626891367521
      vertex -12.788791569515574 28.322522462396684 -1.9299999999999997
    endloop
  endfacet
  facet normal 0.720223077865191 -0.41582098788204763 -0.555312186204471
    outer loop
      vertex -13.8 28 -3
      vertex -12.4875 28.84437476868983 -1.9299999999999997
      vertex -12.788791569515574 28.573090620985163 -2.117626891367521
    endloop
  endfacet
  facet normal 0 0.8316419757640986 -0.5553121862044685
    outer loop
      vertex -12.9 26.441154273188012 -3
      vertex -12.4875 27.15562523131017 -1.9299999999999997
      vertex -11.953864814228302 27.15562523131017 -1.9299999999999997
    endloop
  endfacet
  facet normal 0.7202230778651915 0.4158209878820474 -0.5553121862044706
    outer loop
      vertex -13.8 28 -3
      vertex -12.975 28 -1.9299999999999997
      vertex -12.788791569515574 27.677477537603316 -1.9299999999999997
    endloop
  endfacet
  facet normal 0.7202230778651915 -0.4158209878820474 -0.5553121862044706
    outer loop
      vertex -13.8 28 -3
      vertex -12.788791569515574 28.322522462396684 -1.9299999999999997
      vertex -12.975 28 -1.9299999999999997
    endloop
  endfacet
  facet normal -0.7202230778651914 0.41582098788204774 -0.5553121862044705
    outer loop
      vertex -10.2 28 -3
      vertex -11.5125 27.15562523131017 -1.9299999999999997
      vertex -11.025 28 -1.9299999999999997
    endloop
  endfacet
  facet normal -0.7202230778651914 -0.41582098788204774 -0.5553121862044705
    outer loop
      vertex -10.2 28 -3
      vertex -11.025 28 -1.9299999999999997
      vertex -11.5125 28.84437476868983 -1.9299999999999997
    endloop
  endfacet
  facet normal 4.422993405877669e-15 -0.8316419757641004 -0.5553121862044661
    outer loop
      vertex -11.1 29.558845726811988 -3
      vertex -11.698708430484427 28.927280103387776 -2.054159991555088
      vertex -11.953864814228302 28.84437476868983 -1.9299999999999997
    endloop
  endfacet
  facet normal -5.625313872026472e-15 -0.8316419757640974 -0.5553121862044704
    outer loop
      vertex -11.1 29.558845726811988 -3
      vertex -11.638474179027849 28.84437476868983 -1.9299999999999997
      vertex -11.698708430484427 28.927280103387776 -2.054159991555088
    endloop
  endfacet
  facet normal 0 -0.8316419757640986 -0.5553121862044685
    outer loop
      vertex -11.1 29.558845726811988 -3
      vertex -11.953864814228302 28.84437476868983 -1.9299999999999997
      vertex -12.4875 28.84437476868983 -1.9299999999999997
    endloop
  endfacet
  facet normal 0 -0.8316419757640986 -0.5553121862044686
    outer loop
      vertex -11.1 29.558845726811988 -3
      vertex -11.5125 28.84437476868983 -1.9299999999999997
      vertex -11.638474179027849 28.84437476868983 -1.9299999999999997
    endloop
  endfacet
  facet normal 0.7202230778651909 0.41582098788204547 -0.5553121862044726
    outer loop
      vertex -12.788791569515574 27.426909379014837 -2.117626891367521
      vertex -12.610721340970501 27.36905085444785 -1.9299999999999997
      vertex -12.4875 27.15562523131017 -1.9299999999999997
    endloop
  endfacet
  facet normal 0.7202230778651909 -0.41582098788204547 -0.5553121862044726
    outer loop
      vertex -12.788791569515574 28.573090620985163 -2.117626891367521
      vertex -12.4875 28.84437476868983 -1.9299999999999997
      vertex -12.610721340970501 28.63094914555215 -1.9299999999999997
    endloop
  endfacet
  facet normal 0 0.831641975764096 -0.5553121862044725
    outer loop
      vertex -11.698708430484427 27.072719896612224 -2.054159991555088
      vertex -11.638474179027849 27.15562523131017 -1.9299999999999997
      vertex -11.5125 27.15562523131017 -1.9299999999999997
    endloop
  endfacet
  facet normal 0 0 -1
    outer loop
      vertex -12.610721340970501 27.36905085444785 -1.9299999999999997
      vertex -11.953864814228302 27.15562523131017 -1.9299999999999997
      vertex -12.4875 27.15562523131017 -1.9299999999999997
    endloop
  endfacet
  facet normal 0 0 -1
    outer loop
      vertex -12.788791569515574 27.677477537603316 -1.9299999999999997
      vertex -12.975 28 -1.9299999999999997
      vertex -12.788791569515574 28.322522462396684 -1.9299999999999997
    endloop
  endfacet
  facet normal 0 0 -1
    outer loop
      vertex -11.638474179027849 27.15562523131017 -1.9299999999999997
      vertex -11.025 28 -1.9299999999999997
      vertex -11.5125 27.15562523131017 -1.9299999999999997
    endloop
  endfacet
  facet normal 0 0 -1
    outer loop
      vertex -11.025 28 -1.9299999999999997
      vertex -11.638474179027849 28.84437476868983 -1.9299999999999997
      vertex -11.5125 28.84437476868983 -1.9299999999999997
    endloop
  endfacet
  facet normal 0 0 -1
    outer loop
      vertex -12.610721340970501 28.63094914555215 -1.9299999999999997
      vertex -12.4875 28.84437476868983 -1.9299999999999997
      vertex -11.953864814228302 28.84437476868983 -1.9299999999999997
    endloop
  endfacet
  facet normal 0 0.8316419757640986 -0.5553121862044685
    outer loop
      vertex 21.6 26.441154273188012 -3
      vertex 22.9875 27.15562523131017 -1.9299999999999997
      vertex 23.4 26.441154273188012 -3
    endloop
  endfacet
  facet normal 0.7202230778651914 0.41582098788205035 -0.5553121862044685
    outer loop
      vertex 20.7 28 -3
      vertex 22.0125 27.15562523131017 -1.9299999999999997
      vertex 21.6 26.441154273188012 -3
    endloop
  endfacet
  facet normal -0.7202230778651914 0.41582098788205035 -0.5553121862044685
    outer loop
      vertex 23.4 26.441154273188012 -3
      vertex 22.9875 27.15562523131017 -1.9299999999999997
      vertex 24.3 28 -3
    endloop
  endfacet
  facet normal 0.7202230778651914 -0.41582098788205035 -0.5553121862044685
    outer loop
      vertex 20.7 28 -3
      vertex 21.6 29.558845726811988 -3
      vertex 22.0125 28.84437476868983 -1.9299999999999997
    endloop
  endfacet
  facet normal 0 -0.8316419757640986 -0.5553121862044685
    outer loop
      vertex 21.6 29.558845726811988 -3
      vertex 23.4 29.558845726811988 -3
      vertex 22.0125 28.84437476868983 -1.9299999999999997
    endloop
  endfacet
  facet normal -0.7202230778651914 -0.41582098788205035 -0.5553121862044685
    outer loop
      vertex 24.3 28 -3
      vertex 22.9875 28.84437476868983 -1.9299999999999997
      vertex 23.4 29.558845726811988 -3
    endloop
  endfacet
  facet normal 1.8915912404322984e-15 0.8316419757640978 -0.5553121862044696
    outer loop
      vertex 21.6 26.441154273188012 -3
      vertex 22.546135185771696 27.15562523131017 -1.9299999999999997
      vertex 22.801291569515573 27.072719896612224 -2.054159991555088
    endloop
  endfacet
  facet normal -2.7386658641688916e-14 0.8316419757641149 -0.5553121862044443
    outer loop
      vertex 21.6 26.441154273188012 -3
      vertex 22.801291569515573 27.072719896612224 -2.054159991555088
      vertex 22.9875 27.15562523131017 -1.9299999999999997
    endloop
  endfacet
  facet normal 0.720223077865191 0.41582098788204763 -0.555312186204471
    outer loop
      vertex 20.7 28 -3
      vertex 21.711208430484426 27.426909379014837 -2.117626891367521
      vertex 22.0125 27.15562523131017 -1.9299999999999997
    endloop
  endfacet
  facet normal 0.7202230778651912 0.4158209878820483 -0.5553121862044701
    outer loop
      vertex 20.7 28 -3
      vertex 21.711208430484426 27.677477537603316 -1.9299999999999997
      vertex 21.711208430484426 27.426909379014837 -2.117626891367521
    endloop
  endfacet
  facet normal 0.7202230778651912 -0.4158209878820483 -0.5553121862044701
    outer loop
      vertex 20.7 28 -3
      vertex 21.711208430484426 28.573090620985163 -2.117626891367521
      vertex 21.711208430484426 28.322522462396684 -1.9299999999999997
    endloop
  endfacet
  facet normal 0.720223077865191 -0.41582098788204763 -0.555312186204471
    outer loop
      vertex 20.7 28 -3
      vertex 22.0125 28.84437476868983 -1.9299999999999997
      vertex 21.711208430484426 28.573090620985163 -2.117626891367521
    endloop
  endfacet
  facet normal 0 0.8316419757640988 -0.5553121862044685
    outer loop
      vertex 21.6 26.441154273188012 -3
      vertex 22.0125 27.15562523131017 -1.9299999999999997
      vertex 22.546135185771696 27.15562523131017 -1.9299999999999997
    endloop
  endfacet
  facet normal 0.7202230778651908 0.41582098788205096 -0.555312186204469
    outer loop
      vertex 20.7 28 -3
      vertex 21.525 28 -1.9299999999999997
      vertex 21.711208430484426 27.677477537603316 -1.9299999999999997
    endloop
  endfacet
  facet normal 0.7202230778651908 -0.41582098788205096 -0.555312186204469
    outer loop
      vertex 20.7 28 -3
      vertex 21.711208430484426 28.322522462396684 -1.9299999999999997
      vertex 21.525 28 -1.9299999999999997
    endloop
  endfacet
  facet normal -0.7202230778651914 0.41582098788204924 -0.5553121862044693
    outer loop
      vertex 24.3 28 -3
      vertex 22.9875 27.15562523131017 -1.9299999999999997
      vertex 23.475 28 -1.9299999999999997
    endloop
  endfacet
  facet normal -0.7202230778651914 -0.41582098788204924 -0.5553121862044693
    outer loop
      vertex 24.3 28 -3
      vertex 23.475 28 -1.9299999999999997
      vertex 22.9875 28.84437476868983 -1.9299999999999997
    endloop
  endfacet
  facet normal 4.4229934058776195e-15 -0.8316419757641004 -0.555312186204466
    outer loop
      vertex 23.4 29.558845726811988 -3
      vertex 22.801291569515573 28.927280103387776 -2.054159991555088
      vertex 22.546135185771696 28.84437476868983 -1.9299999999999997
    endloop
  endfacet
  facet normal -5.62531387202648e-15 -0.8316419757640973 -0.5553121862044705
    outer loop
      vertex 23.4 29.558845726811988 -3
      vertex 22.86152582097215 28.84437476868983 -1.9299999999999997
      vertex 22.801291569515573 28.927280103387776 -2.054159991555088
    endloop
  endfacet
  facet normal 0 -0.8316419757640987 -0.5553121862044686
    outer loop
      vertex 23.4 29.558845726811988 -3
      vertex 22.546135185771696 28.84437476868983 -1.9299999999999997
      vertex 22.0125 28.84437476868983 -1.9299999999999997
    endloop
  endfacet
  facet normal 0 -0.8316419757640987 -0.5553121862044684
    outer loop
      vertex 23.4 29.558845726811988 -3
      vertex 22.9875 28.84437476868983 -1.9299999999999997
      vertex 22.86152582097215 28.84437476868983 -1.9299999999999997
    endloop
  endfacet
  facet normal 0.7202230778651927 0.41582098788205246 -0.5553121862044652
    outer loop
      vertex 21.711208430484426 27.426909379014837 -2.117626891367521
      vertex 21.889278659029497 27.36905085444785 -1.9299999999999997
      vertex 22.0125 27.15562523131017 -1.9299999999999997
    endloop
  endfacet
  facet normal 0.7202230778651927 -0.41582098788205246 -0.5553121862044652
    outer loop
      vertex 21.711208430484426 28.573090620985163 -2.117626891367521
      vertex 22.0125 28.84437476868983 -1.9299999999999997
      vertex 21.889278659029497 28.63094914555215 -1.9299999999999997
    endloop
  endfacet
  facet normal 0 0.831641975764096 -0.5553121862044725
    outer loop
      vertex 22.801291569515573 27.072719896612224 -2.054159991555088
      vertex 22.86152582097215 27.15562523131017 -1.9299999999999997
      vertex 22.9875 27.15562523131017 -1.9299999999999997
    endloop
  endfacet
  facet normal 0 0 -1
    outer loop
      vertex 21.711208430484426 27.677477537603316 -1.9299999999999997
      vertex 21.525 28 -1.9299999999999997
      vertex 21.711208430484426 28.322522462396684 -1.9299999999999997
    endloop
  endfacet
  facet normal 0 0 -1
    outer loop
      vertex 22.0125 27.15562523131017 -1.9299999999999997
      vertex 21.889278659029497 27.36905085444785 -1.9299999999999997
      vertex 22.546135185771696 27.15562523131017 -1.9299999999999997
    endloop
  endfacet
  facet normal 0 0 -1
    outer loop
      vertex 22.86152582097215 27.15562523131017 -1.9299999999999997
      vertex 23.475 28 -1.9299999999999997
      vertex 22.9875 27.15562523131017 -1.9299999999999997
    endloop
  endfacet
  facet normal 0 0 -1
    outer loop
      vertex 23.475 28 -1.9299999999999997
      vertex 22.86152582097215 28.84437476868983 -1.9299999999999997
      vertex 22.9875 28.84437476868983 -1.9299999999999997
    endloop
  endfacet
  facet normal 0 0 -1
    outer loop
      vertex 21.889278659029497 28.63094914555215 -1.9299999999999997
      vertex 22.0125 28.84437476868983 -1.9299999999999997
      vertex 22.546135185771696 28.84437476868983 -1.9299999999999997
    endloop
  endfacet
  facet normal 0.7202230778651914 0.41582098788204874 -0.5553121862044699
    outer loop
      vertex 41.6 26.941154273188012 -3
      vertex 40.7 28.5 -3
      vertex 42.0125 27.65562523131017 -1.9299999999999997
    endloop
  endfacet
  facet normal 0.7202230778651914 -0.41582098788204874 -0.5553121862044699
    outer loop
      vertex 40.7 28.5 -3
      vertex 41.6 30.058845726811988 -3
      vertex 42.0125 29.34437476868983 -1.9299999999999997
    endloop
  endfacet
  facet normal 0 -0.8316419757640986 -0.5553121862044685
    outer loop
      vertex 41.6 30.058845726811988 -3
      vertex 43.4 30.058845726811988 -3
      vertex 42.0125 29.34437476868983 -1.9299999999999997
    endloop
  endfacet
  facet normal 0 0.8316419757640986 -0.5553121862044685
    outer loop
      vertex 41.6 26.941154273188012 -3
      vertex 42.9875 27.65562523131017 -1.9299999999999997
      vertex 43.4 26.941154273188012 -3
    endloop
  endfacet
  facet normal -0.7202230778651914 0.41582098788204874 -0.5553121862044699
    outer loop
      vertex 43.4 26.941154273188012 -3
      vertex 42.9875 27.65562523131017 -1.9299999999999997
      vertex 44.3 28.5 -3
    endloop
  endfacet
  facet normal -0.7202230778651914 -0.41582098788204874 -0.5553121862044699
    outer loop
      vertex 44.3 28.5 -3
      vertex 42.9875 29.34437476868983 -1.9299999999999997
      vertex 43.4 30.058845726811988 -3
    endloop
  endfacet
  facet normal 0.7202230778651914 0.4158209878820684 -0.5553121862044549
    outer loop
      vertex 40.7 28.5 -3
      vertex 41.711208430484426 27.926909379014837 -2.117626891367521
      vertex 42.0125 27.65562523131017 -1.9299999999999997
    endloop
  endfacet
  facet normal 0.7202230778651925 0.4158209878820476 -0.5553121862044691
    outer loop
      vertex 40.7 28.5 -3
      vertex 41.711208430484426 28.177477537603316 -1.9299999999999997
      vertex 41.711208430484426 27.926909379014837 -2.117626891367521
    endloop
  endfacet
  facet normal 1.8915912404322802e-15 0.8316419757640978 -0.5553121862044698
    outer loop
      vertex 41.6 26.941154273188012 -3
      vertex 42.546135185771696 27.65562523131017 -1.9299999999999997
      vertex 42.80129156951558 27.572719896612224 -2.054159991555088
    endloop
  endfacet
  facet normal -2.7386658641696142e-14 0.8316419757641152 -0.5553121862044436
    outer loop
      vertex 41.6 26.941154273188012 -3
      vertex 42.80129156951558 27.572719896612224 -2.054159991555088
      vertex 42.9875 27.65562523131017 -1.9299999999999997
    endloop
  endfacet
  facet normal 0.7202230778651917 0.41582098788205146 -0.5553121862044672
    outer loop
      vertex 40.7 28.5 -3
      vertex 41.525 28.5 -1.9299999999999997
      vertex 41.711208430484426 28.177477537603316 -1.9299999999999997
    endloop
  endfacet
  facet normal 0 0.8316419757640987 -0.5553121862044684
    outer loop
      vertex 41.6 26.941154273188012 -3
      vertex 42.0125 27.65562523131017 -1.9299999999999997
      vertex 42.546135185771696 27.65562523131017 -1.9299999999999997
    endloop
  endfacet
  facet normal 0.7202230778651925 -0.4158209878820476 -0.5553121862044691
    outer loop
      vertex 40.7 28.5 -3
      vertex 41.711208430484426 29.073090620985163 -2.117626891367521
      vertex 41.711208430484426 28.822522462396684 -1.9299999999999997
    endloop
  endfacet
  facet normal 0.7202230778651914 -0.4158209878820684 -0.5553121862044549
    outer loop
      vertex 40.7 28.5 -3
      vertex 42.0125 29.34437476868983 -1.9299999999999997
      vertex 41.711208430484426 29.073090620985163 -2.117626891367521
    endloop
  endfacet
  facet normal 0.7202230778651917 -0.41582098788205146 -0.5553121862044672
    outer loop
      vertex 40.7 28.5 -3
      vertex 41.711208430484426 28.822522462396684 -1.9299999999999997
      vertex 41.525 28.5 -1.9299999999999997
    endloop
  endfacet
  facet normal -0.7202230778651914 0.41582098788205224 -0.555312186204467
    outer loop
      vertex 44.3 28.5 -3
      vertex 42.9875 27.65562523131017 -1.9299999999999997
      vertex 43.475 28.5 -1.9299999999999997
    endloop
  endfacet
  facet normal 4.492102677844354e-15 -0.8316419757641003 -0.5553121862044661
    outer loop
      vertex 42.546135185771696 29.34437476868983 -1.9299999999999997
      vertex 43.4 30.058845726811988 -3
      vertex 42.80129156951558 29.427280103387776 -2.054159991555088
    endloop
  endfacet
  facet normal -5.625313872026789e-15 -0.8316419757640972 -0.5553121862044708
    outer loop
      vertex 43.4 30.058845726811988 -3
      vertex 42.86152582097215 29.34437476868983 -1.9299999999999997
      vertex 42.80129156951558 29.427280103387776 -2.054159991555088
    endloop
  endfacet
  facet normal -0.7202230778651914 -0.41582098788205224 -0.555312186204467
    outer loop
      vertex 44.3 28.5 -3
      vertex 43.475 28.5 -1.9299999999999997
      vertex 42.9875 29.34437476868983 -1.9299999999999997
    endloop
  endfacet
  facet normal 0 -0.8316419757640987 -0.5553121862044685
    outer loop
      vertex 42.0125 29.34437476868983 -1.9299999999999997
      vertex 43.4 30.058845726811988 -3
      vertex 42.546135185771696 29.34437476868983 -1.9299999999999997
    endloop
  endfacet
  facet normal 0 -0.8316419757640986 -0.5553121862044686
    outer loop
      vertex 43.4 30.058845726811988 -3
      vertex 42.9875 29.34437476868983 -1.9299999999999997
      vertex 42.86152582097215 29.34437476868983 -1.9299999999999997
    endloop
  endfacet
  facet normal 0.7202230778651871 0.4158209878820493 -0.5553121862044746
    outer loop
      vertex 41.711208430484426 27.926909379014837 -2.117626891367521
      vertex 41.8892786590295 27.86905085444785 -1.9299999999999997
      vertex 42.0125 27.65562523131017 -1.9299999999999997
    endloop
  endfacet
  facet normal 0.7202230778651871 -0.4158209878820493 -0.5553121862044746
    outer loop
      vertex 41.711208430484426 29.073090620985163 -2.117626891367521
      vertex 42.0125 29.34437476868983 -1.9299999999999997
      vertex 41.8892786590295 29.13094914555215 -1.9299999999999997
    endloop
  endfacet
  facet normal 0 0 -1
    outer loop
      vertex 42.0125 27.65562523131017 -1.9299999999999997
      vertex 41.8892786590295 27.86905085444785 -1.9299999999999997
      vertex 42.546135185771696 27.65562523131017 -1.9299999999999997
    endloop
  endfacet
  facet normal 0 0 -1
    outer loop
      vertex 41.711208430484426 28.177477537603316 -1.9299999999999997
      vertex 41.525 28.5 -1.9299999999999997
      vertex 41.711208430484426 28.822522462396684 -1.9299999999999997
    endloop
  endfacet
  facet normal 0 0 -1
    outer loop
      vertex 41.8892786590295 29.13094914555215 -1.9299999999999997
      vertex 42.0125 29.34437476868983 -1.9299999999999997
      vertex 42.546135185771696 29.34437476868983 -1.9299999999999997
    endloop
  endfacet
  facet normal 0 0.831641975764096 -0.5553121862044725
    outer loop
      vertex 42.80129156951558 27.572719896612224 -2.054159991555088
      vertex 42.86152582097215 27.65562523131017 -1.9299999999999997
      vertex 42.9875 27.65562523131017 -1.9299999999999997
    endloop
  endfacet
  facet normal 0 0 -1
    outer loop
      vertex 42.86152582097215 27.65562523131017 -1.9299999999999997
      vertex 43.475 28.5 -1.9299999999999997
      vertex 42.9875 27.65562523131017 -1.9299999999999997
    endloop
  endfacet
  facet normal 0 0 -1
    outer loop
      vertex 43.475 28.5 -1.9299999999999997
      vertex 42.86152582097215 29.34437476868983 -1.9299999999999997
      vertex 42.9875 29.34437476868983 -1.9299999999999997
    endloop
  endfacet
  facet normal 0.7202230778651914 0.4158209878820454 -0.5553121862044723
    outer loop
      vertex 65.6 26.941154273188012 -3
      vertex 64.7 28.5 -3
      vertex 66.0125 27.65562523131017 -1.9299999999999997
    endloop
  endfacet
  facet normal 0 0.8316419757640986 -0.5553121862044686
    outer loop
      vertex 65.6 26.941154273188012 -3
      vertex 66.9875 27.65562523131017 -1.9299999999999997
      vertex 67.4 26.941154273188012 -3
    endloop
  endfacet
  facet normal -0.7202230778651914 0.4158209878820454 -0.5553121862044723
    outer loop
      vertex 67.4 26.941154273188012 -3
      vertex 66.9875 27.65562523131017 -1.9299999999999997
      vertex 68.3 28.5 -3
    endloop
  endfacet
  facet normal 0.7202230778651914 -0.4158209878820454 -0.5553121862044723
    outer loop
      vertex 64.7 28.5 -3
      vertex 65.6 30.058845726811988 -3
      vertex 66.0125 29.34437476868983 -1.9299999999999997
    endloop
  endfacet
  facet normal 0 -0.8316419757640986 -0.5553121862044686
    outer loop
      vertex 65.6 30.058845726811988 -3
      vertex 67.4 30.058845726811988 -3
      vertex 66.0125 29.34437476868983 -1.9299999999999997
    endloop
  endfacet
  facet normal -0.7202230778651914 -0.4158209878820454 -0.5553121862044723
    outer loop
      vertex 68.3 28.5 -3
      vertex 66.9875 29.34437476868983 -1.9299999999999997
      vertex 67.4 30.058845726811988 -3
    endloop
  endfacet
  facet normal 0.72022307786519 0.4158209878820489 -0.5553121862044711
    outer loop
      vertex 64.7 28.5 -3
      vertex 65.71120843048443 28.177477537603316 -1.9299999999999997
      vertex 65.71120843048443 27.926909379014837 -2.117626891367521
    endloop
  endfacet
  facet normal 0.7202230778651906 0.41582098788202676 -0.5553121862044871
    outer loop
      vertex 64.7 28.5 -3
      vertex 65.71120843048443 27.926909379014837 -2.117626891367521
      vertex 66.0125 27.65562523131017 -1.9299999999999997
    endloop
  endfacet
  facet normal 1.8915912404323453e-15 0.8316419757640978 -0.5553121862044698
    outer loop
      vertex 65.6 26.941154273188012 -3
      vertex 66.5461351857717 27.65562523131017 -1.9299999999999997
      vertex 66.80129156951557 27.572719896612224 -2.054159991555088
    endloop
  endfacet
  facet normal -2.7386658641689332e-14 0.8316419757641139 -0.5553121862044459
    outer loop
      vertex 65.6 26.941154273188012 -3
      vertex 66.80129156951557 27.572719896612224 -2.054159991555088
      vertex 66.9875 27.65562523131017 -1.9299999999999997
    endloop
  endfacet
  facet normal 0 0.8316419757640987 -0.5553121862044685
    outer loop
      vertex 65.6 26.941154273188012 -3
      vertex 66.0125 27.65562523131017 -1.9299999999999997
      vertex 66.5461351857717 27.65562523131017 -1.9299999999999997
    endloop
  endfacet
  facet normal 0.7202230778651898 0.41582098788205035 -0.5553121862044705
    outer loop
      vertex 64.7 28.5 -3
      vertex 65.525 28.5 -1.9299999999999997
      vertex 65.71120843048443 28.177477537603316 -1.9299999999999997
    endloop
  endfacet
  facet normal -0.7202230778651912 0.41582098788204613 -0.5553121862044716
    outer loop
      vertex 68.3 28.5 -3
      vertex 66.9875 27.65562523131017 -1.9299999999999997
      vertex 67.475 28.5 -1.9299999999999997
    endloop
  endfacet
  facet normal 0.72022307786519 -0.4158209878820489 -0.5553121862044711
    outer loop
      vertex 64.7 28.5 -3
      vertex 65.71120843048443 29.073090620985163 -2.117626891367521
      vertex 65.71120843048443 28.822522462396684 -1.9299999999999997
    endloop
  endfacet
  facet normal 0.7202230778651906 -0.41582098788202676 -0.5553121862044871
    outer loop
      vertex 64.7 28.5 -3
      vertex 66.0125 29.34437476868983 -1.9299999999999997
      vertex 65.71120843048443 29.073090620985163 -2.117626891367521
    endloop
  endfacet
  facet normal 4.4229934058779224e-15 -0.8316419757641004 -0.5553121862044661
    outer loop
      vertex 67.4 30.058845726811988 -3
      vertex 66.80129156951557 29.427280103387776 -2.054159991555088
      vertex 66.5461351857717 29.34437476868983 -1.9299999999999997
    endloop
  endfacet
  facet normal -5.625313872026423e-15 -0.8316419757640973 -0.5553121862044705
    outer loop
      vertex 67.4 30.058845726811988 -3
      vertex 66.86152582097215 29.34437476868983 -1.9299999999999997
      vertex 66.80129156951557 29.427280103387776 -2.054159991555088
    endloop
  endfacet
  facet normal 0.7202230778651898 -0.41582098788205035 -0.5553121862044705
    outer loop
      vertex 64.7 28.5 -3
      vertex 65.71120843048443 28.822522462396684 -1.9299999999999997
      vertex 65.525 28.5 -1.9299999999999997
    endloop
  endfacet
  facet normal 0 -0.8316419757640986 -0.5553121862044686
    outer loop
      vertex 67.4 30.058845726811988 -3
      vertex 66.5461351857717 29.34437476868983 -1.9299999999999997
      vertex 66.0125 29.34437476868983 -1.9299999999999997
    endloop
  endfacet
  facet normal 0 -0.8316419757640987 -0.5553121862044685
    outer loop
      vertex 67.4 30.058845726811988 -3
      vertex 66.9875 29.34437476868983 -1.9299999999999997
      vertex 66.86152582097215 29.34437476868983 -1.9299999999999997
    endloop
  endfacet
  facet normal -0.7202230778651912 -0.41582098788204613 -0.5553121862044716
    outer loop
      vertex 68.3 28.5 -3
      vertex 67.475 28.5 -1.9299999999999997
      vertex 66.9875 29.34437476868983 -1.9299999999999997
    endloop
  endfacet
  facet normal 0.720223077865198 0.4158209878820557 -0.5553121862044557
    outer loop
      vertex 65.71120843048443 27.926909379014837 -2.117626891367521
      vertex 65.8892786590295 27.86905085444785 -1.9299999999999997
      vertex 66.0125 27.65562523131017 -1.9299999999999997
    endloop
  endfacet
  facet normal 0.720223077865198 -0.4158209878820557 -0.5553121862044557
    outer loop
      vertex 65.71120843048443 29.073090620985163 -2.117626891367521
      vertex 66.0125 29.34437476868983 -1.9299999999999997
      vertex 65.8892786590295 29.13094914555215 -1.9299999999999997
    endloop
  endfacet
  facet normal 0 0 -1
    outer loop
      vertex 66.0125 27.65562523131017 -1.9299999999999997
      vertex 65.8892786590295 27.86905085444785 -1.9299999999999997
      vertex 66.5461351857717 27.65562523131017 -1.9299999999999997
    endloop
  endfacet
  facet normal 0 0 -1
    outer loop
      vertex 65.71120843048443 28.177477537603316 -1.9299999999999997
      vertex 65.525 28.5 -1.9299999999999997
      vertex 65.71120843048443 28.822522462396684 -1.9299999999999997
    endloop
  endfacet
  facet normal 0 0.831641975764096 -0.5553121862044725
    outer loop
      vertex 66.80129156951557 27.572719896612224 -2.054159991555088
      vertex 66.86152582097215 27.65562523131017 -1.9299999999999997
      vertex 66.9875 27.65562523131017 -1.9299999999999997
    endloop
  endfacet
  facet normal 0 0 -1
    outer loop
      vertex 66.86152582097215 27.65562523131017 -1.9299999999999997
      vertex 67.475 28.5 -1.9299999999999997
      vertex 66.9875 27.65562523131017 -1.9299999999999997
    endloop
  endfacet
  facet normal 0 0 -1
    outer loop
      vertex 65.8892786590295 29.13094914555215 -1.9299999999999997
      vertex 66.0125 29.34437476868983 -1.9299999999999997
      vertex 66.5461351857717 29.34437476868983 -1.9299999999999997
    endloop
  endfacet
  facet normal 0 0 -1
    outer loop
      vertex 67.475 28.5 -1.9299999999999997
      vertex 66.86152582097215 29.34437476868983 -1.9299999999999997
      vertex 66.9875 29.34437476868983 -1.9299999999999997
    endloop
  endfacet
  facet normal 0.7202230778651912 0.41582098788204486 -0.5553121862044726
    outer loop
      vertex 65.6 -10.55884572681199 -3
      vertex 64.7 -9 -3
      vertex 66.0125 -9.844374768689828 -1.9299999999999997
    endloop
  endfacet
  facet normal 0 0.8316419757640979 -0.5553121862044695
    outer loop
      vertex 65.6 -10.55884572681199 -3
      vertex 66.9875 -9.844374768689828 -1.9299999999999997
      vertex 67.4 -10.55884572681199 -3
    endloop
  endfacet
  facet normal -0.7202230778651912 0.41582098788204486 -0.5553121862044726
    outer loop
      vertex 67.4 -10.55884572681199 -3
      vertex 66.9875 -9.844374768689828 -1.9299999999999997
      vertex 68.3 -9 -3
    endloop
  endfacet
  facet normal 0.7202230778651914 -0.41582098788204497 -0.5553121862044726
    outer loop
      vertex 64.7 -9 -3
      vertex 65.6 -7.44115427318801 -3
      vertex 66.0125 -8.155625231310172 -1.9299999999999997
    endloop
  endfacet
  facet normal -0.7202230778651914 -0.41582098788204497 -0.5553121862044726
    outer loop
      vertex 68.3 -9 -3
      vertex 66.9875 -8.155625231310172 -1.9299999999999997
      vertex 67.4 -7.44115427318801 -3
    endloop
  endfacet
  facet normal 0 -0.8316419757640979 -0.5553121862044695
    outer loop
      vertex 65.6 -7.44115427318801 -3
      vertex 67.4 -7.44115427318801 -3
      vertex 66.0125 -8.155625231310172 -1.9299999999999997
    endloop
  endfacet
  facet normal -2.6009379555944785e-15 0.8316419757640992 -0.555312186204468
    outer loop
      vertex 65.6 -10.55884572681199 -3
      vertex 66.5461351857717 -9.844374768689828 -1.9299999999999997
      vertex 66.80129156951557 -9.927280103387774 -2.054159991555088
    endloop
  endfacet
  facet normal 3.7656655632321035e-14 0.8316419757640743 -0.555312186204505
    outer loop
      vertex 65.6 -10.55884572681199 -3
      vertex 66.80129156951557 -9.927280103387774 -2.054159991555088
      vertex 66.9875 -9.844374768689828 -1.9299999999999997
    endloop
  endfacet
  facet normal 0 0.831641975764098 -0.5553121862044694
    outer loop
      vertex 65.6 -10.55884572681199 -3
      vertex 66.0125 -9.844374768689828 -1.9299999999999997
      vertex 66.5461351857717 -9.844374768689828 -1.9299999999999997
    endloop
  endfacet
  facet normal 0.7202230778651905 0.41582098788202077 -0.5553121862044919
    outer loop
      vertex 64.7 -9 -3
      vertex 65.71120843048443 -9.57309062098516 -2.117626891367521
      vertex 66.0125 -9.844374768689828 -1.9299999999999997
    endloop
  endfacet
  facet normal 0.7202230778651897 0.4158209878820511 -0.5553121862044701
    outer loop
      vertex 64.7 -9 -3
      vertex 65.71120843048443 -9.322522462396684 -1.9299999999999997
      vertex 65.71120843048443 -9.57309062098516 -2.117626891367521
    endloop
  endfacet
  facet normal 0.7202230778651897 -0.4158209878820511 -0.5553121862044701
    outer loop
      vertex 64.7 -9 -3
      vertex 65.71120843048443 -8.42690937901484 -2.117626891367521
      vertex 65.71120843048443 -8.677477537603316 -1.9299999999999997
    endloop
  endfacet
  facet normal 0.7202230778651905 -0.41582098788202077 -0.5553121862044919
    outer loop
      vertex 64.7 -9 -3
      vertex 66.0125 -8.155625231310172 -1.9299999999999997
      vertex 65.71120843048443 -8.42690937901484 -2.117626891367521
    endloop
  endfacet
  facet normal -6.081615933082108e-15 -0.8316419757640957 -0.5553121862044731
    outer loop
      vertex 67.4 -7.44115427318801 -3
      vertex 66.80129156951557 -8.072719896612226 -2.054159991555088
      vertex 66.5461351857717 -8.155625231310172 -1.9299999999999997
    endloop
  endfacet
  facet normal 7.734806574036356e-15 -0.8316419757640999 -0.5553121862044667
    outer loop
      vertex 67.4 -7.44115427318801 -3
      vertex 66.86152582097215 -8.155625231310172 -1.9299999999999997
      vertex 66.80129156951557 -8.072719896612226 -2.054159991555088
    endloop
  endfacet
  facet normal 0.7202230778651898 0.41582098788205035 -0.5553121862044705
    outer loop
      vertex 64.7 -9 -3
      vertex 65.525 -9 -1.9299999999999997
      vertex 65.71120843048443 -9.322522462396684 -1.9299999999999997
    endloop
  endfacet
  facet normal 0.7202230778651898 -0.41582098788205035 -0.5553121862044705
    outer loop
      vertex 64.7 -9 -3
      vertex 65.71120843048443 -8.677477537603316 -1.9299999999999997
      vertex 65.525 -9 -1.9299999999999997
    endloop
  endfacet
  facet normal -0.7202230778651912 0.41582098788204613 -0.5553121862044716
    outer loop
      vertex 68.3 -9 -3
      vertex 66.9875 -9.844374768689828 -1.9299999999999997
      vertex 67.475 -9 -1.9299999999999997
    endloop
  endfacet
  facet normal -0.7202230778651912 -0.41582098788204613 -0.5553121862044716
    outer loop
      vertex 68.3 -9 -3
      vertex 67.475 -9 -1.9299999999999997
      vertex 66.9875 -8.155625231310172 -1.9299999999999997
    endloop
  endfacet
  facet normal 0 -0.8316419757640979 -0.5553121862044695
    outer loop
      vertex 67.4 -7.44115427318801 -3
      vertex 66.5461351857717 -8.155625231310172 -1.9299999999999997
      vertex 66.0125 -8.155625231310172 -1.9299999999999997
    endloop
  endfacet
  facet normal 0 -0.831641975764098 -0.5553121862044694
    outer loop
      vertex 67.4 -7.44115427318801 -3
      vertex 66.9875 -8.155625231310172 -1.9299999999999997
      vertex 66.86152582097215 -8.155625231310172 -1.9299999999999997
    endloop
  endfacet
  facet normal 0.7202230778651997 0.4158209878820566 -0.5553121862044531
    outer loop
      vertex 66.0125 -9.844374768689828 -1.9299999999999997
      vertex 65.71120843048443 -9.57309062098516 -2.117626891367521
      vertex 65.8892786590295 -9.630949145552151 -1.9299999999999997
    endloop
  endfacet
  facet normal 0.7202230778651997 -0.4158209878820566 -0.5553121862044531
    outer loop
      vertex 65.71120843048443 -8.42690937901484 -2.117626891367521
      vertex 66.0125 -8.155625231310172 -1.9299999999999997
      vertex 65.8892786590295 -8.369050854447849 -1.9299999999999997
    endloop
  endfacet
  facet normal 0 0 -1
    outer loop
      vertex 66.0125 -9.844374768689828 -1.9299999999999997
      vertex 65.8892786590295 -9.630949145552151 -1.9299999999999997
      vertex 66.5461351857717 -9.844374768689828 -1.9299999999999997
    endloop
  endfacet
  facet normal 0 0.8316419757641016 -0.5553121862044643
    outer loop
      vertex 66.80129156951557 -9.927280103387774 -2.054159991555088
      vertex 66.86152582097215 -9.844374768689828 -1.9299999999999997
      vertex 66.9875 -9.844374768689828 -1.9299999999999997
    endloop
  endfacet
  facet normal 0 0 -1
    outer loop
      vertex 65.71120843048443 -9.322522462396684 -1.9299999999999997
      vertex 65.525 -9 -1.9299999999999997
      vertex 65.71120843048443 -8.677477537603316 -1.9299999999999997
    endloop
  endfacet
  facet normal 0 0 -1
    outer loop
      vertex 65.8892786590295 -8.369050854447849 -1.9299999999999997
      vertex 66.0125 -8.155625231310172 -1.9299999999999997
      vertex 66.5461351857717 -8.155625231310172 -1.9299999999999997
    endloop
  endfacet
  facet normal 0 0 -1
    outer loop
      vertex 66.86152582097215 -9.844374768689828 -1.9299999999999997
      vertex 67.475 -9 -1.9299999999999997
      vertex 66.9875 -9.844374768689828 -1.9299999999999997
    endloop
  endfacet
  facet normal 0 0 -1
    outer loop
      vertex 66.86152582097215 -8.155625231310172 -1.9299999999999997
      vertex 66.9875 -8.155625231310172 -1.9299999999999997
      vertex 67.475 -9 -1.9299999999999997
    endloop
  endfacet
  facet normal 0.7202230778651914 0.41582098788204874 -0.5553121862044699
    outer loop
      vertex 59.6 -20.558845726811988 -3
      vertex 58.7 -19 -3
      vertex 60.0125 -19.84437476868983 -1.9299999999999997
    endloop
  endfacet
  facet normal 0 0.8316419757640986 -0.5553121862044685
    outer loop
      vertex 59.6 -20.558845726811988 -3
      vertex 60.9875 -19.84437476868983 -1.9299999999999997
      vertex 61.4 -20.558845726811988 -3
    endloop
  endfacet
  facet normal -0.7202230778651914 0.41582098788204874 -0.5553121862044699
    outer loop
      vertex 61.4 -20.558845726811988 -3
      vertex 60.9875 -19.84437476868983 -1.9299999999999997
      vertex 62.3 -19 -3
    endloop
  endfacet
  facet normal 0.7202230778651916 0.4158209878820681 -0.5553121862044548
    outer loop
      vertex 59.711208430484426 -19.573090620985163 -2.117626891367521
      vertex 60.0125 -19.84437476868983 -1.9299999999999997
      vertex 58.7 -19 -3
    endloop
  endfacet
  facet normal 1.8915912404322802e-15 0.8316419757640978 -0.5553121862044698
    outer loop
      vertex 59.6 -20.558845726811988 -3
      vertex 60.546135185771696 -19.84437476868983 -1.9299999999999997
      vertex 60.80129156951558 -19.927280103387776 -2.054159991555088
    endloop
  endfacet
  facet normal -2.7386658641696142e-14 0.8316419757641152 -0.5553121862044436
    outer loop
      vertex 59.6 -20.558845726811988 -3
      vertex 60.80129156951558 -19.927280103387776 -2.054159991555088
      vertex 60.9875 -19.84437476868983 -1.9299999999999997
    endloop
  endfacet
  facet normal 0 0.8316419757640987 -0.5553121862044684
    outer loop
      vertex 59.6 -20.558845726811988 -3
      vertex 60.0125 -19.84437476868983 -1.9299999999999997
      vertex 60.546135185771696 -19.84437476868983 -1.9299999999999997
    endloop
  endfacet
  facet normal 0.7202230778651871 0.4158209878820493 -0.5553121862044746
    outer loop
      vertex 59.711208430484426 -19.573090620985163 -2.117626891367521
      vertex 59.8892786590295 -19.63094914555215 -1.9299999999999997
      vertex 60.0125 -19.84437476868983 -1.9299999999999997
    endloop
  endfacet
  facet normal 0 0.831641975764096 -0.5553121862044725
    outer loop
      vertex 60.80129156951558 -19.927280103387776 -2.054159991555088
      vertex 60.86152582097215 -19.84437476868983 -1.9299999999999997
      vertex 60.9875 -19.84437476868983 -1.9299999999999997
    endloop
  endfacet
  facet normal 0 0 -1
    outer loop
      vertex 60.0125 -19.84437476868983 -1.9299999999999997
      vertex 59.8892786590295 -19.63094914555215 -1.9299999999999997
      vertex 60.546135185771696 -19.84437476868983 -1.9299999999999997
    endloop
  endfacet
  facet normal 0 0 -1
    outer loop
      vertex 60.86152582097215 -19.84437476868983 -1.9299999999999997
      vertex 61.475 -19 -1.9299999999999997
      vertex 60.9875 -19.84437476868983 -1.9299999999999997
    endloop
  endfacet
  facet normal 0.7202230778651914 -0.41582098788204874 -0.5553121862044699
    outer loop
      vertex 58.7 -19 -3
      vertex 59.6 -17.441154273188012 -3
      vertex 60.0125 -18.15562523131017 -1.9299999999999997
    endloop
  endfacet
  facet normal -0.7202230778651914 -0.41582098788204874 -0.5553121862044699
    outer loop
      vertex 61.4 -17.441154273188012 -3
      vertex 62.3 -19 -3
      vertex 60.9875 -18.15562523131017 -1.9299999999999997
    endloop
  endfacet
  facet normal 0 -0.8316419757640986 -0.5553121862044685
    outer loop
      vertex 59.6 -17.441154273188012 -3
      vertex 61.4 -17.441154273188012 -3
      vertex 60.0125 -18.15562523131017 -1.9299999999999997
    endloop
  endfacet
  facet normal 0.7202230778651925 0.4158209878820475 -0.5553121862044692
    outer loop
      vertex 59.711208430484426 -19.573090620985163 -2.117626891367521
      vertex 58.7 -19 -3
      vertex 59.711208430484426 -19.322522462396684 -1.9299999999999997
    endloop
  endfacet
  facet normal 0.7202230778651925 -0.4158209878820476 -0.5553121862044691
    outer loop
      vertex 58.7 -19 -3
      vertex 59.711208430484426 -18.426909379014837 -2.117626891367521
      vertex 59.711208430484426 -18.677477537603316 -1.9299999999999997
    endloop
  endfacet
  facet normal 0.7202230778651914 -0.4158209878820684 -0.5553121862044549
    outer loop
      vertex 58.7 -19 -3
      vertex 60.0125 -18.15562523131017 -1.9299999999999997
      vertex 59.711208430484426 -18.426909379014837 -2.117626891367521
    endloop
  endfacet
  facet normal 0.7202230778651916 0.41582098788205146 -0.5553121862044672
    outer loop
      vertex 59.711208430484426 -19.322522462396684 -1.9299999999999997
      vertex 58.7 -19 -3
      vertex 59.525 -19 -1.9299999999999997
    endloop
  endfacet
  facet normal 0.7202230778651917 -0.41582098788205146 -0.5553121862044672
    outer loop
      vertex 58.7 -19 -3
      vertex 59.711208430484426 -18.677477537603316 -1.9299999999999997
      vertex 59.525 -19 -1.9299999999999997
    endloop
  endfacet
  facet normal 4.4229934058775185e-15 -0.8316419757641003 -0.555312186204466
    outer loop
      vertex 61.4 -17.441154273188012 -3
      vertex 60.80129156951558 -18.072719896612224 -2.054159991555088
      vertex 60.546135185771696 -18.15562523131017 -1.9299999999999997
    endloop
  endfacet
  facet normal -5.625313872026789e-15 -0.8316419757640972 -0.5553121862044708
    outer loop
      vertex 61.4 -17.441154273188012 -3
      vertex 60.86152582097215 -18.15562523131017 -1.9299999999999997
      vertex 60.80129156951558 -18.072719896612224 -2.054159991555088
    endloop
  endfacet
  facet normal 0 -0.8316419757640985 -0.5553121862044686
    outer loop
      vertex 61.4 -17.441154273188012 -3
      vertex 60.546135185771696 -18.15562523131017 -1.9299999999999997
      vertex 60.0125 -18.15562523131017 -1.9299999999999997
    endloop
  endfacet
  facet normal -0.7202230778651914 0.41582098788205224 -0.555312186204467
    outer loop
      vertex 60.9875 -19.84437476868983 -1.9299999999999997
      vertex 61.475 -19 -1.9299999999999997
      vertex 62.3 -19 -3
    endloop
  endfacet
  facet normal -0.7202230778651914 -0.41582098788205224 -0.555312186204467
    outer loop
      vertex 62.3 -19 -3
      vertex 61.475 -19 -1.9299999999999997
      vertex 60.9875 -18.15562523131017 -1.9299999999999997
    endloop
  endfacet
  facet normal 0 -0.8316419757640986 -0.5553121862044686
    outer loop
      vertex 61.4 -17.441154273188012 -3
      vertex 60.9875 -18.15562523131017 -1.9299999999999997
      vertex 60.86152582097215 -18.15562523131017 -1.9299999999999997
    endloop
  endfacet
  facet normal 0 0 -1
    outer loop
      vertex 59.711208430484426 -19.322522462396684 -1.9299999999999997
      vertex 59.525 -19 -1.9299999999999997
      vertex 59.711208430484426 -18.677477537603316 -1.9299999999999997
    endloop
  endfacet
  facet normal 0.7202230778651871 -0.4158209878820493 -0.5553121862044746
    outer loop
      vertex 59.711208430484426 -18.426909379014837 -2.117626891367521
      vertex 60.0125 -18.15562523131017 -1.9299999999999997
      vertex 59.8892786590295 -18.36905085444785 -1.9299999999999997
    endloop
  endfacet
  facet normal 0 0 -1
    outer loop
      vertex 59.8892786590295 -18.36905085444785 -1.9299999999999997
      vertex 60.0125 -18.15562523131017 -1.9299999999999997
      vertex 60.546135185771696 -18.15562523131017 -1.9299999999999997
    endloop
  endfacet
  facet normal 0 0 -1
    outer loop
      vertex 60.86152582097215 -18.15562523131017 -1.9299999999999997
      vertex 60.9875 -18.15562523131017 -1.9299999999999997
      vertex 61.475 -19 -1.9299999999999997
    endloop
  endfacet
  facet normal 0.7202230778651907 0.415820987882045 -0.5553121862044732
    outer loop
      vertex 80.3 -37.15884572681199 -3
      vertex 79.4 -35.6 -3
      vertex 80.7125 -36.444374768689826 -1.9299999999999997
    endloop
  endfacet
  facet normal 0.7202230778651907 -0.415820987882045 -0.5553121862044732
    outer loop
      vertex 79.4 -35.6 -3
      vertex 80.3 -34.04115427318801 -3
      vertex 80.7125 -34.75562523131018 -1.9299999999999997
    endloop
  endfacet
  facet normal 0 -0.8316419757640973 -0.5553121862044704
    outer loop
      vertex 80.3 -34.04115427318801 -3
      vertex 82.10000000000001 -34.04115427318801 -3
      vertex 80.7125 -34.75562523131018 -1.9299999999999997
    endloop
  endfacet
  facet normal 0 0.8316419757640973 -0.5553121862044704
    outer loop
      vertex 80.3 -37.15884572681199 -3
      vertex 81.6875 -36.444374768689826 -1.9299999999999997
      vertex 82.10000000000001 -37.15884572681199 -3
    endloop
  endfacet
  facet normal -0.7202230778651907 0.415820987882045 -0.5553121862044732
    outer loop
      vertex 82.10000000000001 -37.15884572681199 -3
      vertex 81.6875 -36.444374768689826 -1.9299999999999997
      vertex 83 -35.6 -3
    endloop
  endfacet
  facet normal -0.7202230778651907 -0.415820987882045 -0.5553121862044732
    outer loop
      vertex 83 -35.6 -3
      vertex 81.6875 -34.75562523131018 -1.9299999999999997
      vertex 82.10000000000001 -34.04115427318801 -3
    endloop
  endfacet
  facet normal 0.72022307786519 0.4158209878820489 -0.5553121862044711
    outer loop
      vertex 79.4 -35.6 -3
      vertex 80.41120843048444 -35.922522462396685 -1.9299999999999997
      vertex 80.41120843048444 -36.173090620985164 -2.117626891367521
    endloop
  endfacet
  facet normal 0.7202230778651904 0.4158209878820365 -0.55531218620448
    outer loop
      vertex 79.4 -35.6 -3
      vertex 80.41120843048444 -36.173090620985164 -2.117626891367521
      vertex 80.7125 -36.444374768689826 -1.9299999999999997
    endloop
  endfacet
  facet normal 0.72022307786519 -0.4158209878820489 -0.5553121862044711
    outer loop
      vertex 79.4 -35.6 -3
      vertex 80.41120843048444 -35.02690937901484 -2.117626891367521
      vertex 80.41120843048444 -35.27747753760332 -1.9299999999999997
    endloop
  endfacet
  facet normal 1.1822445252702143e-15 0.8316419757640968 -0.5553121862044712
    outer loop
      vertex 80.3 -37.15884572681199 -3
      vertex 81.2461351857717 -36.444374768689826 -1.9299999999999997
      vertex 81.50129156951557 -36.527280103387774 -2.054159991555088
    endloop
  endfacet
  facet normal -1.711666165105567e-14 0.8316419757641059 -0.5553121862044577
    outer loop
      vertex 80.3 -37.15884572681199 -3
      vertex 81.50129156951557 -36.527280103387774 -2.054159991555088
      vertex 81.6875 -36.444374768689826 -1.9299999999999997
    endloop
  endfacet
  facet normal 0.7202230778651898 0.41582098788205035 -0.5553121862044705
    outer loop
      vertex 79.4 -35.6 -3
      vertex 80.22500000000001 -35.6 -1.9299999999999997
      vertex 80.41120843048444 -35.922522462396685 -1.9299999999999997
    endloop
  endfacet
  facet normal 0.7202230778651898 -0.41582098788205035 -0.5553121862044705
    outer loop
      vertex 79.4 -35.6 -3
      vertex 80.41120843048444 -35.27747753760332 -1.9299999999999997
      vertex 80.22500000000001 -35.6 -1.9299999999999997
    endloop
  endfacet
  facet normal 0 0.8316419757640975 -0.5553121862044705
    outer loop
      vertex 80.3 -37.15884572681199 -3
      vertex 80.7125 -36.444374768689826 -1.9299999999999997
      vertex 81.2461351857717 -36.444374768689826 -1.9299999999999997
    endloop
  endfacet
  facet normal 0.7202230778651904 -0.4158209878820365 -0.55531218620448
    outer loop
      vertex 79.4 -35.6 -3
      vertex 80.7125 -34.75562523131018 -1.9299999999999997
      vertex 80.41120843048444 -35.02690937901484 -2.117626891367521
    endloop
  endfacet
  facet normal -0.7202230778651907 0.41582098788204763 -0.5553121862044712
    outer loop
      vertex 83 -35.6 -3
      vertex 81.6875 -36.444374768689826 -1.9299999999999997
      vertex 82.175 -35.6 -1.9299999999999997
    endloop
  endfacet
  facet normal -0.7202230778651907 -0.41582098788204763 -0.5553121862044712
    outer loop
      vertex 83 -35.6 -3
      vertex 82.175 -35.6 -1.9299999999999997
      vertex 81.6875 -34.75562523131018 -1.9299999999999997
    endloop
  endfacet
  facet normal 2.764370878673694e-15 -0.831641975764098 -0.5553121862044695
    outer loop
      vertex 82.10000000000001 -34.04115427318801 -3
      vertex 81.50129156951557 -34.67271989661223 -2.054159991555088
      vertex 81.2461351857717 -34.75562523131018 -1.9299999999999997
    endloop
  endfacet
  facet normal -3.5158211700165126e-15 -0.8316419757640968 -0.5553121862044713
    outer loop
      vertex 82.10000000000001 -34.04115427318801 -3
      vertex 81.56152582097215 -34.75562523131018 -1.9299999999999997
      vertex 81.50129156951557 -34.67271989661223 -2.054159991555088
    endloop
  endfacet
  facet normal 0 -0.8316419757640973 -0.5553121862044705
    outer loop
      vertex 82.10000000000001 -34.04115427318801 -3
      vertex 81.2461351857717 -34.75562523131018 -1.9299999999999997
      vertex 80.7125 -34.75562523131018 -1.9299999999999997
    endloop
  endfacet
  facet normal 0 -0.8316419757640975 -0.5553121862044704
    outer loop
      vertex 82.10000000000001 -34.04115427318801 -3
      vertex 81.6875 -34.75562523131018 -1.9299999999999997
      vertex 81.56152582097215 -34.75562523131018 -1.9299999999999997
    endloop
  endfacet
  facet normal 0.7202230778651969 0.41582098788206195 -0.5553121862044527
    outer loop
      vertex 80.41120843048444 -36.173090620985164 -2.117626891367521
      vertex 80.5892786590295 -36.23094914555215 -1.9299999999999997
      vertex 80.7125 -36.444374768689826 -1.9299999999999997
    endloop
  endfacet
  facet normal 0.7202230778651969 -0.41582098788206195 -0.5553121862044527
    outer loop
      vertex 80.41120843048444 -35.02690937901484 -2.117626891367521
      vertex 80.7125 -34.75562523131018 -1.9299999999999997
      vertex 80.5892786590295 -34.96905085444785 -1.9299999999999997
    endloop
  endfacet
  facet normal 0 0 -1
    outer loop
      vertex 80.7125 -36.444374768689826 -1.9299999999999997
      vertex 80.5892786590295 -36.23094914555215 -1.9299999999999997
      vertex 81.2461351857717 -36.444374768689826 -1.9299999999999997
    endloop
  endfacet
  facet normal 0 0 -1
    outer loop
      vertex 80.22500000000001 -35.6 -1.9299999999999997
      vertex 80.41120843048444 -35.27747753760332 -1.9299999999999997
      vertex 80.41120843048444 -35.922522462396685 -1.9299999999999997
    endloop
  endfacet
  facet normal 0 0 -1
    outer loop
      vertex 80.5892786590295 -34.96905085444785 -1.9299999999999997
      vertex 80.7125 -34.75562523131018 -1.9299999999999997
      vertex 81.2461351857717 -34.75562523131018 -1.9299999999999997
    endloop
  endfacet
  facet normal 0 0.831641975764096 -0.5553121862044725
    outer loop
      vertex 81.50129156951557 -36.527280103387774 -2.054159991555088
      vertex 81.56152582097215 -36.444374768689826 -1.9299999999999997
      vertex 81.6875 -36.444374768689826 -1.9299999999999997
    endloop
  endfacet
  facet normal 0 0 -1
    outer loop
      vertex 81.56152582097215 -36.444374768689826 -1.9299999999999997
      vertex 82.175 -35.6 -1.9299999999999997
      vertex 81.6875 -36.444374768689826 -1.9299999999999997
    endloop
  endfacet
  facet normal 0 0 -1
    outer loop
      vertex 82.175 -35.6 -1.9299999999999997
      vertex 81.56152582097215 -34.75562523131018 -1.9299999999999997
      vertex 81.6875 -34.75562523131018 -1.9299999999999997
    endloop
  endfacet
  facet normal 0.7202230778651918 0.41582098788204713 -0.5553121862044703
    outer loop
      vertex 59.1 -67.558845726812 -3
      vertex 58.2 -66 -3
      vertex 59.5125 -66.84437476868983 -1.9299999999999997
    endloop
  endfacet
  facet normal 0.7202230778651918 -0.41582098788204713 -0.5553121862044703
    outer loop
      vertex 58.2 -66 -3
      vertex 59.1 -64.441154273188 -3
      vertex 59.5125 -65.15562523131017 -1.9299999999999997
    endloop
  endfacet
  facet normal 0 0.8316419757640974 -0.5553121862044705
    outer loop
      vertex 59.1 -67.558845726812 -3
      vertex 60.4875 -66.84437476868983 -1.9299999999999997
      vertex 60.9 -67.558845726812 -3
    endloop
  endfacet
  facet normal -0.7202230778651918 0.41582098788204713 -0.5553121862044703
    outer loop
      vertex 60.9 -67.558845726812 -3
      vertex 60.4875 -66.84437476868983 -1.9299999999999997
      vertex 61.8 -66 -3
    endloop
  endfacet
  facet normal 0 -0.8316419757640974 -0.5553121862044705
    outer loop
      vertex 59.1 -64.441154273188 -3
      vertex 60.9 -64.441154273188 -3
      vertex 59.5125 -65.15562523131017 -1.9299999999999997
    endloop
  endfacet
  facet normal -0.7202230778651918 -0.41582098788204713 -0.5553121862044703
    outer loop
      vertex 61.8 -66 -3
      vertex 60.4875 -65.15562523131017 -1.9299999999999997
      vertex 60.9 -64.441154273188 -3
    endloop
  endfacet
  facet normal 0.7202230778651912 0.41582098788203475 -0.5553121862044803
    outer loop
      vertex 58.2 -66 -3
      vertex 59.211208430484426 -66.57309062098516 -2.117626891367521
      vertex 59.5125 -66.84437476868983 -1.9299999999999997
    endloop
  endfacet
  facet normal 0.7202230778651911 0.4158209878820484 -0.5553121862044703
    outer loop
      vertex 58.2 -66 -3
      vertex 59.211208430484426 -66.32252246239668 -1.9299999999999997
      vertex 59.211208430484426 -66.57309062098516 -2.117626891367521
    endloop
  endfacet
  facet normal 0.7202230778651911 -0.4158209878820484 -0.5553121862044703
    outer loop
      vertex 58.2 -66 -3
      vertex 59.211208430484426 -65.42690937901484 -2.117626891367521
      vertex 59.211208430484426 -65.67747753760332 -1.9299999999999997
    endloop
  endfacet
  facet normal 0.7202230778651912 -0.41582098788203475 -0.5553121862044803
    outer loop
      vertex 58.2 -66 -3
      vertex 59.5125 -65.15562523131017 -1.9299999999999997
      vertex 59.211208430484426 -65.42690937901484 -2.117626891367521
    endloop
  endfacet
  facet normal 0 0.8316419757640974 -0.5553121862044704
    outer loop
      vertex 59.1 -67.558845726812 -3
      vertex 59.5125 -66.84437476868983 -1.9299999999999997
      vertex 60.046135185771696 -66.84437476868983 -1.9299999999999997
    endloop
  endfacet
  facet normal 0.7202230778651889 0.415820987882059 -0.5553121862044651
    outer loop
      vertex 58.2 -66 -3
      vertex 59.025 -66 -1.9299999999999997
      vertex 59.211208430484426 -66.32252246239668 -1.9299999999999997
    endloop
  endfacet
  facet normal 0.7202230778651889 -0.415820987882059 -0.5553121862044651
    outer loop
      vertex 58.2 -66 -3
      vertex 59.211208430484426 -65.67747753760332 -1.9299999999999997
      vertex 59.025 -66 -1.9299999999999997
    endloop
  endfacet
  facet normal -1.5132729923458346e-14 0.8316419757641035 -0.5553121862044613
    outer loop
      vertex 59.1 -67.558845726812 -3
      vertex 60.046135185771696 -66.84437476868983 -1.9299999999999997
      vertex 60.30129156951558 -66.92728010338777 -2.054159991555088
    endloop
  endfacet
  facet normal 2.1909326913352998e-13 0.8316419757639667 -0.5553121862046662
    outer loop
      vertex 59.1 -67.558845726812 -3
      vertex 60.30129156951558 -66.92728010338777 -2.054159991555088
      vertex 60.4875 -66.84437476868983 -1.9299999999999997
    endloop
  endfacet
  facet normal -3.538394724701947e-14 -0.8316419757640843 -0.5553121862044902
    outer loop
      vertex 60.9 -64.441154273188 -3
      vertex 60.30129156951558 -65.07271989661223 -2.054159991555088
      vertex 60.046135185771696 -65.15562523131017 -1.9299999999999997
    endloop
  endfacet
  facet normal 4.500251097621489e-14 -0.8316419757641079 -0.5553121862044547
    outer loop
      vertex 60.9 -64.441154273188 -3
      vertex 60.36152582097215 -65.15562523131017 -1.9299999999999997
      vertex 60.30129156951558 -65.07271989661223 -2.054159991555088
    endloop
  endfacet
  facet normal -0.7202230778651919 0.41582098788205085 -0.5553121862044674
    outer loop
      vertex 61.8 -66 -3
      vertex 60.4875 -66.84437476868983 -1.9299999999999997
      vertex 60.975 -66 -1.9299999999999997
    endloop
  endfacet
  facet normal -0.7202230778651919 -0.41582098788205085 -0.5553121862044674
    outer loop
      vertex 61.8 -66 -3
      vertex 60.975 -66 -1.9299999999999997
      vertex 60.4875 -65.15562523131017 -1.9299999999999997
    endloop
  endfacet
  facet normal 0 -0.8316419757640974 -0.5553121862044705
    outer loop
      vertex 59.5125 -65.15562523131017 -1.9299999999999997
      vertex 60.9 -64.441154273188 -3
      vertex 60.046135185771696 -65.15562523131017 -1.9299999999999997
    endloop
  endfacet
  facet normal 0 -0.8316419757640973 -0.5553121862044705
    outer loop
      vertex 60.9 -64.441154273188 -3
      vertex 60.4875 -65.15562523131017 -1.9299999999999997
      vertex 60.36152582097215 -65.15562523131017 -1.9299999999999997
    endloop
  endfacet
  facet normal 0.7202230778651947 0.41582098788204674 -0.555312186204467
    outer loop
      vertex 59.211208430484426 -66.57309062098516 -2.117626891367521
      vertex 59.3892786590295 -66.63094914555215 -1.9299999999999997
      vertex 59.5125 -66.84437476868983 -1.9299999999999997
    endloop
  endfacet
  facet normal 0.7202230778651947 -0.41582098788204674 -0.555312186204467
    outer loop
      vertex 59.211208430484426 -65.42690937901484 -2.117626891367521
      vertex 59.5125 -65.15562523131017 -1.9299999999999997
      vertex 59.3892786590295 -65.36905085444785 -1.9299999999999997
    endloop
  endfacet
  facet normal 0 0 -1
    outer loop
      vertex 59.5125 -66.84437476868983 -1.9299999999999997
      vertex 59.3892786590295 -66.63094914555215 -1.9299999999999997
      vertex 60.046135185771696 -66.84437476868983 -1.9299999999999997
    endloop
  endfacet
  facet normal 0 0 -1
    outer loop
      vertex 59.211208430484426 -66.32252246239668 -1.9299999999999997
      vertex 59.025 -66 -1.9299999999999997
      vertex 59.211208430484426 -65.67747753760332 -1.9299999999999997
    endloop
  endfacet
  facet normal 0 0 -1
    outer loop
      vertex 59.3892786590295 -65.36905085444785 -1.9299999999999997
      vertex 59.5125 -65.15562523131017 -1.9299999999999997
      vertex 60.046135185771696 -65.15562523131017 -1.9299999999999997
    endloop
  endfacet
  facet normal 0 0.831641975764118 -0.5553121862044395
    outer loop
      vertex 60.30129156951558 -66.92728010338777 -2.054159991555088
      vertex 60.36152582097215 -66.84437476868983 -1.9299999999999997
      vertex 60.4875 -66.84437476868983 -1.9299999999999997
    endloop
  endfacet
  facet normal 0 0 -1
    outer loop
      vertex 60.36152582097215 -66.84437476868983 -1.9299999999999997
      vertex 60.975 -66 -1.9299999999999997
      vertex 60.4875 -66.84437476868983 -1.9299999999999997
    endloop
  endfacet
  facet normal 0 0 -1
    outer loop
      vertex 60.975 -66 -1.9299999999999997
      vertex 60.36152582097215 -65.15562523131017 -1.9299999999999997
      vertex 60.4875 -65.15562523131017 -1.9299999999999997
    endloop
  endfacet
  facet normal 0.7202230778651908 0.4158209878820501 -0.5553121862044694
    outer loop
      vertex 16.2 -50.5 -3
      vertex 17.5125 -51.344374768689825 -1.9299999999999997
      vertex 17.1 -52.05884572681199 -3
    endloop
  endfacet
  facet normal 0 0.8316419757640974 -0.5553121862044705
    outer loop
      vertex 17.1 -52.05884572681199 -3
      vertex 18.4875 -51.344374768689825 -1.9299999999999997
      vertex 18.9 -52.05884572681199 -3
    endloop
  endfacet
  facet normal -0.7202230778651908 0.4158209878820501 -0.5553121862044694
    outer loop
      vertex 18.9 -52.05884572681199 -3
      vertex 18.4875 -51.344374768689825 -1.9299999999999997
      vertex 19.8 -50.5 -3
    endloop
  endfacet
  facet normal 0.7202230778651908 -0.4158209878820501 -0.5553121862044694
    outer loop
      vertex 16.2 -50.5 -3
      vertex 17.1 -48.94115427318801 -3
      vertex 17.5125 -49.655625231310175 -1.9299999999999997
    endloop
  endfacet
  facet normal 0 -0.8316419757640974 -0.5553121862044705
    outer loop
      vertex 17.1 -48.94115427318801 -3
      vertex 18.9 -48.94115427318801 -3
      vertex 17.5125 -49.655625231310175 -1.9299999999999997
    endloop
  endfacet
  facet normal -0.7202230778651908 -0.4158209878820501 -0.5553121862044694
    outer loop
      vertex 19.8 -50.5 -3
      vertex 18.4875 -49.655625231310175 -1.9299999999999997
      vertex 18.9 -48.94115427318801 -3
    endloop
  endfacet
  facet normal 1.1822445252701853e-15 0.8316419757640969 -0.555312186204471
    outer loop
      vertex 17.1 -52.05884572681199 -3
      vertex 18.046135185771696 -51.344374768689825 -1.9299999999999997
      vertex 18.301291569515573 -51.42728010338777 -2.054159991555088
    endloop
  endfacet
  facet normal -1.7116661651055376e-14 0.8316419757641054 -0.5553121862044584
    outer loop
      vertex 17.1 -52.05884572681199 -3
      vertex 18.301291569515573 -51.42728010338777 -2.054159991555088
      vertex 18.4875 -51.344374768689825 -1.9299999999999997
    endloop
  endfacet
  facet normal 0 0.8316419757640974 -0.5553121862044704
    outer loop
      vertex 17.1 -52.05884572681199 -3
      vertex 17.5125 -51.344374768689825 -1.9299999999999997
      vertex 18.046135185771696 -51.344374768689825 -1.9299999999999997
    endloop
  endfacet
  facet normal 0.7202230778651908 0.41582098788205735 -0.555312186204464
    outer loop
      vertex 16.2 -50.5 -3
      vertex 17.211208430484426 -51.07309062098516 -2.117626891367521
      vertex 17.5125 -51.344374768689825 -1.9299999999999997
    endloop
  endfacet
  facet normal 0.7202230778651912 0.4158209878820483 -0.5553121862044701
    outer loop
      vertex 16.2 -50.5 -3
      vertex 17.211208430484426 -50.822522462396684 -1.9299999999999997
      vertex 17.211208430484426 -51.07309062098516 -2.117626891367521
    endloop
  endfacet
  facet normal 0.7202230778651912 -0.4158209878820483 -0.5553121862044701
    outer loop
      vertex 16.2 -50.5 -3
      vertex 17.211208430484426 -49.92690937901484 -2.117626891367521
      vertex 17.211208430484426 -50.177477537603316 -1.9299999999999997
    endloop
  endfacet
  facet normal 0.7202230778651908 -0.41582098788205735 -0.555312186204464
    outer loop
      vertex 16.2 -50.5 -3
      vertex 17.5125 -49.655625231310175 -1.9299999999999997
      vertex 17.211208430484426 -49.92690937901484 -2.117626891367521
    endloop
  endfacet
  facet normal 2.7643708786735046e-15 -0.8316419757640982 -0.5553121862044694
    outer loop
      vertex 18.9 -48.94115427318801 -3
      vertex 18.301291569515573 -49.57271989661223 -2.054159991555088
      vertex 18.046135185771696 -49.655625231310175 -1.9299999999999997
    endloop
  endfacet
  facet normal -3.5158211700165477e-15 -0.8316419757640967 -0.5553121862044715
    outer loop
      vertex 18.9 -48.94115427318801 -3
      vertex 18.36152582097215 -49.655625231310175 -1.9299999999999997
      vertex 18.301291569515573 -49.57271989661223 -2.054159991555088
    endloop
  endfacet
  facet normal 0.7202230778651908 0.41582098788205096 -0.555312186204469
    outer loop
      vertex 16.2 -50.5 -3
      vertex 17.025 -50.5 -1.9299999999999997
      vertex 17.211208430484426 -50.822522462396684 -1.9299999999999997
    endloop
  endfacet
  facet normal 0.7202230778651908 -0.41582098788205096 -0.555312186204469
    outer loop
      vertex 16.2 -50.5 -3
      vertex 17.211208430484426 -50.177477537603316 -1.9299999999999997
      vertex 17.025 -50.5 -1.9299999999999997
    endloop
  endfacet
  facet normal 0 -0.8316419757640973 -0.5553121862044704
    outer loop
      vertex 18.9 -48.94115427318801 -3
      vertex 18.046135185771696 -49.655625231310175 -1.9299999999999997
      vertex 17.5125 -49.655625231310175 -1.9299999999999997
    endloop
  endfacet
  facet normal 0 -0.8316419757640973 -0.5553121862044705
    outer loop
      vertex 18.9 -48.94115427318801 -3
      vertex 18.4875 -49.655625231310175 -1.9299999999999997
      vertex 18.36152582097215 -49.655625231310175 -1.9299999999999997
    endloop
  endfacet
  facet normal -0.7202230778651908 0.4158209878820507 -0.5553121862044689
    outer loop
      vertex 18.4875 -51.344374768689825 -1.9299999999999997
      vertex 18.975 -50.5 -1.9299999999999997
      vertex 19.8 -50.5 -3
    endloop
  endfacet
  facet normal -0.7202230778651908 -0.4158209878820507 -0.5553121862044689
    outer loop
      vertex 19.8 -50.5 -3
      vertex 18.975 -50.5 -1.9299999999999997
      vertex 18.4875 -49.655625231310175 -1.9299999999999997
    endloop
  endfacet
  facet normal 0 0.831641975764096 -0.5553121862044725
    outer loop
      vertex 18.301291569515573 -51.42728010338777 -2.054159991555088
      vertex 18.36152582097215 -51.344374768689825 -1.9299999999999997
      vertex 18.4875 -51.344374768689825 -1.9299999999999997
    endloop
  endfacet
  facet normal 0 0 -1
    outer loop
      vertex 17.5125 -51.344374768689825 -1.9299999999999997
      vertex 17.389278659029497 -51.13094914555215 -1.9299999999999997
      vertex 18.046135185771696 -51.344374768689825 -1.9299999999999997
    endloop
  endfacet
  facet normal 0.7202230778651912 0.4158209878820587 -0.5553121862044622
    outer loop
      vertex 17.5125 -51.344374768689825 -1.9299999999999997
      vertex 17.211208430484426 -51.07309062098516 -2.117626891367521
      vertex 17.389278659029497 -51.13094914555215 -1.9299999999999997
    endloop
  endfacet
  facet normal 0.7202230778651914 -0.4158209878820586 -0.5553121862044621
    outer loop
      vertex 17.211208430484426 -49.92690937901484 -2.117626891367521
      vertex 17.5125 -49.655625231310175 -1.9299999999999997
      vertex 17.389278659029497 -49.86905085444785 -1.9299999999999997
    endloop
  endfacet
  facet normal 0 0 -1
    outer loop
      vertex 17.211208430484426 -50.822522462396684 -1.9299999999999997
      vertex 17.025 -50.5 -1.9299999999999997
      vertex 17.211208430484426 -50.177477537603316 -1.9299999999999997
    endloop
  endfacet
  facet normal 0 0 -1
    outer loop
      vertex 17.389278659029497 -49.86905085444785 -1.9299999999999997
      vertex 17.5125 -49.655625231310175 -1.9299999999999997
      vertex 18.046135185771696 -49.655625231310175 -1.9299999999999997
    endloop
  endfacet
  facet normal 0 0 -1
    outer loop
      vertex 18.36152582097215 -51.344374768689825 -1.9299999999999997
      vertex 18.975 -50.5 -1.9299999999999997
      vertex 18.4875 -51.344374768689825 -1.9299999999999997
    endloop
  endfacet
  facet normal 0 0 -1
    outer loop
      vertex 18.36152582097215 -49.655625231310175 -1.9299999999999997
      vertex 18.4875 -49.655625231310175 -1.9299999999999997
      vertex 18.975 -50.5 -1.9299999999999997
    endloop
  endfacet
  facet normal 0 0.8316419757640974 -0.5553121862044704
    outer loop
      vertex -15.9 -39.05884572681199 -3
      vertex -14.5125 -38.344374768689825 -1.9299999999999997
      vertex -14.1 -39.05884572681199 -3
    endloop
  endfacet
  facet normal 0.7202230778651908 0.41582098788204924 -0.5553121862044701
    outer loop
      vertex -15.9 -39.05884572681199 -3
      vertex -16.8 -37.5 -3
      vertex -15.4875 -38.344374768689825 -1.9299999999999997
    endloop
  endfacet
  facet normal 0.7202230778651908 -0.41582098788204924 -0.5553121862044701
    outer loop
      vertex -16.8 -37.5 -3
      vertex -15.9 -35.94115427318801 -3
      vertex -15.4875 -36.655625231310175 -1.9299999999999997
    endloop
  endfacet
  facet normal -0.7202230778651908 0.41582098788204924 -0.5553121862044701
    outer loop
      vertex -14.1 -39.05884572681199 -3
      vertex -14.5125 -38.344374768689825 -1.9299999999999997
      vertex -13.2 -37.5 -3
    endloop
  endfacet
  facet normal 0 -0.8316419757640974 -0.5553121862044704
    outer loop
      vertex -15.9 -35.94115427318801 -3
      vertex -14.1 -35.94115427318801 -3
      vertex -15.4875 -36.655625231310175 -1.9299999999999997
    endloop
  endfacet
  facet normal -0.7202230778651908 -0.41582098788204924 -0.5553121862044701
    outer loop
      vertex -14.1 -35.94115427318801 -3
      vertex -13.2 -37.5 -3
      vertex -14.5125 -36.655625231310175 -1.9299999999999997
    endloop
  endfacet
  facet normal 1.18224452527019e-15 0.831641975764097 -0.5553121862044711
    outer loop
      vertex -15.9 -39.05884572681199 -3
      vertex -14.953864814228302 -38.344374768689825 -1.9299999999999997
      vertex -14.698708430484427 -38.42728010338777 -2.054159991555088
    endloop
  endfacet
  facet normal -1.7116661651055408e-14 0.8316419757641069 -0.5553121862044561
    outer loop
      vertex -15.9 -39.05884572681199 -3
      vertex -14.698708430484427 -38.42728010338777 -2.054159991555088
      vertex -14.5125 -38.344374768689825 -1.9299999999999997
    endloop
  endfacet
  facet normal 0 0.8316419757640974 -0.5553121862044703
    outer loop
      vertex -15.9 -39.05884572681199 -3
      vertex -15.4875 -38.344374768689825 -1.9299999999999997
      vertex -14.953864814228302 -38.344374768689825 -1.9299999999999997
    endloop
  endfacet
  facet normal 0.7202230778651912 0.4158209878820483 -0.5553121862044701
    outer loop
      vertex -16.8 -37.5 -3
      vertex -15.788791569515574 -37.822522462396684 -1.9299999999999997
      vertex -15.788791569515574 -38.07309062098516 -2.117626891367521
    endloop
  endfacet
  facet normal 0.7202230778651908 0.41582098788205735 -0.555312186204464
    outer loop
      vertex -16.8 -37.5 -3
      vertex -15.788791569515574 -38.07309062098516 -2.117626891367521
      vertex -15.4875 -38.344374768689825 -1.9299999999999997
    endloop
  endfacet
  facet normal 0.7202230778651912 -0.4158209878820483 -0.5553121862044701
    outer loop
      vertex -16.8 -37.5 -3
      vertex -15.788791569515574 -36.92690937901484 -2.117626891367521
      vertex -15.788791569515574 -37.177477537603316 -1.9299999999999997
    endloop
  endfacet
  facet normal 0.7202230778651908 -0.41582098788205735 -0.555312186204464
    outer loop
      vertex -16.8 -37.5 -3
      vertex -15.4875 -36.655625231310175 -1.9299999999999997
      vertex -15.788791569515574 -36.92690937901484 -2.117626891367521
    endloop
  endfacet
  facet normal 2.764370878673536e-15 -0.8316419757640982 -0.5553121862044693
    outer loop
      vertex -14.1 -35.94115427318801 -3
      vertex -14.698708430484427 -36.57271989661223 -2.054159991555088
      vertex -14.953864814228302 -36.655625231310175 -1.9299999999999997
    endloop
  endfacet
  facet normal -3.5158211700165422e-15 -0.8316419757640968 -0.5553121862044714
    outer loop
      vertex -14.1 -35.94115427318801 -3
      vertex -14.638474179027849 -36.655625231310175 -1.9299999999999997
      vertex -14.698708430484427 -36.57271989661223 -2.054159991555088
    endloop
  endfacet
  facet normal 0.7202230778651915 0.4158209878820474 -0.5553121862044706
    outer loop
      vertex -16.8 -37.5 -3
      vertex -15.975 -37.5 -1.9299999999999997
      vertex -15.788791569515574 -37.822522462396684 -1.9299999999999997
    endloop
  endfacet
  facet normal 0.7202230778651915 -0.4158209878820474 -0.5553121862044706
    outer loop
      vertex -16.8 -37.5 -3
      vertex -15.788791569515574 -37.177477537603316 -1.9299999999999997
      vertex -15.975 -37.5 -1.9299999999999997
    endloop
  endfacet
  facet normal -0.7202230778651907 0.41582098788204913 -0.5553121862044701
    outer loop
      vertex -13.2 -37.5 -3
      vertex -14.5125 -38.344374768689825 -1.9299999999999997
      vertex -14.025 -37.5 -1.9299999999999997
    endloop
  endfacet
  facet normal -0.7202230778651907 -0.41582098788204913 -0.5553121862044701
    outer loop
      vertex -13.2 -37.5 -3
      vertex -14.025 -37.5 -1.9299999999999997
      vertex -14.5125 -36.655625231310175 -1.9299999999999997
    endloop
  endfacet
  facet normal 0 -0.8316419757640974 -0.5553121862044703
    outer loop
      vertex -14.1 -35.94115427318801 -3
      vertex -14.953864814228302 -36.655625231310175 -1.9299999999999997
      vertex -15.4875 -36.655625231310175 -1.9299999999999997
    endloop
  endfacet
  facet normal 0 -0.8316419757640973 -0.5553121862044705
    outer loop
      vertex -14.1 -35.94115427318801 -3
      vertex -14.5125 -36.655625231310175 -1.9299999999999997
      vertex -14.638474179027849 -36.655625231310175 -1.9299999999999997
    endloop
  endfacet
  facet normal 0.7202230778651898 0.41582098788205174 -0.5553121862044694
    outer loop
      vertex -15.788791569515574 -38.07309062098516 -2.117626891367521
      vertex -15.610721340970501 -38.13094914555215 -1.9299999999999997
      vertex -15.4875 -38.344374768689825 -1.9299999999999997
    endloop
  endfacet
  facet normal 0.7202230778651898 -0.41582098788205174 -0.5553121862044694
    outer loop
      vertex -15.788791569515574 -36.92690937901484 -2.117626891367521
      vertex -15.4875 -36.655625231310175 -1.9299999999999997
      vertex -15.610721340970501 -36.86905085444785 -1.9299999999999997
    endloop
  endfacet
  facet normal 0 0 -1
    outer loop
      vertex -15.788791569515574 -37.822522462396684 -1.9299999999999997
      vertex -15.975 -37.5 -1.9299999999999997
      vertex -15.788791569515574 -37.177477537603316 -1.9299999999999997
    endloop
  endfacet
  facet normal 0 0.831641975764096 -0.5553121862044725
    outer loop
      vertex -14.698708430484427 -38.42728010338777 -2.054159991555088
      vertex -14.638474179027849 -38.344374768689825 -1.9299999999999997
      vertex -14.5125 -38.344374768689825 -1.9299999999999997
    endloop
  endfacet
  facet normal 0 0 -1
    outer loop
      vertex -15.610721340970501 -38.13094914555215 -1.9299999999999997
      vertex -14.953864814228302 -38.344374768689825 -1.9299999999999997
      vertex -15.4875 -38.344374768689825 -1.9299999999999997
    endloop
  endfacet
  facet normal 0 0 -1
    outer loop
      vertex -14.638474179027849 -38.344374768689825 -1.9299999999999997
      vertex -14.025 -37.5 -1.9299999999999997
      vertex -14.5125 -38.344374768689825 -1.9299999999999997
    endloop
  endfacet
  facet normal 0 0 -1
    outer loop
      vertex -14.025 -37.5 -1.9299999999999997
      vertex -14.638474179027849 -36.655625231310175 -1.9299999999999997
      vertex -14.5125 -36.655625231310175 -1.9299999999999997
    endloop
  endfacet
  facet normal 0 0 -1
    outer loop
      vertex -15.610721340970501 -36.86905085444785 -1.9299999999999997
      vertex -15.4875 -36.655625231310175 -1.9299999999999997
      vertex -14.953864814228302 -36.655625231310175 -1.9299999999999997
    endloop
  endfacet
  facet normal 0.7202230778651908 0.4158209878820484 -0.5553121862044708
    outer loop
      vertex -49.9 -36.05884572681199 -3
      vertex -50.8 -34.5 -3
      vertex -49.4875 -35.344374768689825 -1.9299999999999997
    endloop
  endfacet
  facet normal 0 0.8316419757640974 -0.5553121862044705
    outer loop
      vertex -49.9 -36.05884572681199 -3
      vertex -48.5125 -35.344374768689825 -1.9299999999999997
      vertex -48.1 -36.05884572681199 -3
    endloop
  endfacet
  facet normal -0.7202230778651908 0.4158209878820484 -0.5553121862044708
    outer loop
      vertex -48.1 -36.05884572681199 -3
      vertex -48.5125 -35.344374768689825 -1.9299999999999997
      vertex -47.2 -34.5 -3
    endloop
  endfacet
  facet normal 0.7202230778651908 -0.4158209878820484 -0.5553121862044708
    outer loop
      vertex -50.8 -34.5 -3
      vertex -49.9 -32.94115427318801 -3
      vertex -49.4875 -33.655625231310175 -1.9299999999999997
    endloop
  endfacet
  facet normal -0.7202230778651908 -0.4158209878820484 -0.5553121862044708
    outer loop
      vertex -48.1 -32.94115427318801 -3
      vertex -47.2 -34.5 -3
      vertex -48.5125 -33.655625231310175 -1.9299999999999997
    endloop
  endfacet
  facet normal 0 -0.8316419757640974 -0.5553121862044705
    outer loop
      vertex -49.9 -32.94115427318801 -3
      vertex -48.1 -32.94115427318801 -3
      vertex -49.4875 -33.655625231310175 -1.9299999999999997
    endloop
  endfacet
  facet normal 1.1822445252701738e-15 0.8316419757640969 -0.5553121862044711
    outer loop
      vertex -49.9 -36.05884572681199 -3
      vertex -48.953864814228304 -35.344374768689825 -1.9299999999999997
      vertex -48.69870843048442 -35.42728010338777 -2.054159991555088
    endloop
  endfacet
  facet normal -1.7116661651059895e-14 0.8316419757641058 -0.5553121862044579
    outer loop
      vertex -49.9 -36.05884572681199 -3
      vertex -48.69870843048442 -35.42728010338777 -2.054159991555088
      vertex -48.5125 -35.344374768689825 -1.9299999999999997
    endloop
  endfacet
  facet normal 0 0.8316419757640974 -0.5553121862044704
    outer loop
      vertex -49.9 -36.05884572681199 -3
      vertex -49.4875 -35.344374768689825 -1.9299999999999997
      vertex -48.953864814228304 -35.344374768689825 -1.9299999999999997
    endloop
  endfacet
  facet normal 0.7202230778651912 0.4158209878820782 -0.5553121862044479
    outer loop
      vertex -50.8 -34.5 -3
      vertex -49.788791569515574 -35.07309062098516 -2.117626891367521
      vertex -49.4875 -35.344374768689825 -1.9299999999999997
    endloop
  endfacet
  facet normal 0.7202230778651925 0.4158209878820476 -0.5553121862044691
    outer loop
      vertex -50.8 -34.5 -3
      vertex -49.788791569515574 -34.822522462396684 -1.9299999999999997
      vertex -49.788791569515574 -35.07309062098516 -2.117626891367521
    endloop
  endfacet
  facet normal 0.7202230778651925 -0.4158209878820476 -0.5553121862044691
    outer loop
      vertex -50.8 -34.5 -3
      vertex -49.788791569515574 -33.92690937901484 -2.117626891367521
      vertex -49.788791569515574 -34.177477537603316 -1.9299999999999997
    endloop
  endfacet
  facet normal 0.7202230778651912 -0.4158209878820782 -0.5553121862044479
    outer loop
      vertex -50.8 -34.5 -3
      vertex -49.4875 -33.655625231310175 -1.9299999999999997
      vertex -49.788791569515574 -33.92690937901484 -2.117626891367521
    endloop
  endfacet
  facet normal 2.764370878673442e-15 -0.831641975764098 -0.5553121862044695
    outer loop
      vertex -48.1 -32.94115427318801 -3
      vertex -48.69870843048442 -33.57271989661223 -2.054159991555088
      vertex -48.953864814228304 -33.655625231310175 -1.9299999999999997
    endloop
  endfacet
  facet normal -3.515821170016741e-15 -0.8316419757640968 -0.5553121862044715
    outer loop
      vertex -48.1 -32.94115427318801 -3
      vertex -48.63847417902785 -33.655625231310175 -1.9299999999999997
      vertex -48.69870843048442 -33.57271989661223 -2.054159991555088
    endloop
  endfacet
  facet normal 0.7202230778651917 0.41582098788205146 -0.5553121862044672
    outer loop
      vertex -50.8 -34.5 -3
      vertex -49.975 -34.5 -1.9299999999999997
      vertex -49.788791569515574 -34.822522462396684 -1.9299999999999997
    endloop
  endfacet
  facet normal 0.7202230778651917 -0.41582098788205146 -0.5553121862044672
    outer loop
      vertex -50.8 -34.5 -3
      vertex -49.788791569515574 -34.177477537603316 -1.9299999999999997
      vertex -49.975 -34.5 -1.9299999999999997
    endloop
  endfacet
  facet normal -0.7202230778651908 0.41582098788205374 -0.5553121862044665
    outer loop
      vertex -47.2 -34.5 -3
      vertex -48.5125 -35.344374768689825 -1.9299999999999997
      vertex -48.025 -34.5 -1.9299999999999997
    endloop
  endfacet
  facet normal -0.7202230778651908 -0.41582098788205374 -0.5553121862044665
    outer loop
      vertex -47.2 -34.5 -3
      vertex -48.025 -34.5 -1.9299999999999997
      vertex -48.5125 -33.655625231310175 -1.9299999999999997
    endloop
  endfacet
  facet normal 0 -0.8316419757640975 -0.5553121862044705
    outer loop
      vertex -48.1 -32.94115427318801 -3
      vertex -48.953864814228304 -33.655625231310175 -1.9299999999999997
      vertex -49.4875 -33.655625231310175 -1.9299999999999997
    endloop
  endfacet
  facet normal 0 -0.8316419757640973 -0.5553121862044705
    outer loop
      vertex -48.1 -32.94115427318801 -3
      vertex -48.5125 -33.655625231310175 -1.9299999999999997
      vertex -48.63847417902785 -33.655625231310175 -1.9299999999999997
    endloop
  endfacet
  facet normal 0.7202230778651859 0.4158209878820556 -0.5553121862044716
    outer loop
      vertex -49.4875 -35.344374768689825 -1.9299999999999997
      vertex -49.788791569515574 -35.07309062098516 -2.117626891367521
      vertex -49.6107213409705 -35.13094914555215 -1.9299999999999997
    endloop
  endfacet
  facet normal 0.720223077865186 -0.4158209878820555 -0.5553121862044716
    outer loop
      vertex -49.788791569515574 -33.92690937901484 -2.117626891367521
      vertex -49.4875 -33.655625231310175 -1.9299999999999997
      vertex -49.6107213409705 -33.86905085444785 -1.9299999999999997
    endloop
  endfacet
  facet normal 0 0.831641975764096 -0.5553121862044725
    outer loop
      vertex -48.69870843048442 -35.42728010338777 -2.054159991555088
      vertex -48.63847417902785 -35.344374768689825 -1.9299999999999997
      vertex -48.5125 -35.344374768689825 -1.9299999999999997
    endloop
  endfacet
  facet normal 0 0 -1
    outer loop
      vertex -49.788791569515574 -34.822522462396684 -1.9299999999999997
      vertex -49.975 -34.5 -1.9299999999999997
      vertex -49.788791569515574 -34.177477537603316 -1.9299999999999997
    endloop
  endfacet
  facet normal 0 0 -1
    outer loop
      vertex -49.4875 -35.344374768689825 -1.9299999999999997
      vertex -49.6107213409705 -35.13094914555215 -1.9299999999999997
      vertex -48.953864814228304 -35.344374768689825 -1.9299999999999997
    endloop
  endfacet
  facet normal 0 0 -1
    outer loop
      vertex -49.6107213409705 -33.86905085444785 -1.9299999999999997
      vertex -49.4875 -33.655625231310175 -1.9299999999999997
      vertex -48.953864814228304 -33.655625231310175 -1.9299999999999997
    endloop
  endfacet
  facet normal 0 0 -1
    outer loop
      vertex -48.63847417902785 -35.344374768689825 -1.9299999999999997
      vertex -48.025 -34.5 -1.9299999999999997
      vertex -48.5125 -35.344374768689825 -1.9299999999999997
    endloop
  endfacet
  facet normal 0 0 -1
    outer loop
      vertex -48.025 -34.5 -1.9299999999999997
      vertex -48.63847417902785 -33.655625231310175 -1.9299999999999997
      vertex -48.5125 -33.655625231310175 -1.9299999999999997
    endloop
  endfacet
  facet normal 0.7202230778651914 0.41582098788204874 -0.5553121862044699
    outer loop
      vertex -49.9 18.941154273188012 -3
      vertex -50.8 20.5 -3
      vertex -49.4875 19.65562523131017 -1.9299999999999997
    endloop
  endfacet
  facet normal 0.7202230778651914 -0.41582098788204874 -0.5553121862044699
    outer loop
      vertex -50.8 20.5 -3
      vertex -49.9 22.058845726811988 -3
      vertex -49.4875 21.34437476868983 -1.9299999999999997
    endloop
  endfacet
  facet normal 0 0.8316419757640986 -0.5553121862044685
    outer loop
      vertex -49.9 18.941154273188012 -3
      vertex -48.5125 19.65562523131017 -1.9299999999999997
      vertex -48.1 18.941154273188012 -3
    endloop
  endfacet
  facet normal -0.7202230778651914 0.41582098788204874 -0.5553121862044699
    outer loop
      vertex -48.1 18.941154273188012 -3
      vertex -48.5125 19.65562523131017 -1.9299999999999997
      vertex -47.2 20.5 -3
    endloop
  endfacet
  facet normal 0 -0.8316419757640986 -0.5553121862044685
    outer loop
      vertex -49.9 22.058845726811988 -3
      vertex -48.1 22.058845726811988 -3
      vertex -49.4875 21.34437476868983 -1.9299999999999997
    endloop
  endfacet
  facet normal -0.7202230778651914 -0.41582098788204874 -0.5553121862044699
    outer loop
      vertex -48.1 22.058845726811988 -3
      vertex -47.2 20.5 -3
      vertex -48.5125 21.34437476868983 -1.9299999999999997
    endloop
  endfacet
  facet normal 0.7202230778651914 0.4158209878820684 -0.5553121862044549
    outer loop
      vertex -50.8 20.5 -3
      vertex -49.788791569515574 19.926909379014837 -2.117626891367521
      vertex -49.4875 19.65562523131017 -1.9299999999999997
    endloop
  endfacet
  facet normal 0.7202230778651925 0.4158209878820476 -0.5553121862044691
    outer loop
      vertex -50.8 20.5 -3
      vertex -49.788791569515574 20.177477537603316 -1.9299999999999997
      vertex -49.788791569515574 19.926909379014837 -2.117626891367521
    endloop
  endfacet
  facet normal 0.7202230778651925 -0.4158209878820476 -0.5553121862044691
    outer loop
      vertex -50.8 20.5 -3
      vertex -49.788791569515574 21.073090620985163 -2.117626891367521
      vertex -49.788791569515574 20.822522462396684 -1.9299999999999997
    endloop
  endfacet
  facet normal 0.7202230778651914 -0.4158209878820684 -0.5553121862044549
    outer loop
      vertex -50.8 20.5 -3
      vertex -49.4875 21.34437476868983 -1.9299999999999997
      vertex -49.788791569515574 21.073090620985163 -2.117626891367521
    endloop
  endfacet
  facet normal 1.8915912404322802e-15 0.8316419757640978 -0.5553121862044698
    outer loop
      vertex -49.9 18.941154273188012 -3
      vertex -48.953864814228304 19.65562523131017 -1.9299999999999997
      vertex -48.69870843048442 19.572719896612224 -2.054159991555088
    endloop
  endfacet
  facet normal -2.7386658641696142e-14 0.8316419757641152 -0.5553121862044436
    outer loop
      vertex -49.9 18.941154273188012 -3
      vertex -48.69870843048442 19.572719896612224 -2.054159991555088
      vertex -48.5125 19.65562523131017 -1.9299999999999997
    endloop
  endfacet
  facet normal 4.4229934058775185e-15 -0.8316419757641003 -0.555312186204466
    outer loop
      vertex -48.1 22.058845726811988 -3
      vertex -48.69870843048442 21.427280103387776 -2.054159991555088
      vertex -48.953864814228304 21.34437476868983 -1.9299999999999997
    endloop
  endfacet
  facet normal -5.625313872026789e-15 -0.8316419757640972 -0.5553121862044708
    outer loop
      vertex -48.1 22.058845726811988 -3
      vertex -48.63847417902785 21.34437476868983 -1.9299999999999997
      vertex -48.69870843048442 21.427280103387776 -2.054159991555088
    endloop
  endfacet
  facet normal 0.7202230778651917 0.41582098788205146 -0.5553121862044672
    outer loop
      vertex -50.8 20.5 -3
      vertex -49.975 20.5 -1.9299999999999997
      vertex -49.788791569515574 20.177477537603316 -1.9299999999999997
    endloop
  endfacet
  facet normal 0.7202230778651917 -0.41582098788205146 -0.5553121862044672
    outer loop
      vertex -50.8 20.5 -3
      vertex -49.788791569515574 20.822522462396684 -1.9299999999999997
      vertex -49.975 20.5 -1.9299999999999997
    endloop
  endfacet
  facet normal 0 0.8316419757640987 -0.5553121862044684
    outer loop
      vertex -49.9 18.941154273188012 -3
      vertex -49.4875 19.65562523131017 -1.9299999999999997
      vertex -48.953864814228304 19.65562523131017 -1.9299999999999997
    endloop
  endfacet
  facet normal -0.7202230778651914 0.41582098788205224 -0.555312186204467
    outer loop
      vertex -47.2 20.5 -3
      vertex -48.5125 19.65562523131017 -1.9299999999999997
      vertex -48.025 20.5 -1.9299999999999997
    endloop
  endfacet
  facet normal -0.7202230778651914 -0.41582098788205224 -0.555312186204467
    outer loop
      vertex -47.2 20.5 -3
      vertex -48.025 20.5 -1.9299999999999997
      vertex -48.5125 21.34437476868983 -1.9299999999999997
    endloop
  endfacet
  facet normal 0 -0.8316419757640985 -0.5553121862044686
    outer loop
      vertex -48.1 22.058845726811988 -3
      vertex -48.953864814228304 21.34437476868983 -1.9299999999999997
      vertex -49.4875 21.34437476868983 -1.9299999999999997
    endloop
  endfacet
  facet normal 0 -0.8316419757640986 -0.5553121862044686
    outer loop
      vertex -48.1 22.058845726811988 -3
      vertex -48.5125 21.34437476868983 -1.9299999999999997
      vertex -48.63847417902785 21.34437476868983 -1.9299999999999997
    endloop
  endfacet
  facet normal 0.7202230778651871 0.4158209878820493 -0.5553121862044746
    outer loop
      vertex -49.788791569515574 19.926909379014837 -2.117626891367521
      vertex -49.6107213409705 19.86905085444785 -1.9299999999999997
      vertex -49.4875 19.65562523131017 -1.9299999999999997
    endloop
  endfacet
  facet normal 0.7202230778651871 -0.4158209878820493 -0.5553121862044746
    outer loop
      vertex -49.788791569515574 21.073090620985163 -2.117626891367521
      vertex -49.4875 21.34437476868983 -1.9299999999999997
      vertex -49.6107213409705 21.13094914555215 -1.9299999999999997
    endloop
  endfacet
  facet normal 0 0.831641975764096 -0.5553121862044725
    outer loop
      vertex -48.69870843048442 19.572719896612224 -2.054159991555088
      vertex -48.63847417902785 19.65562523131017 -1.9299999999999997
      vertex -48.5125 19.65562523131017 -1.9299999999999997
    endloop
  endfacet
  facet normal 0 0 -1
    outer loop
      vertex -49.4875 19.65562523131017 -1.9299999999999997
      vertex -49.6107213409705 19.86905085444785 -1.9299999999999997
      vertex -48.953864814228304 19.65562523131017 -1.9299999999999997
    endloop
  endfacet
  facet normal 0 0 -1
    outer loop
      vertex -49.788791569515574 20.177477537603316 -1.9299999999999997
      vertex -49.975 20.5 -1.9299999999999997
      vertex -49.788791569515574 20.822522462396684 -1.9299999999999997
    endloop
  endfacet
  facet normal 0 0 -1
    outer loop
      vertex -48.63847417902785 19.65562523131017 -1.9299999999999997
      vertex -48.025 20.5 -1.9299999999999997
      vertex -48.5125 19.65562523131017 -1.9299999999999997
    endloop
  endfacet
  facet normal 0 0 -1
    outer loop
      vertex -49.6107213409705 21.13094914555215 -1.9299999999999997
      vertex -49.4875 21.34437476868983 -1.9299999999999997
      vertex -48.953864814228304 21.34437476868983 -1.9299999999999997
    endloop
  endfacet
  facet normal 0 0 -1
    outer loop
      vertex -48.025 20.5 -1.9299999999999997
      vertex -48.63847417902785 21.34437476868983 -1.9299999999999997
      vertex -48.5125 21.34437476868983 -1.9299999999999997
    endloop
  endfacet
  facet normal 0.8090169943749488 0 0.5877852522924714
    outer loop
      vertex 50.74449113624381 30 -0.4339259085606759
      vertex 50.74449113624381 31.801431887477495 -0.4339259085606759
      vertex 50.247589877669775 30 0.25
    endloop
  endfacet
  facet normal 0.8090169943749488 0 0.5877852522924714
    outer loop
      vertex 50.74449113624381 31.801431887477495 -0.4339259085606759
      vertex 50.247589877669775 31.801431887477495 0.25
      vertex 50.247589877669775 30 0.25
    endloop
  endfacet
  facet normal 9.28248311880647e-11 0 1
    outer loop
      vertex 50.74449113624381 30 -0.4339259085606759
      vertex 58.24357242458425 31.801431887477495 -0.4339259092567769
      vertex 50.74449113624381 31.801431887477495 -0.4339259085606759
    endloop
  endfacet
  facet normal 9.28248311880647e-11 0 1
    outer loop
      vertex 50.74449113624381 30 -0.4339259085606759
      vertex 58.24357242458425 30 -0.4339259092567769
      vertex 58.24357242458425 31.801431887477495 -0.4339259092567769
    endloop
  endfacet
  facet normal -0.8090169940678908 0 0.5877852527151002
    outer loop
      vertex 58.24357242458425 30 -0.4339259092567769
      vertex 58.74047368420991 31.801431887477495 0.25
      vertex 58.24357242458425 31.801431887477495 -0.4339259092567769
    endloop
  endfacet
  facet normal -0.8090169940678908 0 0.5877852527151002
    outer loop
      vertex 58.24357242458425 30 -0.4339259092567769
      vertex 58.74047368420991 30 0.25
      vertex 58.74047368420991 31.801431887477495 0.25
    endloop
  endfacet
  facet normal 7.603765022848366e-11 -5.3242135877737756e-11 1
    outer loop
      vertex 75.1629535371061 -29.069683346720463 -0.4339259092567769
      vertex 76.22072631571598 -27.55902726136271 -0.4339259092567769
      vertex 69.02006577011718 -24.768387024526934 -0.4339259085606759
    endloop
  endfacet
  facet normal -0.6627079245552451 0.46403308440489627 0.5877852527151034
    outer loop
      vertex 75.1629535371061 -29.069683346720463 -0.4339259092567769
      vertex 76.62776399830541 -27.844038115138133 0.25
      vertex 76.22072631571598 -27.55902726136271 -0.4339259092567769
    endloop
  endfacet
  facet normal 7.603765022848369e-11 -5.324213587773761e-11 1
    outer loop
      vertex 76.22072631571598 -27.55902726136271 -0.4339259092567769
      vertex 70.07783854872706 -23.25773093916918 -0.4339259085606759
      vertex 69.02006577011718 -24.768387024526934 -0.4339259085606759
    endloop
  endfacet
  facet normal 0.6627079248067754 -0.46403308458101866 0.58778525229247
    outer loop
      vertex 69.02006577011718 -24.768387024526934 -0.4339259085606759
      vertex 70.07783854872706 -23.25773093916918 -0.4339259085606759
      vertex 68.6130280883892 -24.4833761713547 0.25
    endloop
  endfacet
  facet normal -0.662707924555245 0.46403308440489627 0.5877852527151034
    outer loop
      vertex 75.1629535371061 -29.069683346720463 -0.4339259092567769
      vertex 75.56999121969554 -29.354694200495885 0.25
      vertex 76.62776399830541 -27.844038115138133 0.25
    endloop
  endfacet
  facet normal 0.6627079248067759 -0.46403308458102005 0.5877852522924684
    outer loop
      vertex 70.07783854872706 -23.25773093916918 -0.4339259085606759
      vertex 69.67080086699907 -22.972720085996947 0.25
      vertex 68.6130280883892 -24.4833761713547 0.25
    endloop
  endfacet
  facet normal 0 0 1
    outer loop
      vertex -50.5 -36.5 0.25
      vertex -52.16477339296982 -37.301712612120355 0.25
      vertex -50.91116507287507 -38.3014318874775 0.25
    endloop
  endfacet
  facet normal 0 0 1
    outer loop
      vertex -50.5 -36.5 0.25
      vertex -50.91116507287507 -38.3014318874775 0.25
      vertex -50.20710678118654 -36.5 0.25
    endloop
  endfacet
  facet normal 0 0 1
    outer loop
      vertex -50.5 -36.378679656440355 0.25
      vertex -52.16477339296982 -37.301712612120355 0.25
      vertex -50.5 -36.5 0.25
    endloop
  endfacet
  facet normal 0 0 1
    outer loop
      vertex -50.5 -36.378679656440355 0.25
      vertex -49.788791569515574 -35.07309062098516 0.25
      vertex -52.16477339296982 -37.301712612120355 0.25
    endloop
  endfacet
  facet normal 0 0 1
    outer loop
      vertex -49.788791569515574 -33.92690937901484 0.25
      vertex -52.16477339296982 -37.301712612120355 0.25
      vertex -49.788791569515574 -35.07309062098516 0.25
    endloop
  endfacet
  facet normal 0 0 1
    outer loop
      vertex -50.5 -36.378679656440355 0.25
      vertex -50.20710678118654 -36.5 0.25
      vertex -49.788791569515574 -35.07309062098516 0.25
    endloop
  endfacet
  facet normal 0 0 1
    outer loop
      vertex -47.792893218813454 -36.5 0.25
      vertex -50.20710678118654 -36.5 0.25
      vertex -50.91116507287507 -38.3014318874775 0.25
    endloop
  endfacet
  facet normal 0 0 1
    outer loop
      vertex -49.788791569515574 -35.07309062098516 0.25
      vertex -50.20710678118654 -36.5 0.25
      vertex -48.69870843048442 -35.42728010338777 0.25
    endloop
  endfacet
  facet normal 0 0 1
    outer loop
      vertex -48.69870843048442 -35.42728010338777 0.25
      vertex -50.20710678118654 -36.5 0.25
      vertex -47.792893218813454 -36.5 0.25
    endloop
  endfacet
  facet normal 0 0 1
    outer loop
      vertex -48.69870843048442 -35.42728010338777 0.25
      vertex -47.792893218813454 -36.5 0.25
      vertex -48.025 -34.5 0.25
    endloop
  endfacet
  facet normal 0 0 1
    outer loop
      vertex -50.5 -32.621320343559645 0.25
      vertex -52.16477339296982 -37.301712612120355 0.25
      vertex -49.788791569515574 -33.92690937901484 0.25
    endloop
  endfacet
  facet normal 0 0 1
    outer loop
      vertex -48.69870843048442 -33.57271989661223 0.25
      vertex -49 -32 0.25
      vertex -49.788791569515574 -33.92690937901484 0.25
    endloop
  endfacet
  facet normal 0 0 1
    outer loop
      vertex -50.5 -32.621320343559645 0.25
      vertex -49.788791569515574 -33.92690937901484 0.25
      vertex -49 -32 0.25
    endloop
  endfacet
  facet normal 0 0 1
    outer loop
      vertex -49 -32 0.25
      vertex -48.69870843048442 -33.57271989661223 0.25
      vertex -47.23223304703363 -32.73223304703363 0.25
    endloop
  endfacet
  facet normal 0 0 1
    outer loop
      vertex -48.025 -34.5 0.25
      vertex -47.792893218813454 -36.5 0.25
      vertex -47.23223304703363 -36.26776695296637 0.25
    endloop
  endfacet
  facet normal 0 0 1
    outer loop
      vertex -48.025 -34.5 0.25
      vertex -47.23223304703363 -36.26776695296637 0.25
      vertex -46.5 -34.5 0.25
    endloop
  endfacet
  facet normal 0 0 1
    outer loop
      vertex -48.025 -34.5 0.25
      vertex -46.5 -34.5 0.25
      vertex -48.69870843048442 -33.57271989661223 0.25
    endloop
  endfacet
  facet normal 0 0 1
    outer loop
      vertex -47.23223304703363 -32.73223304703363 0.25
      vertex -48.69870843048442 -33.57271989661223 0.25
      vertex -46.5 -34.5 0.25
    endloop
  endfacet
  facet normal 0 0 1
    outer loop
      vertex -47.792893218813454 -36.5 0.25
      vertex -50.91116507287507 -38.3014318874775 0.25
      vertex -29.5 -36.5 0.25
    endloop
  endfacet
  facet normal 0 0 1
    outer loop
      vertex -50.91116507287507 -38.3014318874775 0.25
      vertex -29.911165072875068 -38.3014318874775 0.25
      vertex -29.5 -36.5 0.25
    endloop
  endfacet
  facet normal 0 0 1
    outer loop
      vertex -29.5 -36.5 0.25
      vertex -29.911165072875068 -38.3014318874775 0.25
      vertex -24.080654233694077 -36.25042486190796 0.25
    endloop
  endfacet
  facet normal 0 0 1
    outer loop
      vertex -16.864167550376596 -39.035035323277725 0.25
      vertex -24.491819306569145 -38.05185674938546 0.25
      vertex -14.692978402075912 -39.87282749019838 0.25
    endloop
  endfacet
  facet normal 0 0 1
    outer loop
      vertex -29.911165072875068 -38.3014318874775 0.25
      vertex -24.491819306569145 -38.05185674938546 0.25
      vertex -24.080654233694077 -36.25042486190796 0.25
    endloop
  endfacet
  facet normal 0 0 1
    outer loop
      vertex -24.080654233694077 -36.25042486190796 0.25
      vertex -24.491819306569145 -38.05185674938546 0.25
      vertex -16.864167550376596 -39.035035323277725 0.25
    endloop
  endfacet
  facet normal 0 0 1
    outer loop
      vertex -24.491819306569145 -38.05185674938546 0.25
      vertex 11.236511670691922 -51.83827229651795 0.25
      vertex 11.64767674356699 -50.03684040904045 0.25
    endloop
  endfacet
  facet normal 0 0 1
    outer loop
      vertex 15.99321820671935 -51.69073408387119 0.25
      vertex 11.246003308710762 -51.836105892078876 0.25
      vertex 18.681812148922685 -52.717584160925476 0.25
    endloop
  endfacet
  facet normal 0 0 1
    outer loop
      vertex 11.246003308710762 -51.836105892078876 0.25
      vertex 11.64767674356699 -50.03684040904045 0.25
      vertex 11.236511670691922 -51.83827229651795 0.25
    endloop
  endfacet
  facet normal 0 0 1
    outer loop
      vertex 11.64767674356699 -50.03684040904045 0.25
      vertex 11.246003308710762 -51.836105892078876 0.25
      vertex 15.99321820671935 -51.69073408387119 0.25
    endloop
  endfacet
  facet normal 0 0 1
    outer loop
      vertex 11.64767674356699 -50.03684040904045 0.25
      vertex 15.99321820671935 -51.69073408387119 0.25
      vertex 11.649624459445477 -50.031792767345905 0.25
    endloop
  endfacet
  facet normal 0 0 1
    outer loop
      vertex 15.5 -50.5 0.25
      vertex 15.99321820671935 -51.69073408387119 0.25
      vertex 17.211208430484426 -51.07309062098516 0.25
    endloop
  endfacet
  facet normal 0 0 1
    outer loop
      vertex 15.5 -50.5 0.25
      vertex 17.211208430484426 -51.07309062098516 0.25
      vertex 17.211208430484426 -49.92690937901484 0.25
    endloop
  endfacet
  facet normal 0 0 1
    outer loop
      vertex 15.5 -50.5 0.25
      vertex 17.211208430484426 -49.92690937901484 0.25
      vertex 16.23223304703363 -48.73223304703363 0.25
    endloop
  endfacet
  facet normal 0 0 1
    outer loop
      vertex -16.864167550376596 -39.035035323277725 0.25
      vertex -14.698708430484427 -38.42728010338777 0.25
      vertex -15.788791569515574 -38.07309062098516 0.25
    endloop
  endfacet
  facet normal 0 0 1
    outer loop
      vertex -16.864167550376596 -39.035035323277725 0.25
      vertex -14.692978402075912 -39.87282749019838 0.25
      vertex -14.698708430484427 -38.42728010338777 0.25
    endloop
  endfacet
  facet normal 0 0 1
    outer loop
      vertex -14.692978402075912 -39.87282749019838 0.25
      vertex -13.232233047033631 -39.26776695296637 0.25
      vertex -14.025 -37.5 0.25
    endloop
  endfacet
  facet normal 0 0 1
    outer loop
      vertex -14.692978402075912 -39.87282749019838 0.25
      vertex -14.025 -37.5 0.25
      vertex -14.698708430484427 -38.42728010338777 0.25
    endloop
  endfacet
  facet normal 0 0 1
    outer loop
      vertex -14.692978402075912 -39.87282749019838 0.25
      vertex -24.491819306569145 -38.05185674938546 0.25
      vertex 11.64767674356699 -50.03684040904045 0.25
    endloop
  endfacet
  facet normal 0 0 1
    outer loop
      vertex -16.864167550376596 -39.035035323277725 0.25
      vertex -15.788791569515574 -38.07309062098516 0.25
      vertex -17.5 -37.5 0.25
    endloop
  endfacet
  facet normal 0 0 1
    outer loop
      vertex -17.5 -37.5 0.25
      vertex -15.788791569515574 -38.07309062098516 0.25
      vertex -15.788791569515574 -36.92690937901484 0.25
    endloop
  endfacet
  facet normal 0 0 1
    outer loop
      vertex -17.5 -37.5 0.25
      vertex -15.788791569515574 -36.92690937901484 0.25
      vertex -16.76776695296637 -35.73223304703363 0.25
    endloop
  endfacet
  facet normal 0 0 1
    outer loop
      vertex -16.76776695296637 -35.73223304703363 0.25
      vertex -15.788791569515574 -36.92690937901484 0.25
      vertex -15 -35 0.25
    endloop
  endfacet
  facet normal 0 0 1
    outer loop
      vertex -14.025 -37.5 0.25
      vertex -12.5 -37.5 0.25
      vertex -14.698708430484427 -36.57271989661223 0.25
    endloop
  endfacet
  facet normal 0 0 1
    outer loop
      vertex -14.698708430484427 -36.57271989661223 0.25
      vertex -15 -35 0.25
      vertex -15.788791569515574 -36.92690937901484 0.25
    endloop
  endfacet
  facet normal 0 0 1
    outer loop
      vertex -13.232233047033631 -35.73223304703363 0.25
      vertex -14.698708430484427 -36.57271989661223 0.25
      vertex -12.5 -37.5 0.25
    endloop
  endfacet
  facet normal 0 0 1
    outer loop
      vertex -14.698708430484427 -36.57271989661223 0.25
      vertex -13.232233047033631 -35.73223304703363 0.25
      vertex -15 -35 0.25
    endloop
  endfacet
  facet normal 0 0 1
    outer loop
      vertex -14.025 -37.5 0.25
      vertex -13.232233047033631 -39.26776695296637 0.25
      vertex -12.5 -37.5 0.25
    endloop
  endfacet
  facet normal 0 0 1
    outer loop
      vertex 6.232233047033631 -31.76776695296637 0.25
      vertex 7.211208430484426 -30.573090620985163 0.25
      vertex 5.5 -30 0.25
    endloop
  endfacet
  facet normal 0 0 1
    outer loop
      vertex 8 -32.5 0.25
      vertex 8.301291569515573 -30.927280103387776 0.25
      vertex 6.232233047033631 -31.76776695296637 0.25
    endloop
  endfacet
  facet normal 0 0 1
    outer loop
      vertex 7.211208430484426 -30.573090620985163 0.25
      vertex 6.232233047033631 -31.76776695296637 0.25
      vertex 8.301291569515573 -30.927280103387776 0.25
    endloop
  endfacet
  facet normal 0 0 1
    outer loop
      vertex 5.5 -30 0.25
      vertex 7.211208430484426 -30.573090620985163 0.25
      vertex 6.232233047033631 -28.23223304703363 0.25
    endloop
  endfacet
  facet normal 0 0 1
    outer loop
      vertex 7.211208430484426 -30.573090620985163 0.25
      vertex 7.211208430484426 -29.426909379014837 0.25
      vertex 6.232233047033631 -28.23223304703363 0.25
    endloop
  endfacet
  facet normal 0 0 1
    outer loop
      vertex 7.211208430484426 -29.426909379014837 0.25
      vertex 8 -27.5 0.25
      vertex 6.232233047033631 -28.23223304703363 0.25
    endloop
  endfacet
  facet normal 0 0 1
    outer loop
      vertex 8.301291569515573 -29.072719896612224 0.25
      vertex 8 -27.5 0.25
      vertex 7.211208430484426 -29.426909379014837 0.25
    endloop
  endfacet
  facet normal 0 0 1
    outer loop
      vertex 9.767766952966369 -31.76776695296637 0.25
      vertex 8.301291569515573 -30.927280103387776 0.25
      vertex 8 -32.5 0.25
    endloop
  endfacet
  facet normal 0 0 1
    outer loop
      vertex 9.767766952966369 -31.76776695296637 0.25
      vertex 8.975 -30 0.25
      vertex 8.301291569515573 -30.927280103387776 0.25
    endloop
  endfacet
  facet normal 0 0 1
    outer loop
      vertex 10.5 -30 0.25
      vertex 8.975 -30 0.25
      vertex 9.767766952966369 -31.76776695296637 0.25
    endloop
  endfacet
  facet normal 0 0 1
    outer loop
      vertex 8.975 -30 0.25
      vertex 10.5 -30 0.25
      vertex 8.301291569515573 -29.072719896612224 0.25
    endloop
  endfacet
  facet normal 0 0 1
    outer loop
      vertex 9.767766952966369 -28.23223304703363 0.25
      vertex 8.301291569515573 -29.072719896612224 0.25
      vertex 10.5 -30 0.25
    endloop
  endfacet
  facet normal 0 0 1
    outer loop
      vertex 8.301291569515573 -29.072719896612224 0.25
      vertex 9.767766952966369 -28.23223304703363 0.25
      vertex 8 -27.5 0.25
    endloop
  endfacet
  facet normal 0 0 1
    outer loop
      vertex -52.16477339296982 23.301712612120358 0.25
      vertex -52.16477339296982 -37.301712612120355 0.25
      vertex -50.5 -32.621320343559645 0.25
    endloop
  endfacet
  facet normal 0 0 1
    outer loop
      vertex -50.5 18.621320343559642 0.25
      vertex -52.16477339296982 23.301712612120358 0.25
      vertex -50.5 -32.621320343559645 0.25
    endloop
  endfacet
  facet normal 0 0 1
    outer loop
      vertex -50.5 18.621320343559642 0.25
      vertex -49 18 0.25
      vertex -48.69870843048442 19.572719896612224 0.25
    endloop
  endfacet
  facet normal 0 0 1
    outer loop
      vertex -47.23223304703363 18.73223304703363 0.25
      vertex -48.69870843048442 19.572719896612224 0.25
      vertex -49 18 0.25
    endloop
  endfacet
  facet normal 0 0 1
    outer loop
      vertex -50.5 18.621320343559642 0.25
      vertex -49.788791569515574 19.926909379014837 0.25
      vertex -52.16477339296982 23.301712612120358 0.25
    endloop
  endfacet
  facet normal 0 0 1
    outer loop
      vertex -49.788791569515574 21.073090620985163 0.25
      vertex -52.16477339296982 23.301712612120358 0.25
      vertex -49.788791569515574 19.926909379014837 0.25
    endloop
  endfacet
  facet normal 0 0 1
    outer loop
      vertex -50.5 18.621320343559642 0.25
      vertex -48.69870843048442 19.572719896612224 0.25
      vertex -49.788791569515574 19.926909379014837 0.25
    endloop
  endfacet
  facet normal 0 0 1
    outer loop
      vertex -47.23223304703363 18.73223304703363 0.25
      vertex -48.025 20.5 0.25
      vertex -48.69870843048442 19.572719896612224 0.25
    endloop
  endfacet
  facet normal 0 0 1
    outer loop
      vertex -49.788791569515574 21.073090620985163 0.25
      vertex -49.72389166444496 22.700154254898063 0.25
      vertex -50.5 22.378679656440358 0.25
    endloop
  endfacet
  facet normal 0 0 1
    outer loop
      vertex -48.69870843048442 21.427280103387776 0.25
      vertex -49.72389166444496 22.700154254898063 0.25
      vertex -49.788791569515574 21.073090620985163 0.25
    endloop
  endfacet
  facet normal 0 0 1
    outer loop
      vertex -48.69870843048442 21.427280103387776 0.25
      vertex -47.23223304703363 22.26776695296637 0.25
      vertex -49.72389166444496 22.700154254898063 0.25
    endloop
  endfacet
  facet normal 0 0 1
    outer loop
      vertex -50.5 22.5 0.25
      vertex -50.91116507287507 24.301431887477495 0.25
      vertex -52.16477339296982 23.301712612120358 0.25
    endloop
  endfacet
  facet normal 0 0 1
    outer loop
      vertex -49.788791569515574 21.073090620985163 0.25
      vertex -50.5 22.378679656440358 0.25
      vertex -52.16477339296982 23.301712612120358 0.25
    endloop
  endfacet
  facet normal 0 0 1
    outer loop
      vertex -50.5 22.5 0.25
      vertex -52.16477339296982 23.301712612120358 0.25
      vertex -50.5 22.378679656440358 0.25
    endloop
  endfacet
  facet normal 0 0 1
    outer loop
      vertex -49.72389166444496 22.700154254898063 0.25
      vertex -50.91116507287507 24.301431887477495 0.25
      vertex -50.5 22.5 0.25
    endloop
  endfacet
  facet normal 0 0 1
    outer loop
      vertex -49.72389166444496 22.700154254898063 0.25
      vertex -48.83163740873336 22.93026193130108 0.25
      vertex -50.91116507287507 24.301431887477495 0.25
    endloop
  endfacet
  facet normal 0 0 1
    outer loop
      vertex -49.72389166444496 22.700154254898063 0.25
      vertex -47.23223304703363 22.26776695296637 0.25
      vertex -48.83163740873336 22.93026193130108 0.25
    endloop
  endfacet
  facet normal 0 0 1
    outer loop
      vertex -48.025 20.5 0.25
      vertex -47.23223304703363 18.73223304703363 0.25
      vertex -46.5 20.5 0.25
    endloop
  endfacet
  facet normal 0 0 1
    outer loop
      vertex -48.025 20.5 0.25
      vertex -46.5 20.5 0.25
      vertex -48.69870843048442 21.427280103387776 0.25
    endloop
  endfacet
  facet normal 0 0 1
    outer loop
      vertex -47.23223304703363 22.26776695296637 0.25
      vertex -48.69870843048442 21.427280103387776 0.25
      vertex -46.5 20.5 0.25
    endloop
  endfacet
  facet normal 0 0 1
    outer loop
      vertex -48.83163740873336 22.93026193130108 0.25
      vertex -31.911165072875068 29.20143188598738 0.25
      vertex -50.91116507287507 24.301431887477495 0.25
    endloop
  endfacet
  facet normal 0 0 1
    outer loop
      vertex -31.5 27.399999998509884 0.25
      vertex -31.911165072875068 29.20143188598738 0.25
      vertex -48.83163740873336 22.93026193130108 0.25
    endloop
  endfacet
  facet normal 0 0 1
    outer loop
      vertex -31.5 27.399999998509884 0.25
      vertex -12.91116507287507 31.301431887477495 0.25
      vertex -31.911165072875068 29.20143188598738 0.25
    endloop
  endfacet
  facet normal 0 0 1
    outer loop
      vertex -13.944825954476059 29.34030871018144 0.25
      vertex -12.91116507287507 31.301431887477495 0.25
      vertex -31.5 27.399999998509884 0.25
    endloop
  endfacet
  facet normal 0 0 1
    outer loop
      vertex -13.767766952966369 26.23223304703363 0.25
      vertex -12.788791569515574 27.426909379014837 0.25
      vertex -14.5 28 0.25
    endloop
  endfacet
  facet normal 0 0 1
    outer loop
      vertex -13.944825954476059 29.34030871018144 0.25
      vertex -14.5 28 0.25
      vertex -12.788791569515574 27.426909379014837 0.25
    endloop
  endfacet
  facet normal 0 0 1
    outer loop
      vertex -12 25.5 0.25
      vertex -11.698708430484427 27.072719896612224 0.25
      vertex -13.767766952966369 26.23223304703363 0.25
    endloop
  endfacet
  facet normal 0 0 1
    outer loop
      vertex -12.788791569515574 27.426909379014837 0.25
      vertex -13.767766952966369 26.23223304703363 0.25
      vertex -11.698708430484427 27.072719896612224 0.25
    endloop
  endfacet
  facet normal 0 0 1
    outer loop
      vertex -10.232233047033631 26.23223304703363 0.25
      vertex -11.698708430484427 27.072719896612224 0.25
      vertex -12 25.5 0.25
    endloop
  endfacet
  facet normal 0 0 1
    outer loop
      vertex -13.944825954476059 29.34030871018144 0.25
      vertex -12.788791569515574 27.426909379014837 0.25
      vertex -12.788791569515574 28.573090620985163 0.25
    endloop
  endfacet
  facet normal 0 0 1
    outer loop
      vertex -10.232233047033631 26.23223304703363 0.25
      vertex -11.025 28 0.25
      vertex -11.698708430484427 27.072719896612224 0.25
    endloop
  endfacet
  facet normal 0 0 1
    outer loop
      vertex -9.5 28 0.25
      vertex -11.025 28 0.25
      vertex -10.232233047033631 26.23223304703363 0.25
    endloop
  endfacet
  facet normal 0 0 1
    outer loop
      vertex -11.025 28 0.25
      vertex -9.5 28 0.25
      vertex -10.129435384997787 29.51959144309919 0.25
    endloop
  endfacet
  facet normal 0 0 1
    outer loop
      vertex -13.944825954476059 29.34030871018144 0.25
      vertex -12.788791569515574 28.573090620985163 0.25
      vertex -12.91116507287507 31.301431887477495 0.25
    endloop
  endfacet
  facet normal 0 0 1
    outer loop
      vertex -11.698708430484427 28.927280103387776 0.25
      vertex -12.91116507287507 31.301431887477495 0.25
      vertex -12.788791569515574 28.573090620985163 0.25
    endloop
  endfacet
  facet normal 0 0 1
    outer loop
      vertex -10.129435384997787 29.51959144309919 0.25
      vertex -12.91116507287507 31.301431887477495 0.25
      vertex -11.698708430484427 28.927280103387776 0.25
    endloop
  endfacet
  facet normal 0 0 1
    outer loop
      vertex -11.025 28 0.25
      vertex -10.129435384997787 29.51959144309919 0.25
      vertex -11.698708430484427 28.927280103387776 0.25
    endloop
  endfacet
  facet normal 0 0 1
    outer loop
      vertex -10.129435384997787 29.51959144309919 0.25
      vertex 47.58883492712493 31.801431887477495 0.25
      vertex -12.91116507287507 31.301431887477495 0.25
    endloop
  endfacet
  facet normal 0 0 1
    outer loop
      vertex 11.246003308710762 -51.836105892078876 0.25
      vertex 59.94328195447108 -68.47650661631063 0.25
      vertex 18.681812148922685 -52.717584160925476 0.25
    endloop
  endfacet
  facet normal 0 0 1
    outer loop
      vertex 15.99321820671935 -51.69073408387119 0.25
      vertex 18.301291569515573 -51.42728010338777 0.25
      vertex 17.211208430484426 -51.07309062098516 0.25
    endloop
  endfacet
  facet normal 0 0 1
    outer loop
      vertex 15.99321820671935 -51.69073408387119 0.25
      vertex 18.681812148922685 -52.717584160925476 0.25
      vertex 18.301291569515573 -51.42728010338777 0.25
    endloop
  endfacet
  facet normal 0 0 1
    outer loop
      vertex 18.681812148922685 -52.717584160925476 0.25
      vertex 18.975 -50.5 0.25
      vertex 18.301291569515573 -51.42728010338777 0.25
    endloop
  endfacet
  facet normal 0 0 1
    outer loop
      vertex 18.681812148922685 -52.717584160925476 0.25
      vertex 19.76776695296637 -52.26776695296637 0.25
      vertex 18.975 -50.5 0.25
    endloop
  endfacet
  facet normal 0 0 1
    outer loop
      vertex 16.23223304703363 -48.73223304703363 0.25
      vertex 17.211208430484426 -49.92690937901484 0.25
      vertex 18 -48 0.25
    endloop
  endfacet
  facet normal 0 0 1
    outer loop
      vertex 18 -48 0.25
      vertex 17.211208430484426 -49.92690937901484 0.25
      vertex 18.301291569515573 -49.57271989661223 0.25
    endloop
  endfacet
  facet normal 0 0 1
    outer loop
      vertex 18 -48 0.25
      vertex 18.301291569515573 -49.57271989661223 0.25
      vertex 19.76776695296637 -48.73223304703363 0.25
    endloop
  endfacet
  facet normal 0 0 1
    outer loop
      vertex 20.5 -50.5 0.25
      vertex 18.975 -50.5 0.25
      vertex 19.76776695296637 -52.26776695296637 0.25
    endloop
  endfacet
  facet normal 0 0 1
    outer loop
      vertex 18.975 -50.5 0.25
      vertex 20.5 -50.5 0.25
      vertex 18.301291569515573 -49.57271989661223 0.25
    endloop
  endfacet
  facet normal 0 0 1
    outer loop
      vertex 19.76776695296637 -48.73223304703363 0.25
      vertex 18.301291569515573 -49.57271989661223 0.25
      vertex 20.5 -50.5 0.25
    endloop
  endfacet
  facet normal 0 0 1
    outer loop
      vertex 60.00230003956951 -68.49904729241632 0.25
      vertex 11.246003308710762 -51.836105892078876 0.25
      vertex 59.91737881366725 -70.4250809333025 0.25
    endloop
  endfacet
  facet normal 0 0 1
    outer loop
      vertex 59.94328195447108 -68.47650661631063 0.25
      vertex 11.246003308710762 -51.836105892078876 0.25
      vertex 60.00230003956951 -68.49904729241632 0.25
    endloop
  endfacet
  facet normal 0 0 1
    outer loop
      vertex 40 -35 0.25
      vertex 40.30129156951558 -33.42728010338777 0.25
      vertex 38.23223304703363 -34.26776695296637 0.25
    endloop
  endfacet
  facet normal 0 0 1
    outer loop
      vertex 38.23223304703363 -34.26776695296637 0.25
      vertex 39.211208430484426 -33.07309062098516 0.25
      vertex 37.5 -32.5 0.25
    endloop
  endfacet
  facet normal 0 0 1
    outer loop
      vertex 39.211208430484426 -33.07309062098516 0.25
      vertex 38.23223304703363 -34.26776695296637 0.25
      vertex 40.30129156951558 -33.42728010338777 0.25
    endloop
  endfacet
  facet normal 0 0 1
    outer loop
      vertex 39.211208430484426 -33.07309062098516 0.25
      vertex 38.23223304703363 -30.73223304703363 0.25
      vertex 37.5 -32.5 0.25
    endloop
  endfacet
  facet normal 0 0 1
    outer loop
      vertex 41.76776695296637 -34.26776695296637 0.25
      vertex 40.30129156951558 -33.42728010338777 0.25
      vertex 40 -35 0.25
    endloop
  endfacet
  facet normal 0 0 1
    outer loop
      vertex 41.76776695296637 -34.26776695296637 0.25
      vertex 40.975 -32.5 0.25
      vertex 40.30129156951558 -33.42728010338777 0.25
    endloop
  endfacet
  facet normal 0 0 1
    outer loop
      vertex 40.975 -32.5 0.25
      vertex 42.5 -32.5 0.25
      vertex 40.30129156951558 -31.572719896612224 0.25
    endloop
  endfacet
  facet normal 0 0 1
    outer loop
      vertex 42.5 -32.5 0.25
      vertex 40.975 -32.5 0.25
      vertex 41.76776695296637 -34.26776695296637 0.25
    endloop
  endfacet
  facet normal 0 0 1
    outer loop
      vertex 39.211208430484426 -33.07309062098516 0.25
      vertex 39.211208430484426 -31.926909379014837 0.25
      vertex 38.23223304703363 -30.73223304703363 0.25
    endloop
  endfacet
  facet normal 0 0 1
    outer loop
      vertex 38.23223304703363 -30.73223304703363 0.25
      vertex 39.211208430484426 -31.926909379014837 0.25
      vertex 40 -30 0.25
    endloop
  endfacet
  facet normal 0 0 1
    outer loop
      vertex 40 -30 0.25
      vertex 39.211208430484426 -31.926909379014837 0.25
      vertex 40.30129156951558 -31.572719896612224 0.25
    endloop
  endfacet
  facet normal 0 0 1
    outer loop
      vertex 40 -30 0.25
      vertex 40.30129156951558 -31.572719896612224 0.25
      vertex 41.76776695296637 -30.73223304703363 0.25
    endloop
  endfacet
  facet normal 0 0 1
    outer loop
      vertex 41.76776695296637 -30.73223304703363 0.25
      vertex 40.30129156951558 -31.572719896612224 0.25
      vertex 42.5 -32.5 0.25
    endloop
  endfacet
  facet normal 0 0 1
    outer loop
      vertex 59.94328195447108 -68.47650661631063 0.25
      vertex 60.30129156951558 -66.92728010338777 0.25
      vertex 58.23223304703363 -67.76776695296637 0.25
    endloop
  endfacet
  facet normal 0 0 1
    outer loop
      vertex 58.23223304703363 -67.76776695296637 0.25
      vertex 59.211208430484426 -66.57309062098516 0.25
      vertex 57.5 -66 0.25
    endloop
  endfacet
  facet normal 0 0 1
    outer loop
      vertex 57.5 -66 0.25
      vertex 59.211208430484426 -66.57309062098516 0.25
      vertex 59.211208430484426 -65.42690937901484 0.25
    endloop
  endfacet
  facet normal 0 0 1
    outer loop
      vertex 59.211208430484426 -66.57309062098516 0.25
      vertex 58.23223304703363 -67.76776695296637 0.25
      vertex 60.30129156951558 -66.92728010338777 0.25
    endloop
  endfacet
  facet normal 0 0 1
    outer loop
      vertex 57.5 -66 0.25
      vertex 59.211208430484426 -65.42690937901484 0.25
      vertex 58.23223304703363 -64.23223304703363 0.25
    endloop
  endfacet
  facet normal 0 0 1
    outer loop
      vertex 59.211208430484426 -65.42690937901484 0.25
      vertex 60 -63.5 0.25
      vertex 58.23223304703363 -64.23223304703363 0.25
    endloop
  endfacet
  facet normal 0 0 1
    outer loop
      vertex 60.32854388654232 -68.623649045825 0.25
      vertex 59.91737881366725 -70.4250809333025 0.25
      vertex 61.48060281987593 -70.06828525487535 0.25
    endloop
  endfacet
  facet normal 0 0 1
    outer loop
      vertex 60.00230003956951 -68.49904729241632 0.25
      vertex 59.91737881366725 -70.4250809333025 0.25
      vertex 60.32854388654232 -68.623649045825 0.25
    endloop
  endfacet
  facet normal 0 0 1
    outer loop
      vertex 60.32854388654232 -68.623649045825 0.25
      vertex 61.48060281987593 -70.06828525487535 0.25
      vertex 60.58471072329887 -68.25780488834462 0.25
    endloop
  endfacet
  facet normal 0 0 1
    outer loop
      vertex 59.94328195447108 -68.47650661631063 0.25
      vertex 60.00230003956951 -68.49904729241632 0.25
      vertex 60.30129156951558 -66.92728010338777 0.25
    endloop
  endfacet
  facet normal 0 0 1
    outer loop
      vertex 60.00230003956951 -68.49904729241632 0.25
      vertex 60.58471072329887 -68.25780488834462 0.25
      vertex 60.30129156951558 -66.92728010338777 0.25
    endloop
  endfacet
  facet normal 0 0 1
    outer loop
      vertex 60.975 -66 0.25
      vertex 60.58471072329887 -68.25780488834462 0.25
      vertex 61.48060281987593 -70.06828525487535 0.25
    endloop
  endfacet
  facet normal 0 0 1
    outer loop
      vertex 60.975 -66 0.25
      vertex 61.48060281987593 -70.06828525487535 0.25
      vertex 62.37572442959064 -65.69997223244607 0.25
    endloop
  endfacet
  facet normal 0 0 1
    outer loop
      vertex 60.30129156951558 -66.92728010338777 0.25
      vertex 60.58471072329887 -68.25780488834462 0.25
      vertex 60.975 -66 0.25
    endloop
  endfacet
  facet normal 0 0 1
    outer loop
      vertex 60.30129156951558 -65.07271989661223 0.25
      vertex 60 -63.5 0.25
      vertex 59.211208430484426 -65.42690937901484 0.25
    endloop
  endfacet
  facet normal 0 0 1
    outer loop
      vertex 60.30129156951558 -65.07271989661223 0.25
      vertex 61.76776695296637 -64.23223304703363 0.25
      vertex 60 -63.5 0.25
    endloop
  endfacet
  facet normal 0 0 1
    outer loop
      vertex 60.975 -66 0.25
      vertex 62.37572442959064 -65.69997223244607 0.25
      vertex 60.30129156951558 -65.07271989661223 0.25
    endloop
  endfacet
  facet normal 0 0 1
    outer loop
      vertex 61.76776695296637 -64.23223304703363 0.25
      vertex 60.30129156951558 -65.07271989661223 0.25
      vertex 62.37572442959064 -65.69997223244607 0.25
    endloop
  endfacet
  facet normal 0 0 1
    outer loop
      vertex 62.37572442959064 -65.69997223244607 0.25
      vertex 61.48060281987593 -70.06828525487535 0.25
      vertex 72.373649045825 -51.42145611345768 0.25
    endloop
  endfacet
  facet normal 0 0 1
    outer loop
      vertex 73.52570797915861 -52.86609232250802 0.25
      vertex 72.373649045825 -51.42145611345768 0.25
      vertex 61.48060281987593 -70.06828525487535 0.25
    endloop
  endfacet
  facet normal 0 0 1
    outer loop
      vertex 72.373649045825 -51.42145611345768 0.25
      vertex 73.52570797915861 -52.86609232250802 0.25
      vertex 73.53688417306354 -52.842884716732186 0.25
    endloop
  endfacet
  facet normal 0 0 1
    outer loop
      vertex 72.373649045825 -51.42145611345768 0.25
      vertex 73.53688417306354 -52.842884716732186 0.25
      vertex 81.89913223082922 -37.810409948098375 0.25
    endloop
  endfacet
  facet normal 0 0 1
    outer loop
      vertex 72.373649045825 -51.42145611345768 0.25
      vertex 81.89913223082922 -37.810409948098375 0.25
      vertex 72.3702715113759 -51.419033385813236 0.25
    endloop
  endfacet
  facet normal 0 0 1
    outer loop
      vertex 58.73223304703363 -20.76776695296637 0.25
      vertex 59.711208430484426 -19.573090620985163 0.25
      vertex 58 -19 0.25
    endloop
  endfacet
  facet normal 0 0 1
    outer loop
      vertex 59.711208430484426 -19.573090620985163 0.25
      vertex 58.73223304703363 -20.76776695296637 0.25
      vertex 60.80129156951558 -19.927280103387776 0.25
    endloop
  endfacet
  facet normal 0 0 1
    outer loop
      vertex 60.5 -21.5 0.25
      vertex 60.80129156951558 -19.927280103387776 0.25
      vertex 58.73223304703363 -20.76776695296637 0.25
    endloop
  endfacet
  facet normal 0 0 1
    outer loop
      vertex 62.26776695296637 -20.76776695296637 0.25
      vertex 60.80129156951558 -19.927280103387776 0.25
      vertex 60.5 -21.5 0.25
    endloop
  endfacet
  facet normal 0 0 1
    outer loop
      vertex 62.26776695296637 -20.76776695296637 0.25
      vertex 61.475 -19 0.25
      vertex 60.80129156951558 -19.927280103387776 0.25
    endloop
  endfacet
  facet normal 0 0 1
    outer loop
      vertex 62.26776695296637 -20.76776695296637 0.25
      vertex 62.501322544332105 -20.203913876723142 0.25
      vertex 61.475 -19 0.25
    endloop
  endfacet
  facet normal 0 0 1
    outer loop
      vertex 62.501322544332105 -20.203913876723142 0.25
      vertex 63.90676182136356 -18.936696494420783 0.25
      vertex 61.475 -19 0.25
    endloop
  endfacet
  facet normal 0 0 1
    outer loop
      vertex 62.501322544332105 -20.203913876723142 0.25
      vertex 68.6130280883892 -24.4833761713547 0.25
      vertex 69.67080086699907 -22.972720085996947 0.25
    endloop
  endfacet
  facet normal 0 0 1
    outer loop
      vertex 62.501322544332105 -20.203913876723142 0.25
      vertex 69.67080086699907 -22.972720085996947 0.25
      vertex 63.90676182136356 -18.936696494420783 0.25
    endloop
  endfacet
  facet normal 0 0 1
    outer loop
      vertex 73.53688417306354 -52.842884716732186 0.25
      vertex 84.94185436184809 -36.55489928100459 0.25
      vertex 81.89913223082922 -37.810409948098375 0.25
    endloop
  endfacet
  facet normal 0 0 1
    outer loop
      vertex 81.2 -38.1 0.25
      vertex 81.50129156951557 -36.527280103387774 0.25
      vertex 79.43223304703363 -37.36776695296637 0.25
    endloop
  endfacet
  facet normal 0 0 1
    outer loop
      vertex 79.43223304703363 -37.36776695296637 0.25
      vertex 80.41120843048444 -36.173090620985164 0.25
      vertex 78.7 -35.6 0.25
    endloop
  endfacet
  facet normal 0 0 1
    outer loop
      vertex 80.41120843048444 -36.173090620985164 0.25
      vertex 80.41120843048444 -35.02690937901484 0.25
      vertex 78.7 -35.6 0.25
    endloop
  endfacet
  facet normal 0 0 1
    outer loop
      vertex 80.41120843048444 -36.173090620985164 0.25
      vertex 79.43223304703363 -37.36776695296637 0.25
      vertex 81.50129156951557 -36.527280103387774 0.25
    endloop
  endfacet
  facet normal 0 0 1
    outer loop
      vertex 78.7 -35.6 0.25
      vertex 80.41120843048444 -35.02690937901484 0.25
      vertex 79.43223304703363 -33.83223304703363 0.25
    endloop
  endfacet
  facet normal 0 0 1
    outer loop
      vertex 79.43223304703363 -33.83223304703363 0.25
      vertex 80.41120843048444 -35.02690937901484 0.25
      vertex 81.02334434464076 -33.17317316831971 0.25
    endloop
  endfacet
  facet normal 0 0 1
    outer loop
      vertex 81.50129156951557 -34.67271989661223 0.25
      vertex 81.02334434464076 -33.17317316831971 0.25
      vertex 80.41120843048444 -35.02690937901484 0.25
    endloop
  endfacet
  facet normal 0 0 1
    outer loop
      vertex 81.2 -38.1 0.25
      vertex 81.89913223082922 -37.810409948098375 0.25
      vertex 81.50129156951557 -36.527280103387774 0.25
    endloop
  endfacet
  facet normal 0 0 1
    outer loop
      vertex 81.50129156951557 -36.527280103387774 0.25
      vertex 81.89913223082922 -37.810409948098375 0.25
      vertex 84.94185436184809 -36.55489928100459 0.25
    endloop
  endfacet
  facet normal 0 0 1
    outer loop
      vertex 81.50129156951557 -36.527280103387774 0.25
      vertex 84.94185436184809 -36.55489928100459 0.25
      vertex 82.175 -35.6 0.25
    endloop
  endfacet
  facet normal 0 0 1
    outer loop
      vertex 83.6059183370961 -35.372866773446766 0.25
      vertex 82.175 -35.6 0.25
      vertex 84.94185436184809 -36.55489928100459 0.25
    endloop
  endfacet
  facet normal 0 0 1
    outer loop
      vertex 83.6059183370961 -35.372866773446766 0.25
      vertex 84.94185436184809 -36.55489928100459 0.25
      vertex 83.78979542851448 -35.11026307195425 0.25
    endloop
  endfacet
  facet normal 0 0 1
    outer loop
      vertex 83.78979542851448 -35.11026307195425 0.25
      vertex 84.94185436184809 -36.55489928100459 0.25
      vertex 85.63755449353705 -35.11026307195425 0.25
    endloop
  endfacet
  facet normal 0 0 1
    outer loop
      vertex 82.175 -35.6 0.25
      vertex 83.37759018562953 -34.82163385350459 0.25
      vertex 81.50129156951557 -34.67271989661223 0.25
    endloop
  endfacet
  facet normal 0 0 1
    outer loop
      vertex 81.50129156951557 -34.67271989661223 0.25
      vertex 83.37759018562953 -34.82163385350459 0.25
      vertex 81.02334434464076 -33.17317316831971 0.25
    endloop
  endfacet
  facet normal 0 0 1
    outer loop
      vertex 82.175 -35.6 0.25
      vertex 83.6059183370961 -35.372866773446766 0.25
      vertex 83.37759018562953 -34.82163385350459 0.25
    endloop
  endfacet
  facet normal 0 0 1
    outer loop
      vertex 84.94185436184809 -33.66562686290391 0.25
      vertex 81.02334434464076 -33.17317316831971 0.25
      vertex 83.37759018562953 -34.82163385350459 0.25
    endloop
  endfacet
  facet normal 0 0 1
    outer loop
      vertex 83.78979542851448 -35.11026307195425 0.25
      vertex 84.94185436184809 -33.66562686290391 0.25
      vertex 83.37759018562953 -34.82163385350459 0.25
    endloop
  endfacet
  facet normal 0 0 1
    outer loop
      vertex 83.78979542851448 -35.11026307195425 0.25
      vertex 85.63755449353705 -35.11026307195425 0.25
      vertex 84.94185436184809 -33.66562686290391 0.25
    endloop
  endfacet
  facet normal 0 0 1
    outer loop
      vertex 75.56999121969554 -29.354694200495885 0.25
      vertex 84.94185436184809 -33.66562686290391 0.25
      vertex 76.62776399830541 -27.844038115138133 0.25
    endloop
  endfacet
  facet normal 0 0 1
    outer loop
      vertex 75.56999121969554 -29.354694200495885 0.25
      vertex 81.02334434464076 -33.17317316831971 0.25
      vertex 84.94185436184809 -33.66562686290391 0.25
    endloop
  endfacet
  facet normal 0 0 1
    outer loop
      vertex 20.73223304703363 26.23223304703363 0.25
      vertex 21.711208430484426 27.426909379014837 0.25
      vertex 20 28 0.25
    endloop
  endfacet
  facet normal 0 0 1
    outer loop
      vertex 20 28 0.25
      vertex 21.711208430484426 27.426909379014837 0.25
      vertex 20.73223304703363 29.76776695296637 0.25
    endloop
  endfacet
  facet normal 0 0 1
    outer loop
      vertex 20.74918000207984 29.774786611587437 0.25
      vertex 47.58883492712493 31.801431887477495 0.25
      vertex -10.129435384997787 29.51959144309919 0.25
    endloop
  endfacet
  facet normal 0 0 1
    outer loop
      vertex 22.5 25.5 0.25
      vertex 22.801291569515573 27.072719896612224 0.25
      vertex 20.73223304703363 26.23223304703363 0.25
    endloop
  endfacet
  facet normal 0 0 1
    outer loop
      vertex 21.711208430484426 27.426909379014837 0.25
      vertex 20.73223304703363 26.23223304703363 0.25
      vertex 22.801291569515573 27.072719896612224 0.25
    endloop
  endfacet
  facet normal 0 0 1
    outer loop
      vertex 24.26776695296637 26.23223304703363 0.25
      vertex 22.801291569515573 27.072719896612224 0.25
      vertex 22.5 25.5 0.25
    endloop
  endfacet
  facet normal 0 0 1
    outer loop
      vertex 21.711208430484426 28.573090620985163 0.25
      vertex 20.73223304703363 29.76776695296637 0.25
      vertex 21.711208430484426 27.426909379014837 0.25
    endloop
  endfacet
  facet normal 0 0 1
    outer loop
      vertex 24.26776695296637 26.23223304703363 0.25
      vertex 23.475 28 0.25
      vertex 22.801291569515573 27.072719896612224 0.25
    endloop
  endfacet
  facet normal 0 0 1
    outer loop
      vertex 25 28 0.25
      vertex 23.475 28 0.25
      vertex 24.26776695296637 26.23223304703363 0.25
    endloop
  endfacet
  facet normal 0 0 1
    outer loop
      vertex 23.475 28 0.25
      vertex 25 28 0.25
      vertex 22.801291569515573 28.927280103387776 0.25
    endloop
  endfacet
  facet normal 0 0 1
    outer loop
      vertex 20.74918000207984 29.774786611587437 0.25
      vertex 20.73223304703363 29.76776695296637 0.25
      vertex 21.711208430484426 28.573090620985163 0.25
    endloop
  endfacet
  facet normal 0 0 1
    outer loop
      vertex 20.74918000207984 29.774786611587437 0.25
      vertex 21.711208430484426 28.573090620985163 0.25
      vertex 22.801291569515573 28.927280103387776 0.25
    endloop
  endfacet
  facet normal 0 0 1
    outer loop
      vertex 20.74918000207984 29.774786611587437 0.25
      vertex 22.801291569515573 28.927280103387776 0.25
      vertex 24.182321349956617 29.803159680578155 0.25
    endloop
  endfacet
  facet normal 0 0 1
    outer loop
      vertex 24.26776695296637 29.76776695296637 0.25
      vertex 22.801291569515573 28.927280103387776 0.25
      vertex 25 28 0.25
    endloop
  endfacet
  facet normal 0 0 1
    outer loop
      vertex 24.26776695296637 29.76776695296637 0.25
      vertex 24.182321349956617 29.803159680578155 0.25
      vertex 22.801291569515573 28.927280103387776 0.25
    endloop
  endfacet
  facet normal 0 0 1
    outer loop
      vertex 20.74918000207984 29.774786611587437 0.25
      vertex 24.182321349956617 29.803159680578155 0.25
      vertex 47.58883492712493 31.801431887477495 0.25
    endloop
  endfacet
  facet normal 0 0 1
    outer loop
      vertex 47.58883492712493 31.801431887477495 0.25
      vertex 24.182321349956617 29.803159680578155 0.25
      vertex 40.59597449413248 29.938809706563077 0.25
    endloop
  endfacet
  facet normal 0 0 1
    outer loop
      vertex 42.5 26 0.25
      vertex 42.80129156951558 27.572719896612224 0.25
      vertex 40.73223304703363 26.73223304703363 0.25
    endloop
  endfacet
  facet normal 0 0 1
    outer loop
      vertex 40.73223304703363 26.73223304703363 0.25
      vertex 41.711208430484426 27.926909379014837 0.25
      vertex 40 28.5 0.25
    endloop
  endfacet
  facet normal 0 0 1
    outer loop
      vertex 41.711208430484426 27.926909379014837 0.25
      vertex 40.73223304703363 26.73223304703363 0.25
      vertex 42.80129156951558 27.572719896612224 0.25
    endloop
  endfacet
  facet normal 0 0 1
    outer loop
      vertex 40 28.5 0.25
      vertex 41.711208430484426 27.926909379014837 0.25
      vertex 40.59597449413248 29.938809706563077 0.25
    endloop
  endfacet
  facet normal 0 0 1
    outer loop
      vertex 41.711208430484426 29.073090620985163 0.25
      vertex 40.59597449413248 29.938809706563077 0.25
      vertex 41.711208430484426 27.926909379014837 0.25
    endloop
  endfacet
  facet normal 0 0 1
    outer loop
      vertex 40.59597449413248 29.938809706563077 0.25
      vertex 41.711208430484426 29.073090620985163 0.25
      vertex 42.80129156951558 29.427280103387776 0.25
    endloop
  endfacet
  facet normal 0 0 1
    outer loop
      vertex 44.26776695296637 26.73223304703363 0.25
      vertex 42.80129156951558 27.572719896612224 0.25
      vertex 42.5 26 0.25
    endloop
  endfacet
  facet normal 0 0 1
    outer loop
      vertex 44.26776695296637 26.73223304703363 0.25
      vertex 43.475 28.5 0.25
      vertex 42.80129156951558 27.572719896612224 0.25
    endloop
  endfacet
  facet normal 0 0 1
    outer loop
      vertex 45 28.5 0.25
      vertex 43.475 28.5 0.25
      vertex 44.26776695296637 26.73223304703363 0.25
    endloop
  endfacet
  facet normal 0 0 1
    outer loop
      vertex 40.59597449413248 29.938809706563077 0.25
      vertex 42.80129156951558 29.427280103387776 0.25
      vertex 44.39103405841677 29.970173835193528 0.25
    endloop
  endfacet
  facet normal 0 0 1
    outer loop
      vertex 45 28.5 0.25
      vertex 42.80129156951558 29.427280103387776 0.25
      vertex 43.475 28.5 0.25
    endloop
  endfacet
  facet normal 0 0 1
    outer loop
      vertex 45 28.5 0.25
      vertex 44.39103405841677 29.970173835193528 0.25
      vertex 42.80129156951558 29.427280103387776 0.25
    endloop
  endfacet
  facet normal 0 0 1
    outer loop
      vertex 47.58883492712493 31.801431887477495 0.25
      vertex 40.59597449413248 29.938809706563077 0.25
      vertex 44.39103405841677 29.970173835193528 0.25
    endloop
  endfacet
  facet normal 0 0 1
    outer loop
      vertex 44.39103405841677 29.970173835193528 0.25
      vertex 48 30 0.25
      vertex 47.58883492712493 31.801431887477495 0.25
    endloop
  endfacet
  facet normal 0 0 1
    outer loop
      vertex 50.247589877669775 31.801431887477495 0.25
      vertex 47.58883492712493 31.801431887477495 0.25
      vertex 48 30 0.25
    endloop
  endfacet
  facet normal 0 0 1
    outer loop
      vertex 50.247589877669775 31.801431887477495 0.25
      vertex 48 30 0.25
      vertex 50.247589877669775 30 0.25
    endloop
  endfacet
  facet normal 0 0 1
    outer loop
      vertex 58 -19 0.25
      vertex 59.711208430484426 -19.573090620985163 0.25
      vertex 58.73223304703363 -17.23223304703363 0.25
    endloop
  endfacet
  facet normal 0 0 1
    outer loop
      vertex 59.711208430484426 -19.573090620985163 0.25
      vertex 59.711208430484426 -18.426909379014837 0.25
      vertex 58.73223304703363 -17.23223304703363 0.25
    endloop
  endfacet
  facet normal 0 0 1
    outer loop
      vertex 58.73223304703363 -17.23223304703363 0.25
      vertex 59.711208430484426 -18.426909379014837 0.25
      vertex 60.5 -16.5 0.25
    endloop
  endfacet
  facet normal 0 0 1
    outer loop
      vertex 61.475 -19 0.25
      vertex 62.51637547298399 -17.832427107781662 0.25
      vertex 60.80129156951558 -18.072719896612224 0.25
    endloop
  endfacet
  facet normal 0 0 1
    outer loop
      vertex 60.5 -16.5 0.25
      vertex 59.711208430484426 -18.426909379014837 0.25
      vertex 60.80129156951558 -18.072719896612224 0.25
    endloop
  endfacet
  facet normal 0 0 1
    outer loop
      vertex 60.5 -16.5 0.25
      vertex 60.80129156951558 -18.072719896612224 0.25
      vertex 62.26776695296637 -17.23223304703363 0.25
    endloop
  endfacet
  facet normal 0 0 1
    outer loop
      vertex 62.51637547298399 -17.832427107781662 0.25
      vertex 62.26776695296637 -17.23223304703363 0.25
      vertex 60.80129156951558 -18.072719896612224 0.25
    endloop
  endfacet
  facet normal 0 0 1
    outer loop
      vertex 63.90676182136356 -18.936696494420783 0.25
      vertex 62.51637547298399 -17.832427107781662 0.25
      vertex 61.475 -19 0.25
    endloop
  endfacet
  facet normal 0 0 1
    outer loop
      vertex 63.90676182136356 -18.936696494420783 0.25
      vertex 67.13438192680947 -11.237230402191141 0.25
      vertex 62.51637547298399 -17.832427107781662 0.25
    endloop
  endfacet
  facet normal 0 0 1
    outer loop
      vertex 63.90676182136356 -18.936696494420783 0.25
      vertex 69.15666360075876 -11.439059740046185 0.25
      vertex 67.13438192680947 -11.237230402191141 0.25
    endloop
  endfacet
  facet normal 0 0 1
    outer loop
      vertex 64.73223304703363 -10.767766952966369 0.25
      vertex 65.71120843048443 -9.57309062098516 0.25
      vertex 64 -9 0.25
    endloop
  endfacet
  facet normal 0 0 1
    outer loop
      vertex 66.5 -11.5 0.25
      vertex 66.80129156951557 -9.927280103387774 0.25
      vertex 64.73223304703363 -10.767766952966369 0.25
    endloop
  endfacet
  facet normal 0 0 1
    outer loop
      vertex 65.71120843048443 -9.57309062098516 0.25
      vertex 64.73223304703363 -10.767766952966369 0.25
      vertex 66.80129156951557 -9.927280103387774 0.25
    endloop
  endfacet
  facet normal 0 0 1
    outer loop
      vertex 66.5 -11.5 0.25
      vertex 67.13438192680947 -11.237230402191141 0.25
      vertex 66.80129156951557 -9.927280103387774 0.25
    endloop
  endfacet
  facet normal 0 0 1
    outer loop
      vertex 66.80129156951557 -9.927280103387774 0.25
      vertex 67.13438192680947 -11.237230402191141 0.25
      vertex 67.475 -9 0.25
    endloop
  endfacet
  facet normal 0 0 1
    outer loop
      vertex 67.475 -9 0.25
      vertex 67.13438192680947 -11.237230402191141 0.25
      vertex 69.15666360075876 -11.439059740046185 0.25
    endloop
  endfacet
  facet normal 0 0 1
    outer loop
      vertex 64 -9 0.25
      vertex 65.71120843048443 -9.57309062098516 0.25
      vertex 64.73223304703363 -7.232233047033631 0.25
    endloop
  endfacet
  facet normal 0 0 1
    outer loop
      vertex 65.71120843048443 -8.42690937901484 0.25
      vertex 64.73223304703363 -7.232233047033631 0.25
      vertex 65.71120843048443 -9.57309062098516 0.25
    endloop
  endfacet
  facet normal 0 0 1
    outer loop
      vertex 65.71120843048443 -8.42690937901484 0.25
      vertex 66.5 -6.5 0.25
      vertex 64.73223304703363 -7.232233047033631 0.25
    endloop
  endfacet
  facet normal 0 0 1
    outer loop
      vertex 66.80129156951557 -8.072719896612226 0.25
      vertex 66.5 -6.5 0.25
      vertex 65.71120843048443 -8.42690937901484 0.25
    endloop
  endfacet
  facet normal 0 0 1
    outer loop
      vertex 68 -7.121320343559643 0.25
      vertex 66.5 -6.5 0.25
      vertex 66.80129156951557 -8.072719896612226 0.25
    endloop
  endfacet
  facet normal 0 0 1
    outer loop
      vertex 67.475 -9 0.25
      vertex 68 -7.121320343559643 0.25
      vertex 66.80129156951557 -8.072719896612226 0.25
    endloop
  endfacet
  facet normal 0 0 1
    outer loop
      vertex 67.475 -9 0.25
      vertex 69.15666360075876 -11.439059740046185 0.25
      vertex 69.85236373244773 -9.994423530995846 0.25
    endloop
  endfacet
  facet normal 0 0 1
    outer loop
      vertex 67.475 -9 0.25
      vertex 69.85236373244773 -9.994423530995846 0.25
      vertex 69.84775906502257 -9.98486184056341 0.25
    endloop
  endfacet
  facet normal 0 0 1
    outer loop
      vertex 67.475 -9 0.25
      vertex 69.84775906502257 -9.98486184056341 0.25
      vertex 68 -7.121320343559643 0.25
    endloop
  endfacet
  facet normal 0 0 1
    outer loop
      vertex 68 -7.121320343559643 0.25
      vertex 69.84775906502257 -9.98486184056341 0.25
      vertex 68 26.621320343559642 0.25
    endloop
  endfacet
  facet normal 0 0 1
    outer loop
      vertex 58.74047368420991 30 0.25
      vertex 67.58883492712494 31.801431887477495 0.25
      vertex 58.74047368420991 31.801431887477495 0.25
    endloop
  endfacet
  facet normal 0 0 1
    outer loop
      vertex 58.74047368420991 30 0.25
      vertex 64.62132034355965 30 0.25
      vertex 67.58883492712494 31.801431887477495 0.25
    endloop
  endfacet
  facet normal 0 0 1
    outer loop
      vertex 66.5 26 0.25
      vertex 66.80129156951557 27.572719896612224 0.25
      vertex 64.73223304703363 26.73223304703363 0.25
    endloop
  endfacet
  facet normal 0 0 1
    outer loop
      vertex 64.73223304703363 26.73223304703363 0.25
      vertex 65.71120843048443 27.926909379014837 0.25
      vertex 64 28.5 0.25
    endloop
  endfacet
  facet normal 0 0 1
    outer loop
      vertex 64 28.5 0.25
      vertex 65.71120843048443 27.926909379014837 0.25
      vertex 65.71120843048443 29.073090620985163 0.25
    endloop
  endfacet
  facet normal 0 0 1
    outer loop
      vertex 65.71120843048443 27.926909379014837 0.25
      vertex 64.73223304703363 26.73223304703363 0.25
      vertex 66.80129156951557 27.572719896612224 0.25
    endloop
  endfacet
  facet normal 0 0 1
    outer loop
      vertex 68 26.621320343559642 0.25
      vertex 66.80129156951557 27.572719896612224 0.25
      vertex 66.5 26 0.25
    endloop
  endfacet
  facet normal 0 0 1
    outer loop
      vertex 68 26.621320343559642 0.25
      vertex 67.475 28.5 0.25
      vertex 66.80129156951557 27.572719896612224 0.25
    endloop
  endfacet
  facet normal 0 0 1
    outer loop
      vertex 64 28.5 0.25
      vertex 65.71120843048443 29.073090620985163 0.25
      vertex 64.62132034355965 30 0.25
    endloop
  endfacet
  facet normal 0 0 1
    outer loop
      vertex 65.71120843048443 29.073090620985163 0.25
      vertex 67.58883492712494 31.801431887477495 0.25
      vertex 64.62132034355965 30 0.25
    endloop
  endfacet
  facet normal 0 0 1
    outer loop
      vertex 66.80129156951557 29.427280103387776 0.25
      vertex 67.58883492712494 31.801431887477495 0.25
      vertex 65.71120843048443 29.073090620985163 0.25
    endloop
  endfacet
  facet normal 0 0 1
    outer loop
      vertex 67.475 28.5 0.25
      vertex 69.84775906502257 30 0.25
      vertex 66.80129156951557 29.427280103387776 0.25
    endloop
  endfacet
  facet normal 0 0 1
    outer loop
      vertex 66.80129156951557 29.427280103387776 0.25
      vertex 69.1520589333336 31.44463620905034 0.25
      vertex 67.58883492712494 31.801431887477495 0.25
    endloop
  endfacet
  facet normal 0 0 1
    outer loop
      vertex 68 26.621320343559642 0.25
      vertex 69.84775906502257 -9.98486184056341 0.25
      vertex 69.84775906502257 30 0.25
    endloop
  endfacet
  facet normal 0 0 1
    outer loop
      vertex 68 26.621320343559642 0.25
      vertex 69.84775906502257 30 0.25
      vertex 67.475 28.5 0.25
    endloop
  endfacet
  facet normal 0 0 1
    outer loop
      vertex 66.80129156951557 29.427280103387776 0.25
      vertex 69.84775906502257 30 0.25
      vertex 69.1520589333336 31.44463620905034 0.25
    endloop
  endfacet
endsolid OpenSCAD_Model
