solid OpenSCAD_Model
  facet normal -0.6234898018587363 -0.7818314824680276 0
    outer loop
      vertex -52.16477339296982 -37.301712612120355 5.515366864730179
      vertex -52.16477339296982 -37.301712612120355 0.25
      vertex -50.91116507287507 -38.3014318874775 0.25
    endloop
  endfacet
  facet normal 0 -1 0
    outer loop
      vertex -50.91116507287507 -38.3014318874775 5.515366864730179
      vertex -50.91116507287507 -38.3014318874775 0.25
      vertex -29.911165072875068 -38.3014318874775 0.25
    endloop
  endfacet
  facet normal 0.046003874634410157 -0.9989412612954884 0
    outer loop
      vertex -29.911165072875068 -38.3014318874775 5.515366864730179
      vertex -29.911165072875068 -38.3014318874775 0.25
      vertex -24.491819306569145 -38.05185674938546 0.25
    endloop
  endfacet
  facet normal 0.22252093395626796 -0.9749279121818342 0
    outer loop
      vertex 11.236511670691922 -51.83827229651795 5.515366864730179
      vertex 11.236511670691922 -51.83827229651795 0.25
      vertex 11.246003308710762 -51.836105892078876 0.25
    endloop
  endfacet
  facet normal -0.3599968082662116 -0.9329535347690904 0
    outer loop
      vertex -24.491819306569145 -38.05185674938546 5.515366864730179
      vertex -24.491819306569145 -38.05185674938546 0.25
      vertex 11.236511670691922 -51.83827229651795 0.25
    endloop
  endfacet
  facet normal -0.6234898018587363 -0.7818314824680276 0
    outer loop
      vertex -52.16477339296982 -37.301712612120355 5.515366864730179
      vertex -50.91116507287507 -38.3014318874775 0.25
      vertex -50.91116507287507 -38.3014318874775 5.515366864730179
    endloop
  endfacet
  facet normal -1 0 0
    outer loop
      vertex -52.16477339296982 -37.301712612120355 5.515366864730179
      vertex -52.16477339296982 -35.448712249787604 5.515366864730179
      vertex -52.16477339296982 -37.301712612120355 0.25
    endloop
  endfacet
  facet normal 0 -1 0
    outer loop
      vertex -50.91116507287507 -38.3014318874775 5.515366864730179
      vertex -29.911165072875068 -38.3014318874775 0.25
      vertex -29.911165072875068 -38.3014318874775 5.515366864730179
    endloop
  endfacet
  facet normal -1 0 0
    outer loop
      vertex -52.16477339296982 -35.448712249787604 5.515366864730179
      vertex -52.16477339296982 -18.629078564735206 5.515366864730179
      vertex -52.16477339296982 -37.301712612120355 0.25
    endloop
  endfacet
  facet normal -1 0 0
    outer loop
      vertex -52.16477339296982 -18.629078564735206 5.515366864730179
      vertex -52.16477339296982 -10.792911919264046 5.515366864730179
      vertex -52.16477339296982 -37.301712612120355 0.25
    endloop
  endfacet
  facet normal 0.046003874634410157 -0.9989412612954884 0
    outer loop
      vertex -29.911165072875068 -38.3014318874775 5.515366864730179
      vertex -24.491819306569145 -38.05185674938546 0.25
      vertex -24.491819306569145 -38.05185674938546 5.515366864730179
    endloop
  endfacet
  facet normal -0.4632130972426423 -0.5808508518281664 0.6693623192810989
    outer loop
      vertex -52.16477339296982 -37.301712612120355 5.515366864730179
      vertex -50.91116507287507 -38.3014318874775 5.515366864730179
      vertex -51.189571717645975 -36.83208023706581 6.597759065022574
    endloop
  endfacet
  facet normal -0.7429361247958197 0 0.6693623192810976
    outer loop
      vertex -52.16477339296982 -37.301712612120355 5.515366864730179
      vertex -51.320918746893256 -36.64575849451503 6.451974861009983
      vertex -52.16477339296982 -35.448712249787604 5.515366864730179
    endloop
  endfacet
  facet normal -0.7429361247958186 -3.358678366506158e-15 0.669362319281099
    outer loop
      vertex -52.16477339296982 -37.301712612120355 5.515366864730179
      vertex -51.189571717645975 -36.83208023706581 6.597759065022574
      vertex -51.320918746893256 -36.64575849451503 6.451974861009983
    endloop
  endfacet
  facet normal -0.7429361247958174 3.881460847693869e-15 0.6693623192811003
    outer loop
      vertex -52.16477339296982 -35.448712249787604 5.515366864730179
      vertex -51.320918746893256 -36.64575849451503 6.451974861009983
      vertex -51.189571717645975 -36.58250509897377 6.597759065022574
    endloop
  endfacet
  facet normal -0.7429361247958195 2.617627000921091e-16 0.669362319281098
    outer loop
      vertex -52.16477339296982 -35.448712249787604 5.515366864730179
      vertex -51.27764959178656 -35.036801371108076 6.5
      vertex -51.5 -34.5 6.253209665578012
    endloop
  endfacet
  facet normal 0 -0.7160259392356545 0.6980736740070485
    outer loop
      vertex -50.91116507287507 -38.3014318874775 5.515366864730179
      vertex -29.911165072875068 -38.3014318874775 5.515366864730179
      vertex -50.67031014955897 -37.24617751948454 6.597759065022574
    endloop
  endfacet
  facet normal -0.4632130972426359 -0.5808508518281676 0.6693623192811023
    outer loop
      vertex -50.91116507287507 -38.3014318874775 5.515366864730179
      vertex -50.67031014955897 -37.24617751948454 6.597759065022574
      vertex -51.189571717645975 -36.83208023706581 6.597759065022574
    endloop
  endfacet
  facet normal -0.7429361247958195 -2.1119311002182548e-16 0.669362319281098
    outer loop
      vertex -52.16477339296982 -35.448712249787604 5.515366864730179
      vertex -51.189571717645975 -36.58250509897377 6.597759065022574
      vertex -51.27764959178656 -35.036801371108076 6.5
    endloop
  endfacet
  facet normal 0 0 1
    outer loop
      vertex -50.67031014955897 -37.24617751948454 6.597759065022574
      vertex -51.189571717645975 -36.58250509897377 6.597759065022574
      vertex -51.189571717645975 -36.83208023706581 6.597759065022574
    endloop
  endfacet
  facet normal -0.7429361247958165 0 0.6693623192811013
    outer loop
      vertex -51.320918746893256 -36.64575849451503 6.451974861009983
      vertex -51.189571717645975 -36.83208023706581 6.597759065022574
      vertex -51.189571717645975 -36.58250509897377 6.597759065022574
    endloop
  endfacet
  facet normal 0 0 1
    outer loop
      vertex -50.67031014955897 -37.24617751948454 6.597759065022574
      vertex -29.670310149558976 -37.24617751948454 6.597759065022574
      vertex -51.189571717645975 -36.58250509897377 6.597759065022574
    endloop
  endfacet
  facet normal 0 0 1
    outer loop
      vertex -51.189571717645975 -36.58250509897377 6.597759065022574
      vertex -33 -33 6.597759065022574
      vertex -47 -33 6.597759065022574
    endloop
  endfacet
  facet normal 0 -0.7160259392356544 0.6980736740070485
    outer loop
      vertex -50.67031014955897 -37.24617751948454 6.597759065022574
      vertex -29.911165072875068 -38.3014318874775 5.515366864730179
      vertex -29.670310149558976 -37.24617751948454 6.597759065022574
    endloop
  endfacet
  facet normal 0 0 1
    outer loop
      vertex -51.189571717645975 -36.58250509897377 6.597759065022574
      vertex -29.670310149558976 -37.24617751948454 6.597759065022574
      vertex -24.250964383253052 -36.9966023813925 6.597759065022574
    endloop
  endfacet
  facet normal 0 0 1
    outer loop
      vertex -51.189571717645975 -36.58250509897377 6.597759065022574
      vertex -24.702793421266268 -36.05836971636537 6.597759065022574
      vertex -33 -33 6.597759065022574
    endloop
  endfacet
  facet normal -0.7429361247958195 7.820612153556929e-18 0.6693623192810979
    outer loop
      vertex -52.16477339296982 -35.448712249787604 5.515366864730179
      vertex -51.5 -34.5 6.253209665578012
      vertex -51.189571717645975 -19.762871413921378 6.597759065022574
    endloop
  endfacet
  facet normal -0.7429361247958198 2.98674140700467e-17 0.6693623192810976
    outer loop
      vertex -51.5 -34.5 6.253209665578012
      vertex -51.27764959178656 -33.963198628891924 6.5
      vertex -51.189571717645975 -19.762871413921378 6.597759065022574
    endloop
  endfacet
  facet normal -0.7429361247958176 0 0.6693623192811001
    outer loop
      vertex -51.189571717645975 -36.58250509897377 6.597759065022574
      vertex -51.189571717645975 -19.762871413921378 6.597759065022574
      vertex -51.27764959178656 -35.036801371108076 6.5
    endloop
  endfacet
  facet normal -0.7429361247958176 0 0.6693623192811001
    outer loop
      vertex -51.27764959178656 -35.036801371108076 6.5
      vertex -51.189571717645975 -19.762871413921378 6.597759065022574
      vertex -51.27764959178656 -33.963198628891924 6.5
    endloop
  endfacet
  facet normal 0 0 1
    outer loop
      vertex -51.189571717645975 -36.58250509897377 6.597759065022574
      vertex -47 -33 6.597759065022574
      vertex -47 -19 6.597759065022574
    endloop
  endfacet
  facet normal -0.7429361247958193 0 0.6693623192810981
    outer loop
      vertex -52.16477339296982 -35.448712249787604 5.515366864730179
      vertex -51.189571717645975 -19.09871093978975 6.597759065022574
      vertex -52.16477339296982 -18.629078564735206 5.515366864730179
    endloop
  endfacet
  facet normal -0.7429361247958196 0 0.6693623192810979
    outer loop
      vertex -52.16477339296982 -35.448712249787604 5.515366864730179
      vertex -51.189571717645975 -19.762871413921378 6.597759065022574
      vertex -51.189571717645975 -19.09871093978975 6.597759065022574
    endloop
  endfacet
  facet normal 0 0 1
    outer loop
      vertex -51.189571717645975 -36.58250509897377 6.597759065022574
      vertex -47 -19 6.597759065022574
      vertex -51.189571717645975 -19.762871413921378 6.597759065022574
    endloop
  endfacet
  facet normal 0.033126000152089996 -0.7193074200070062 0.6939016527122471
    outer loop
      vertex -29.911165072875068 -38.3014318874775 5.515366864730179
      vertex -24.491819306569145 -38.05185674938546 5.515366864730179
      vertex -29.670310149558976 -37.24617751948454 6.597759065022574
    endloop
  endfacet
  facet normal 0 0 1
    outer loop
      vertex -51.189571717645975 -36.58250509897377 6.597759065022574
      vertex -24.424892735764438 -36.635436435932036 6.597759065022574
      vertex -24.702793421266268 -36.05836971636537 6.597759065022574
    endloop
  endfacet
  facet normal 0 0 1
    outer loop
      vertex -51.189571717645975 -36.58250509897377 6.597759065022574
      vertex -24.250964383253052 -36.9966023813925 6.597759065022574
      vertex -24.424892735764438 -36.635436435932036 6.597759065022574
    endloop
  endfacet
  facet normal 0 0 1
    outer loop
      vertex -33 -33 6.597759065022574
      vertex -24.702793421266268 -36.05836971636537 6.597759065022574
      vertex -28 -28.100000001490116 6.597759065022574
    endloop
  endfacet
  facet normal 0.033126000152089996 -0.7193074200070062 0.6939016527122471
    outer loop
      vertex -29.670310149558976 -37.24617751948454 6.597759065022574
      vertex -24.491819306569145 -38.05185674938546 5.515366864730179
      vertex -24.250964383253052 -36.9966023813925 6.597759065022574
    endloop
  endfacet
  facet normal 0 0 1
    outer loop
      vertex -24.250964383253052 -36.9966023813925 6.597759065022574
      vertex -23.014830753700036 -36.638225053944424 6.597759065022574
      vertex -24.424892735764438 -36.635436435932036 6.597759065022574
    endloop
  endfacet
  facet normal 0 0 1
    outer loop
      vertex -24.424892735764438 -36.635436435932036 6.597759065022574
      vertex -23.014830753700036 -36.638225053944424 6.597759065022574
      vertex -24.702793421266268 -36.05836971636537 6.597759065022574
    endloop
  endfacet
  facet normal 0 0 1
    outer loop
      vertex -24.250964383253052 -36.9966023813925 6.597759065022574
      vertex -22.14094418294006 -36.9966023813925 6.597759065022574
      vertex -23.014830753700036 -36.638225053944424 6.597759065022574
    endloop
  endfacet
  facet normal 0 0 1
    outer loop
      vertex -22.14094418294006 -36.9966023813925 6.597759065022574
      vertex -17.728740519524067 -36.96910205573913 6.597759065022574
      vertex -23.014830753700036 -36.638225053944424 6.597759065022574
    endloop
  endfacet
  facet normal 0 0 1
    outer loop
      vertex -22.14094418294006 -36.9966023813925 6.597759065022574
      vertex -17.54445141838194 -36.9966023813925 6.597759065022574
      vertex -17.728740519524067 -36.96910205573913 6.597759065022574
    endloop
  endfacet
  facet normal 0 0 1
    outer loop
      vertex -33 -33 6.597759065022574
      vertex -28 -28.100000001490116 6.597759065022574
      vertex -28 -18.702916414191577 6.597759065022574
    endloop
  endfacet
  facet normal 0 0 1
    outer loop
      vertex -33 -33 6.597759065022574
      vertex -28 -18.702916414191577 6.597759065022574
      vertex -33 -19 6.597759065022574
    endloop
  endfacet
  facet normal 0 0 1
    outer loop
      vertex -24.702793421266268 -36.05836971636537 6.597759065022574
      vertex -14 -28.100000001490116 6.597759065022574
      vertex -28 -28.100000001490116 6.597759065022574
    endloop
  endfacet
  facet normal -0.35999680826621167 -0.9329535347690905 0
    outer loop
      vertex -24.491819306569145 -38.05185674938546 5.515366864730179
      vertex 11.236511670691922 -51.83827229651795 0.25
      vertex 11.223430401488857 -51.833224654823404 5.515366864730179
    endloop
  endfacet
  facet normal 0.22252093395626796 -0.9749279121818342 0
    outer loop
      vertex 11.236511670691922 -51.83827229651795 5.515366864730179
      vertex 11.246003308710762 -51.836105892078876 0.25
      vertex 11.246003308710762 -51.836105892078876 5.515366864730179
    endloop
  endfacet
  facet normal -0.35999680826620234 -0.9329535347690942 0
    outer loop
      vertex 11.236511670691922 -51.83827229651795 5.515366864730179
      vertex 11.223430401488857 -51.833224654823404 5.515366864730179
      vertex 11.236511670691922 -51.83827229651795 0.25
    endloop
  endfacet
  facet normal -0.25587443828422174 -0.6631141059389379 0.703425869823919
    outer loop
      vertex -24.491819306569145 -38.05185674938546 5.515366864730179
      vertex 11.223430401488857 -51.833224654823404 5.515366864730179
      vertex 11.46428532480495 -50.777970286830445 6.597759065022574
    endloop
  endfacet
  facet normal 0 0 1
    outer loop
      vertex 11.46428532480495 -50.777970286830445 6.597759065022574
      vertex 11.499481757247766 -50.777970286830445 6.597759065022574
      vertex -17.54445141838194 -36.9966023813925 6.597759065022574
    endloop
  endfacet
  facet normal 0 0 1
    outer loop
      vertex 11.499481757247766 -50.777970286830445 6.597759065022574
      vertex 25.038077593575874 -50.777970286830445 6.597759065022574
      vertex -17.54445141838194 -36.9966023813925 6.597759065022574
    endloop
  endfacet
  facet normal -0.2558744382842148 -0.6631141059389396 0.7034258698239199
    outer loop
      vertex 11.236511670691922 -51.83827229651795 5.515366864730179
      vertex 11.46428532480495 -50.777970286830445 6.597759065022574
      vertex 11.223430401488857 -51.833224654823404 5.515366864730179
    endloop
  endfacet
  facet normal 0.16531884035941397 -0.7243091650316412 0.669362319281109
    outer loop
      vertex 11.236511670691922 -51.83827229651795 5.515366864730179
      vertex 11.246003308710762 -51.836105892078876 5.515366864730179
      vertex 11.486858232026854 -50.78085152408592 6.597759065022574
    endloop
  endfacet
  facet normal -0.2535344201136598 -0.6638272921136295 0.7036004719034207
    outer loop
      vertex 11.246003308710762 -51.836105892078876 5.515366864730179
      vertex 14.870661210900098 -53.220465273290735 5.515366864730179
      vertex 11.486858232026854 -50.78085152408592 6.597759065022574
    endloop
  endfacet
  facet normal -0.25353442011365984 -0.6638272921136296 0.7036004719034206
    outer loop
      vertex 14.870661210900098 -53.220465273290735 5.515366864730179
      vertex 15.11151613421619 -52.165210905297776 6.597759065022574
      vertex 11.486858232026854 -50.78085152408592 6.597759065022574
    endloop
  endfacet
  facet normal -0.2558744382842155 -0.6631141059389398 0.7034258698239194
    outer loop
      vertex 11.236511670691922 -51.83827229651795 5.515366864730179
      vertex 11.477366594008014 -50.78301792852499 6.597759065022574
      vertex 11.46428532480495 -50.777970286830445 6.597759065022574
    endloop
  endfacet
  facet normal 0.165318840359413 -0.7243091650316409 0.6693623192811096
    outer loop
      vertex 11.236511670691922 -51.83827229651795 5.515366864730179
      vertex 11.486858232026854 -50.78085152408592 6.597759065022574
      vertex 11.477366594008014 -50.78301792852499 6.597759065022574
    endloop
  endfacet
  facet normal 0 0 1
    outer loop
      vertex 11.477366594008014 -50.78301792852499 6.597759065022574
      vertex 11.486858232026854 -50.78085152408592 6.597759065022574
      vertex 11.46428532480495 -50.777970286830445 6.597759065022574
    endloop
  endfacet
  facet normal 0 0 1
    outer loop
      vertex 11.486858232026854 -50.78085152408592 6.597759065022574
      vertex 11.499481757247766 -50.777970286830445 6.597759065022574
      vertex 11.46428532480495 -50.777970286830445 6.597759065022574
    endloop
  endfacet
  facet normal 0 0 1
    outer loop
      vertex -17.54445141838194 -36.9966023813925 6.597759065022574
      vertex 25.038077593575874 -50.777970286830445 6.597759065022574
      vertex 26.458488079930284 -50.777970286830445 6.597759065022574
    endloop
  endfacet
  facet normal 0 0 1
    outer loop
      vertex -17.54445141838194 -36.9966023813925 6.597759065022574
      vertex 26.458488079930284 -50.777970286830445 6.597759065022574
      vertex 28.044219501986404 -50.777970286830445 6.597759065022574
    endloop
  endfacet
  facet normal 0 0 1
    outer loop
      vertex 15.11151613421619 -52.165210905297776 6.597759065022574
      vertex 11.499481757247766 -50.777970286830445 6.597759065022574
      vertex 11.486858232026854 -50.78085152408592 6.597759065022574
    endloop
  endfacet
  facet normal -0.2558744382842217 -0.6631141059389376 0.7034258698239193
    outer loop
      vertex -24.491819306569145 -38.05185674938546 5.515366864730179
      vertex 11.46428532480495 -50.777970286830445 6.597759065022574
      vertex -24.250964383253052 -36.9966023813925 6.597759065022574
    endloop
  endfacet
  facet normal 0 0 1
    outer loop
      vertex -24.250964383253052 -36.9966023813925 6.597759065022574
      vertex 11.46428532480495 -50.777970286830445 6.597759065022574
      vertex -22.14094418294006 -36.9966023813925 6.597759065022574
    endloop
  endfacet
  facet normal 0 0 1
    outer loop
      vertex -22.14094418294006 -36.9966023813925 6.597759065022574
      vertex 11.46428532480495 -50.777970286830445 6.597759065022574
      vertex -17.54445141838194 -36.9966023813925 6.597759065022574
    endloop
  endfacet
  facet normal 0 0 1
    outer loop
      vertex -24.702793421266268 -36.05836971636537 6.597759065022574
      vertex -23.014830753700036 -36.638225053944424 6.597759065022574
      vertex 15.386727310717106 -32.416546911001205 6.597759065022574
    endloop
  endfacet
  facet normal 0 0 1
    outer loop
      vertex -23.014830753700036 -36.638225053944424 6.597759065022574
      vertex -17.728740519524067 -36.96910205573913 6.597759065022574
      vertex 15.386727310717106 -32.416546911001205 6.597759065022574
    endloop
  endfacet
  facet normal 0 0 1
    outer loop
      vertex -17.728740519524067 -36.96910205573913 6.597759065022574
      vertex -17.54445141838194 -36.9966023813925 6.597759065022574
      vertex 15.386727310717106 -32.416546911001205 6.597759065022574
    endloop
  endfacet
  facet normal 0 0 1
    outer loop
      vertex -24.702793421266268 -36.05836971636537 6.597759065022574
      vertex 15.386727310717106 -32.416546911001205 6.597759065022574
      vertex -14 -28.100000001490116 6.597759065022574
    endloop
  endfacet
  facet normal 0 0 1
    outer loop
      vertex -14 -28.100000001490116 6.597759065022574
      vertex -9 -26 6.597759065022574
      vertex -9 -12 6.597759065022574
    endloop
  endfacet
  facet normal 0 0 1
    outer loop
      vertex -14 -28.100000001490116 6.597759065022574
      vertex 15.386727310717106 -32.416546911001205 6.597759065022574
      vertex -9 -26 6.597759065022574
    endloop
  endfacet
  facet normal 0 0 1
    outer loop
      vertex 14.166546911001205 -46.363272689282894 6.597759065022574
      vertex 15.386727310717106 -32.416546911001205 6.597759065022574
      vertex -17.54445141838194 -36.9966023813925 6.597759065022574
    endloop
  endfacet
  facet normal 0 0 1
    outer loop
      vertex 14.166546911001205 -46.363272689282894 6.597759065022574
      vertex -17.54445141838194 -36.9966023813925 6.597759065022574
      vertex 28.044219501986404 -50.777970286830445 6.597759065022574
    endloop
  endfacet
  facet normal 0 0 1
    outer loop
      vertex -9 -26 6.597759065022574
      vertex 10 -28.100000001490116 6.597759065022574
      vertex 5 -26 6.597759065022574
    endloop
  endfacet
  facet normal 0 0 1
    outer loop
      vertex -9 -26 6.597759065022574
      vertex 15.386727310717106 -32.416546911001205 6.597759065022574
      vertex 10 -28.100000001490116 6.597759065022574
    endloop
  endfacet
  facet normal 0 0 1
    outer loop
      vertex 5 -26 6.597759065022574
      vertex 10 -28.100000001490116 6.597759065022574
      vertex 10 -14.100000001490116 6.597759065022574
    endloop
  endfacet
  facet normal -1 0 0
    outer loop
      vertex -52.16477339296982 23.301712612120358 5.515366864730179
      vertex -52.16477339296982 23.301712612120358 0.25
      vertex -52.16477339296982 -37.301712612120355 0.25
    endloop
  endfacet
  facet normal -0.6234898018587336 0.7818314824680298 0
    outer loop
      vertex -50.91116507287507 24.301431887477495 5.515366864730179
      vertex -50.91116507287507 24.301431887477495 0.25
      vertex -52.16477339296982 23.301712612120358 0.25
    endloop
  endfacet
  facet normal -0.24972388058700798 0.9683170882849098 0
    outer loop
      vertex -31.911165072875068 29.20143188598738 5.515366864730179
      vertex -31.911165072875068 29.20143188598738 0.25
      vertex -50.91116507287507 24.301431887477495 0.25
    endloop
  endfacet
  facet normal -0.10985734044012803 0.9939473651815883 0
    outer loop
      vertex -12.91116507287507 31.301431887477495 5.515366864730179
      vertex -12.91116507287507 31.301431887477495 0.25
      vertex -31.911165072875068 29.20143188598738 0.25
    endloop
  endfacet
  facet normal -1 0 0
    outer loop
      vertex -52.16477339296982 -10.792911919264046 5.515366864730179
      vertex -52.16477339296982 -9.581767982272192 5.515366864730179
      vertex -52.16477339296982 -37.301712612120355 0.25
    endloop
  endfacet
  facet normal -1 0 0
    outer loop
      vertex -52.16477339296982 -9.581767982272192 5.515366864730179
      vertex -52.16477339296982 -9.18948669502333 5.515366864730179
      vertex -52.16477339296982 -37.301712612120355 0.25
    endloop
  endfacet
  facet normal -1 0 0
    outer loop
      vertex -52.16477339296982 -9.18948669502333 5.515366864730179
      vertex -52.16477339296982 23.301712612120358 5.515366864730179
      vertex -52.16477339296982 -37.301712612120355 0.25
    endloop
  endfacet
  facet normal -0.7429361247957958 0 0.6693623192811243
    outer loop
      vertex -52.16477339296982 -10.792911919264046 5.515366864730179
      vertex -52.12939510364145 -9.573067110470317 5.554633803454415
      vertex -52.16477339296982 -9.581767982272192 5.515366864730179
    endloop
  endfacet
  facet normal -0.7429361247957956 0 0.6693623192811243
    outer loop
      vertex -52.16477339296982 -9.581767982272192 5.515366864730179
      vertex -52.12939510364145 -9.573067110470317 5.554633803454415
      vertex -52.16477339296982 -9.18948669502333 5.515366864730179
    endloop
  endfacet
  facet normal -0.7429361247958222 -5.4481438717308156e-15 0.669362319281095
    outer loop
      vertex -52.16477339296982 -9.18948669502333 5.515366864730179
      vertex -52.12939510364145 -9.573067110470317 5.554633803454415
      vertex -52.11891094437483 -9.211572886223042 5.566270342340635
    endloop
  endfacet
  facet normal -0.7429361247958194 0 0.6693623192810982
    outer loop
      vertex -52.16477339296982 -18.629078564735206 5.515366864730179
      vertex -51.189571717645975 -10.323279544209502 6.597759065022574
      vertex -52.16477339296982 -10.792911919264046 5.515366864730179
    endloop
  endfacet
  facet normal 0 0 1
    outer loop
      vertex -51.189571717645975 -19.762871413921378 6.597759065022574
      vertex -47.56718143218128 -9.651057765106534 6.597759065022574
      vertex -51.189571717645975 -19.09871093978975 6.597759065022574
    endloop
  endfacet
  facet normal 0 0 1
    outer loop
      vertex -51.189571717645975 -19.762871413921378 6.597759065022574
      vertex -47 -19 6.597759065022574
      vertex -47 -14 6.597759065022574
    endloop
  endfacet
  facet normal -0.7429361247958193 0 0.6693623192810981
    outer loop
      vertex -52.16477339296982 -18.629078564735206 5.515366864730179
      vertex -51.189571717645975 -19.09871093978975 6.597759065022574
      vertex -51.189571717645975 -10.323279544209502 6.597759065022574
    endloop
  endfacet
  facet normal 0 0 1
    outer loop
      vertex -51.189571717645975 -19.09871093978975 6.597759065022574
      vertex -47.56718143218128 -9.651057765106534 6.597759065022574
      vertex -51.189571717645975 -10.323279544209502 6.597759065022574
    endloop
  endfacet
  facet normal 0 0 1
    outer loop
      vertex -51.189571717645975 -19.762871413921378 6.597759065022574
      vertex -47 -14 6.597759065022574
      vertex -47.56718143218128 -9.651057765106534 6.597759065022574
    endloop
  endfacet
  facet normal 0 0 1
    outer loop
      vertex -47 -19 6.597759065022574
      vertex -38.74686425949572 -18.68461365737102 6.597759065022574
      vertex -47 -14 6.597759065022574
    endloop
  endfacet
  facet normal -0.7429361247958197 1.5521975751663024e-15 0.6693623192810977
    outer loop
      vertex -52.16477339296982 -10.792911919264046 5.515366864730179
      vertex -51.189571717645975 -10.323279544209502 6.597759065022574
      vertex -52.12939510364145 -9.573067110470317 5.554633803454415
    endloop
  endfacet
  facet normal -0.7429361247958222 -5.448263741626019e-15 0.669362319281095
    outer loop
      vertex -52.12939510364145 -9.573067110470317 5.554633803454415
      vertex -51.189571717645975 -10.323279544209502 6.597759065022574
      vertex -52.11891094437483 -9.211572886223042 5.566270342340635
    endloop
  endfacet
  facet normal 0 0 1
    outer loop
      vertex -51.189571717645975 -10.323279544209502 6.597759065022574
      vertex -47.56718143218128 -9.651057765106534 6.597759065022574
      vertex -47 0 6.597759065022574
    endloop
  endfacet
  facet normal 0 0 1
    outer loop
      vertex -47 -14 6.597759065022574
      vertex -47 0 6.597759065022574
      vertex -47.56718143218128 -9.651057765106534 6.597759065022574
    endloop
  endfacet
  facet normal 0 0 1
    outer loop
      vertex -47 -19 6.597759065022574
      vertex -33 -19 6.597759065022574
      vertex -38.74686425949572 -18.68461365737102 6.597759065022574
    endloop
  endfacet
  facet normal 0 0 1
    outer loop
      vertex -47 -14 6.597759065022574
      vertex -38.74686425949572 -18.68461365737102 6.597759065022574
      vertex -33 -14 6.597759065022574
    endloop
  endfacet
  facet normal -0.7429361247958209 1.122098620618952e-16 0.6693623192810962
    outer loop
      vertex -52.16477339296982 -9.18948669502333 5.515366864730179
      vertex -52.11891094437483 -9.211572886223042 5.566270342340635
      vertex -51.189571717645975 22.832080237065814 6.597759065022574
    endloop
  endfacet
  facet normal -0.7429361247958193 0 0.6693623192810982
    outer loop
      vertex -52.11891094437483 -9.211572886223042 5.566270342340635
      vertex -51.189571717645975 -10.323279544209502 6.597759065022574
      vertex -51.189571717645975 22.832080237065814 6.597759065022574
    endloop
  endfacet
  facet normal 0 0 1
    outer loop
      vertex -51.189571717645975 -10.323279544209502 6.597759065022574
      vertex -47 0 6.597759065022574
      vertex -51.189571717645975 22.832080237065814 6.597759065022574
    endloop
  endfacet
  facet normal 0 0 1
    outer loop
      vertex -47 0 6.597759065022574
      vertex -33 5 6.597759065022574
      vertex -47 5 6.597759065022574
    endloop
  endfacet
  facet normal 0 0 1
    outer loop
      vertex -47 0 6.597759065022574
      vertex -33 0 6.597759065022574
      vertex -28 4.899999998509884 6.597759065022574
    endloop
  endfacet
  facet normal 0 0 1
    outer loop
      vertex -47 0 6.597759065022574
      vertex -28 4.899999998509884 6.597759065022574
      vertex -33 5 6.597759065022574
    endloop
  endfacet
  facet normal 0 0 1
    outer loop
      vertex -38.74686425949572 -18.68461365737102 6.597759065022574
      vertex -28 -18.702916414191577 6.597759065022574
      vertex -34.182198943891464 -18.68461365737102 6.597759065022574
    endloop
  endfacet
  facet normal 0 0 1
    outer loop
      vertex -38.74686425949572 -18.68461365737102 6.597759065022574
      vertex -33 -19 6.597759065022574
      vertex -28 -18.702916414191577 6.597759065022574
    endloop
  endfacet
  facet normal 0 0 1
    outer loop
      vertex -38.74686425949572 -18.68461365737102 6.597759065022574
      vertex -34.182198943891464 -18.68461365737102 6.597759065022574
      vertex -28 -14.100000001490116 6.597759065022574
    endloop
  endfacet
  facet normal 0 0 1
    outer loop
      vertex -38.74686425949572 -18.68461365737102 6.597759065022574
      vertex -28 -14.100000001490116 6.597759065022574
      vertex -33 -14 6.597759065022574
    endloop
  endfacet
  facet normal 0 0 1
    outer loop
      vertex -34.182198943891464 -18.68461365737102 6.597759065022574
      vertex -28 -18.702916414191577 6.597759065022574
      vertex -28 -14.100000001490116 6.597759065022574
    endloop
  endfacet
  facet normal 0 0 1
    outer loop
      vertex -33 -14 6.597759065022574
      vertex -28 -14.100000001490116 6.597759065022574
      vertex -33 -9.62554119152452 6.597759065022574
    endloop
  endfacet
  facet normal 0 0 1
    outer loop
      vertex -28 -14.100000001490116 6.597759065022574
      vertex -14 -14.100000001490116 6.597759065022574
      vertex -33 -9.62554119152452 6.597759065022574
    endloop
  endfacet
  facet normal 0 0 1
    outer loop
      vertex -33 -9.62554119152452 6.597759065022574
      vertex -14 -9.100000001490116 6.597759065022574
      vertex -28 -9.100000001490116 6.597759065022574
    endloop
  endfacet
  facet normal 0 0 1
    outer loop
      vertex -33 -9.62554119152452 6.597759065022574
      vertex -14 -14.100000001490116 6.597759065022574
      vertex -9 -12 6.597759065022574
    endloop
  endfacet
  facet normal 0 0 1
    outer loop
      vertex -33 -9.62554119152452 6.597759065022574
      vertex -28 4.899999998509884 6.597759065022574
      vertex -33 0 6.597759065022574
    endloop
  endfacet
  facet normal 0 0 1
    outer loop
      vertex -33 -9.62554119152452 6.597759065022574
      vertex -28 -9.100000001490116 6.597759065022574
      vertex -28 4.899999998509884 6.597759065022574
    endloop
  endfacet
  facet normal 0 0 1
    outer loop
      vertex -33 5 6.597759065022574
      vertex -28 4.899999998509884 6.597759065022574
      vertex -14 4.899999998509884 6.597759065022574
    endloop
  endfacet
  facet normal -0.6234898018587336 0.7818314824680298 0
    outer loop
      vertex -52.16477339296982 23.301712612120358 5.515366864730179
      vertex -50.91116507287507 24.301431887477495 5.515366864730179
      vertex -52.16477339296982 23.301712612120358 0.25
    endloop
  endfacet
  facet normal -0.24972388058700798 0.9683170882849098 0
    outer loop
      vertex -50.91116507287507 24.301431887477495 5.515366864730179
      vertex -31.911165072875068 29.20143188598738 5.515366864730179
      vertex -50.91116507287507 24.301431887477495 0.25
    endloop
  endfacet
  facet normal -0.10985734044012803 0.9939473651815883 0
    outer loop
      vertex -31.911165072875068 29.20143188598738 5.515366864730179
      vertex -12.91116507287507 31.301431887477495 5.515366864730179
      vertex -31.911165072875068 29.20143188598738 0.25
    endloop
  endfacet
  facet normal -0.7429361247958195 0 0.6693623192810981
    outer loop
      vertex -52.16477339296982 -9.18948669502333 5.515366864730179
      vertex -51.5 20.5 6.253209665578012
      vertex -52.16477339296982 23.301712612120358 5.515366864730179
    endloop
  endfacet
  facet normal -0.7429361247958198 2.1359793112061375e-17 0.6693623192810977
    outer loop
      vertex -52.16477339296982 -9.18948669502333 5.515366864730179
      vertex -51.27764959178656 19.963198628891924 6.5
      vertex -51.5 20.5 6.253209665578012
    endloop
  endfacet
  facet normal 0 0 1
    outer loop
      vertex -47 0 6.597759065022574
      vertex -47 5 6.597759065022574
      vertex -51.189571717645975 22.832080237065814 6.597759065022574
    endloop
  endfacet
  facet normal -0.7429361247956231 -1.3121946193587425e-14 0.6693623192813158
    outer loop
      vertex -52.16477339296982 -9.18948669502333 5.515366864730179
      vertex -51.189571717645975 22.832080237065814 6.597759065022574
      vertex -51.27764959178656 19.963198628891924 6.5
    endloop
  endfacet
  facet normal 0 0 1
    outer loop
      vertex -47 5 6.597759065022574
      vertex -47 19 6.597759065022574
      vertex -51.189571717645975 22.832080237065814 6.597759065022574
    endloop
  endfacet
  facet normal -0.7429361247958195 -1.5169043440410544e-16 0.6693623192810979
    outer loop
      vertex -52.16477339296982 23.301712612120358 5.515366864730179
      vertex -51.5 20.5 6.253209665578012
      vertex -51.27764959178656 21.036801371108076 6.5
    endloop
  endfacet
  facet normal -0.463213097242641 0.5808508518281689 0.6693623192810978
    outer loop
      vertex -52.16477339296982 23.301712612120358 5.515366864730179
      vertex -50.67031014955898 23.246177519484544 6.597759065022574
      vertex -50.91116507287507 24.301431887477495 5.515366864730179
    endloop
  endfacet
  facet normal -0.7429361247958176 0 0.6693623192811001
    outer loop
      vertex -51.27764959178656 19.963198628891924 6.5
      vertex -51.189571717645975 22.832080237065814 6.597759065022574
      vertex -51.27764959178656 21.036801371108076 6.5
    endloop
  endfacet
  facet normal -0.7429361247958192 1.6586838837857455e-16 0.6693623192810982
    outer loop
      vertex -52.16477339296982 23.301712612120358 5.515366864730179
      vertex -51.27764959178656 21.036801371108076 6.5
      vertex -51.189571717645975 22.832080237065814 6.597759065022574
    endloop
  endfacet
  facet normal -0.46321309724264176 0.5808508518281671 0.6693623192810987
    outer loop
      vertex -52.16477339296982 23.301712612120358 5.515366864730179
      vertex -51.189571717645975 22.832080237065814 6.597759065022574
      vertex -50.67031014955898 23.246177519484544 6.597759065022574
    endloop
  endfacet
  facet normal 0 0 1
    outer loop
      vertex -47 19 6.597759065022574
      vertex -33 19 6.597759065022574
      vertex -51.189571717645975 22.832080237065814 6.597759065022574
    endloop
  endfacet
  facet normal -0.1766160496419007 0.6848377437176737 0.7069681999839705
    outer loop
      vertex -50.91116507287507 24.301431887477495 5.515366864730179
      vertex -50.67031014955898 23.246177519484544 6.597759065022574
      vertex -31.670310149558976 28.146177517994428 6.597759065022574
    endloop
  endfacet
  facet normal 0 0 1
    outer loop
      vertex -51.189571717645975 22.832080237065814 6.597759065022574
      vertex -33 19 6.597759065022574
      vertex -28 23.899999998509884 6.597759065022574
    endloop
  endfacet
  facet normal 0 0 1
    outer loop
      vertex -51.189571717645975 22.832080237065814 6.597759065022574
      vertex -9 26 6.597759065022574
      vertex -50.67031014955898 23.246177519484544 6.597759065022574
    endloop
  endfacet
  facet normal -0.1766160496419006 0.6848377437176735 0.7069681999839709
    outer loop
      vertex -50.91116507287507 24.301431887477495 5.515366864730179
      vertex -31.670310149558976 28.146177517994428 6.597759065022574
      vertex -31.911165072875068 29.20143188598738 5.515366864730179
    endloop
  endfacet
  facet normal 0 0 1
    outer loop
      vertex -33 5 6.597759065022574
      vertex -28 23.899999998509884 6.597759065022574
      vertex -33 19 6.597759065022574
    endloop
  endfacet
  facet normal 0 0 1
    outer loop
      vertex -33 5 6.597759065022574
      vertex -28 9.899999998509884 6.597759065022574
      vertex -28 23.899999998509884 6.597759065022574
    endloop
  endfacet
  facet normal 0 0 1
    outer loop
      vertex -33 5 6.597759065022574
      vertex -14 4.899999998509884 6.597759065022574
      vertex -28 9.899999998509884 6.597759065022574
    endloop
  endfacet
  facet normal 0 0 1
    outer loop
      vertex -28 9.899999998509884 6.597759065022574
      vertex -14 4.899999998509884 6.597759065022574
      vertex -14 9.899999998509884 6.597759065022574
    endloop
  endfacet
  facet normal 0 0 1
    outer loop
      vertex -51.189571717645975 22.832080237065814 6.597759065022574
      vertex -28 23.899999998509884 6.597759065022574
      vertex -9 26 6.597759065022574
    endloop
  endfacet
  facet normal 0 0 1
    outer loop
      vertex -50.67031014955898 23.246177519484544 6.597759065022574
      vertex -9 26 6.597759065022574
      vertex -31.670310149558976 28.146177517994428 6.597759065022574
    endloop
  endfacet
  facet normal -0.07793481028357588 0.7051244734939163 0.7047876575437387
    outer loop
      vertex -31.911165072875068 29.20143188598738 5.515366864730179
      vertex -31.670310149558976 28.146177517994428 6.597759065022574
      vertex -12.91116507287507 31.301431887477495 5.515366864730179
    endloop
  endfacet
  facet normal -0.07793481028357588 0.7051244734939163 0.7047876575437387
    outer loop
      vertex -31.670310149558976 28.146177517994428 6.597759065022574
      vertex -12.670310149558976 30.246177519484544 6.597759065022574
      vertex -12.91116507287507 31.301431887477495 5.515366864730179
    endloop
  endfacet
  facet normal 0 0 1
    outer loop
      vertex -14 -28.100000001490116 6.597759065022574
      vertex -9 -12 6.597759065022574
      vertex -14 -14.100000001490116 6.597759065022574
    endloop
  endfacet
  facet normal 0 0 1
    outer loop
      vertex -33 -9.62554119152452 6.597759065022574
      vertex 10 -9.100000001490116 6.597759065022574
      vertex -14 -9.100000001490116 6.597759065022574
    endloop
  endfacet
  facet normal 0 0 1
    outer loop
      vertex -33 -9.62554119152452 6.597759065022574
      vertex -9 -12 6.597759065022574
      vertex 29 -10.5 6.597759065022574
    endloop
  endfacet
  facet normal 0 0 1
    outer loop
      vertex -14 -9.100000001490116 6.597759065022574
      vertex 10 -9.100000001490116 6.597759065022574
      vertex -9 -7 6.597759065022574
    endloop
  endfacet
  facet normal 0 0 1
    outer loop
      vertex -14 -9.100000001490116 6.597759065022574
      vertex -9 -7 6.597759065022574
      vertex -9 7 6.597759065022574
    endloop
  endfacet
  facet normal 0 0 1
    outer loop
      vertex -14 -9.100000001490116 6.597759065022574
      vertex -9 7 6.597759065022574
      vertex -14 4.899999998509884 6.597759065022574
    endloop
  endfacet
  facet normal 0 0 1
    outer loop
      vertex 5 -26 6.597759065022574
      vertex 10 -14.100000001490116 6.597759065022574
      vertex 5 -12 6.597759065022574
    endloop
  endfacet
  facet normal 0 0 1
    outer loop
      vertex -33 -9.62554119152452 6.597759065022574
      vertex 24 -9.100000001490116 6.597759065022574
      vertex 10 -9.100000001490116 6.597759065022574
    endloop
  endfacet
  facet normal 0 0 1
    outer loop
      vertex -9 -7 6.597759065022574
      vertex 10 -9.100000001490116 6.597759065022574
      vertex 5 -7 6.597759065022574
    endloop
  endfacet
  facet normal 0 0 1
    outer loop
      vertex -33 -9.62554119152452 6.597759065022574
      vertex 29 -10.5 6.597759065022574
      vertex 24 -9.100000001490116 6.597759065022574
    endloop
  endfacet
  facet normal 0 0 1
    outer loop
      vertex 5 -12 6.597759065022574
      vertex 10 -14.100000001490116 6.597759065022574
      vertex 24 -14.100000001490116 6.597759065022574
    endloop
  endfacet
  facet normal 0 0 1
    outer loop
      vertex -9 -12 6.597759065022574
      vertex 5 -12 6.597759065022574
      vertex 29 -10.5 6.597759065022574
    endloop
  endfacet
  facet normal 0 0 1
    outer loop
      vertex 5 -7 6.597759065022574
      vertex 10 9.899999998509884 6.597759065022574
      vertex 5 7 6.597759065022574
    endloop
  endfacet
  facet normal 0 0 1
    outer loop
      vertex 5 -7 6.597759065022574
      vertex 10 -9.100000001490116 6.597759065022574
      vertex 10 4.899999998509884 6.597759065022574
    endloop
  endfacet
  facet normal 0 0 1
    outer loop
      vertex 5 -7 6.597759065022574
      vertex 10 4.899999998509884 6.597759065022574
      vertex 10 9.899999998509884 6.597759065022574
    endloop
  endfacet
  facet normal -0.00826418058740938 0.9999658510765349 0
    outer loop
      vertex -12.91116507287507 31.301431887477495 5.515366864730179
      vertex 47.58883492712493 31.801431887477495 5.515366864730179
      vertex -12.91116507287507 31.301431887477495 0.25
    endloop
  endfacet
  facet normal 0 0 1
    outer loop
      vertex -14 4.899999998509884 6.597759065022574
      vertex -9 7 6.597759065022574
      vertex -14 9.899999998509884 6.597759065022574
    endloop
  endfacet
  facet normal 0 0 1
    outer loop
      vertex -14 9.899999998509884 6.597759065022574
      vertex -9 7 6.597759065022574
      vertex -9 12 6.597759065022574
    endloop
  endfacet
  facet normal 0 0 1
    outer loop
      vertex -14 9.899999998509884 6.597759065022574
      vertex -9 12 6.597759065022574
      vertex -9 26 6.597759065022574
    endloop
  endfacet
  facet normal 0 0 1
    outer loop
      vertex -9 7 6.597759065022574
      vertex 5 12 6.597759065022574
      vertex -9 12 6.597759065022574
    endloop
  endfacet
  facet normal 0 0 1
    outer loop
      vertex -28 23.899999998509884 6.597759065022574
      vertex -14 23.899999998509884 6.597759065022574
      vertex -9 26 6.597759065022574
    endloop
  endfacet
  facet normal 0 0 1
    outer loop
      vertex -14 9.899999998509884 6.597759065022574
      vertex -9 26 6.597759065022574
      vertex -14 23.899999998509884 6.597759065022574
    endloop
  endfacet
  facet normal -0.005912029297544806 0.7153555450025406 0.6987356382378839
    outer loop
      vertex -12.91116507287507 31.301431887477495 5.515366864730179
      vertex -12.376389320078195 30.344094438891222 6.5
      vertex -12 30.5 6.343570762722282
    endloop
  endfacet
  facet normal -0.005912029297539624 0.715355545002544 0.6987356382378805
    outer loop
      vertex -12.91116507287507 31.301431887477495 5.515366864730179
      vertex -12 30.5 6.343570762722282
      vertex -11.638336442458158 30.350194049450067 6.5
    endloop
  endfacet
  facet normal -0.005912029297540055 0.7153555450025421 0.6987356382378825
    outer loop
      vertex -12.91116507287507 31.301431887477495 5.515366864730179
      vertex -12.670310149558976 30.246177519484544 6.597759065022574
      vertex -12.376389320078195 30.344094438891222 6.5
    endloop
  endfacet
  facet normal -0.0059120292975434925 0.7153555450025474 0.698735638237877
    outer loop
      vertex -12.376389320078195 30.344094438891222 6.5
      vertex -12.670310149558976 30.246177519484544 6.597759065022574
      vertex -11.638336442458158 30.350194049450067 6.5
    endloop
  endfacet
  facet normal 0 0 1
    outer loop
      vertex -9 7 6.597759065022574
      vertex 5 7 6.597759065022574
      vertex 10 9.899999998509884 6.597759065022574
    endloop
  endfacet
  facet normal 0 0 1
    outer loop
      vertex -9 7 6.597759065022574
      vertex 10 9.899999998509884 6.597759065022574
      vertex 5 12 6.597759065022574
    endloop
  endfacet
  facet normal 0 0 1
    outer loop
      vertex 10 4.899999998509884 6.597759065022574
      vertex 24 4.899999998509884 6.597759065022574
      vertex 10 9.899999998509884 6.597759065022574
    endloop
  endfacet
  facet normal 0 0 1
    outer loop
      vertex 5 12 6.597759065022574
      vertex 10 9.899999998509884 6.597759065022574
      vertex 10 23.899999998509884 6.597759065022574
    endloop
  endfacet
  facet normal 0 0 1
    outer loop
      vertex 5 12 6.597759065022574
      vertex 10 23.899999998509884 6.597759065022574
      vertex 5 26 6.597759065022574
    endloop
  endfacet
  facet normal -0.005912029297541693 0.7153555450025423 0.6987356382378822
    outer loop
      vertex -12.91116507287507 31.301431887477495 5.515366864730179
      vertex -11.638336442458158 30.350194049450067 6.5
      vertex 42.00146044750877 30.79349815597872 6.5
    endloop
  endfacet
  facet normal -0.005912029297541657 0.7153555450025381 0.6987356382378865
    outer loop
      vertex -12.670310149558976 30.246177519484544 6.597759065022574
      vertex 42.00146044750877 30.79349815597872 6.5
      vertex -11.638336442458158 30.350194049450067 6.5
    endloop
  endfacet
  facet normal 0 0 1
    outer loop
      vertex -31.670310149558976 28.146177517994428 6.597759065022574
      vertex 67.82968985044103 30.746177519484544 6.597759065022574
      vertex -12.670310149558976 30.246177519484544 6.597759065022574
    endloop
  endfacet
  facet normal 0 0 1
    outer loop
      vertex 5 26 6.597759065022574
      vertex 10 23.899999998509884 6.597759065022574
      vertex 24 23.899999998509884 6.597759065022574
    endloop
  endfacet
  facet normal 0 0 1
    outer loop
      vertex -31.670310149558976 28.146177517994428 6.597759065022574
      vertex -9 26 6.597759065022574
      vertex 67.82968985044103 30.746177519484544 6.597759065022574
    endloop
  endfacet
  facet normal -0.35679133466529583 -0.934184105788445 0
    outer loop
      vertex 11.246003308710762 -51.836105892078876 5.515366864730179
      vertex 11.246003308710762 -51.836105892078876 0.25
      vertex 59.91737881366725 -70.4250809333025 0.25
    endloop
  endfacet
  facet normal 0.22252093395630806 -0.974927912181825 0
    outer loop
      vertex 59.91737881366725 -70.4250809333025 5.515366864730179
      vertex 59.91737881366725 -70.4250809333025 0.25
      vertex 61.48060281987593 -70.06828525487535 0.25
    endloop
  endfacet
  facet normal 0.8191520444164928 -0.5735764361689559 0
    outer loop
      vertex 61.48060281987593 -70.06828525487535 5.515366864730179
      vertex 61.48060281987593 -70.06828525487535 0.25
      vertex 73.52570797915861 -52.86609232250802 0.25
    endloop
  endfacet
  facet normal 0.9009688679024318 -0.4338837391175321 0
    outer loop
      vertex 73.52570797915861 -52.86609232250802 5.515366864730179
      vertex 73.52570797915861 -52.86609232250802 0.25
      vertex 73.53688417306354 -52.842884716732186 0.25
    endloop
  endfacet
  facet normal 0.8191520441841217 -0.5735764365008161 0
    outer loop
      vertex 73.53688417306354 -52.842884716732186 5.515366864730179
      vertex 73.53688417306354 -52.842884716732186 0.25
      vertex 84.94185436184809 -36.55489928100459 0.25
    endloop
  endfacet
  facet normal 0.5735764364737819 0.8191520442030513 1.4727534286184773e-14
    outer loop
      vertex 69.44955619158732 -22.81780289643548 0.6217468245269457
      vertex 69.67080086699907 -22.972720085996947 0.25
      vertex 63.90676182136356 -18.936696494420783 0.25
    endloop
  endfacet
  facet normal 0.5735764364737823 0.8191520442030509 2.901422131322652e-15
    outer loop
      vertex 69.44955619158732 -22.81780289643548 0.6217468245269457
      vertex 63.90676182136356 -18.936696494420783 0.25
      vertex 69.39835918882463 -22.78195436915587 0.7300000000000004
    endloop
  endfacet
  facet normal 0.5735764364737825 0.8191520442030508 0
    outer loop
      vertex 69.39835918882463 -22.78195436915587 0.7300000000000004
      vertex 63.90676182136356 -18.936696494420783 0.25
      vertex 69.39835918882463 -22.78195436915587 1.67
    endloop
  endfacet
  facet normal 0.5735764364737821 0.8191520442030511 -7.532735276092384e-15
    outer loop
      vertex 76.84900867466969 -27.998955305366568 0.6217468257190384
      vertex 84.94185436184809 -33.66562686290391 0.25
      vertex 76.62776399830541 -27.844038115138133 0.25
    endloop
  endfacet
  facet normal 0.5735764364737826 0.8191520442030507 1.1451241010245416e-14
    outer loop
      vertex 76.84900867466969 -27.998955305366568 0.6217468257190384
      vertex 76.89042791996576 -28.027957373159083 0.7300000011920931
      vertex 84.94185436184809 -33.66562686290391 0.25
    endloop
  endfacet
  facet normal 0.5735764364737822 0.819152044203051 0
    outer loop
      vertex 76.89042791996576 -28.027957373159083 0.7300000011920931
      vertex 76.89042791996576 -28.027957373159083 1.6699999988079073
      vertex 84.94185436184809 -33.66562686290391 0.25
    endloop
  endfacet
  facet normal 0.5735764364737824 0.8191520442030508 0
    outer loop
      vertex 69.39835918882463 -22.78195436915587 1.67
      vertex 63.90676182136356 -18.936696494420783 0.25
      vertex 63.90676182136356 -18.936696494420783 5.515366864730179
    endloop
  endfacet
  facet normal 0.5735764364737814 0.8191520442030515 -2.269713214106262e-15
    outer loop
      vertex 69.39835918882463 -22.78195436915587 1.67
      vertex 63.90676182136356 -18.936696494420783 5.515366864730179
      vertex 69.44955619158732 -22.81780289643548 1.7782531754730548
    endloop
  endfacet
  facet normal 0.5735764364737812 0.8191520442030518 -2.839460597809971e-15
    outer loop
      vertex 69.44955619158732 -22.81780289643548 1.7782531754730548
      vertex 63.90676182136356 -18.936696494420783 5.515366864730179
      vertex 70.07783854872706 -23.25773093916918 2.8339259085606754
    endloop
  endfacet
  facet normal 0.9009688679024199 -0.4338837391175564 0
    outer loop
      vertex 84.94185436184809 -36.55489928100459 5.515366864730179
      vertex 84.94185436184809 -36.55489928100459 0.25
      vertex 85.63755449353705 -35.11026307195425 0.25
    endloop
  endfacet
  facet normal 0.9009688679024199 0.4338837391175564 0
    outer loop
      vertex 85.63755449353705 -35.11026307195425 5.515366864730179
      vertex 85.63755449353705 -35.11026307195425 0.25
      vertex 84.94185436184809 -33.66562686290391 0.25
    endloop
  endfacet
  facet normal 0.5735764364737822 0.8191520442030509 0
    outer loop
      vertex 76.89042791996576 -28.027957373159083 1.6699999988079073
      vertex 84.94185436184809 -33.66562686290391 5.515366864730179
      vertex 84.94185436184809 -33.66562686290391 0.25
    endloop
  endfacet
  facet normal 0.5735764364737854 0.8191520442030488 -9.902832698147829e-15
    outer loop
      vertex 76.89042791996576 -28.027957373159083 1.6699999988079073
      vertex 76.84900867466969 -27.998955305366568 1.7782531742809622
      vertex 84.94185436184809 -33.66562686290391 5.515366864730179
    endloop
  endfacet
  facet normal 0.5735764364737818 0.8191520442030514 2.0708295365505955e-15
    outer loop
      vertex 76.84900867466969 -27.998955305366568 1.7782531742809622
      vertex 76.22072631571598 -27.55902726136271 2.833925909256777
      vertex 84.94185436184809 -33.66562686290391 5.515366864730179
    endloop
  endfacet
  facet normal -0.356791334665296 -0.934184105788445 -1.3911917999710316e-15
    outer loop
      vertex 11.246003308710762 -51.836105892078876 5.515366864730179
      vertex 59.91737881366725 -70.4250809333025 0.25
      vertex 14.870661210900098 -53.220465273290735 5.515366864730179
    endloop
  endfacet
  facet normal -0.3567913346652958 -0.9341841057884451 0
    outer loop
      vertex 14.870661210900098 -53.220465273290735 5.515366864730179
      vertex 59.91737881366725 -70.4250809333025 0.25
      vertex 59.91737881366725 -70.4250809333025 5.515366864730179
    endloop
  endfacet
  facet normal -0.2535344201136598 -0.6638272921136296 0.7036004719034206
    outer loop
      vertex 14.870661210900098 -53.220465273290735 5.515366864730179
      vertex 60.15823373698335 -69.36982656530955 6.597759065022574
      vertex 15.11151613421619 -52.165210905297776 6.597759065022574
    endloop
  endfacet
  facet normal 0 0 1
    outer loop
      vertex 15.11151613421619 -52.165210905297776 6.597759065022574
      vertex 25.038077593575874 -50.777970286830445 6.597759065022574
      vertex 11.499481757247766 -50.777970286830445 6.597759065022574
    endloop
  endfacet
  facet normal 0 0 1
    outer loop
      vertex 14.166546911001205 -46.363272689282894 6.597759065022574
      vertex 28.044219501986404 -50.777970286830445 6.597759065022574
      vertex 28.113272689282894 -47.583453088998795 6.597759065022574
    endloop
  endfacet
  facet normal 0 0 1
    outer loop
      vertex 15.11151613421619 -52.165210905297776 6.597759065022574
      vertex 44.93370734155178 -53.63865601271391 6.597759065022574
      vertex 25.038077593575874 -50.777970286830445 6.597759065022574
    endloop
  endfacet
  facet normal 0 0 1
    outer loop
      vertex 25.038077593575874 -50.777970286830445 6.597759065022574
      vertex 44.93370734155178 -53.63865601271391 6.597759065022574
      vertex 26.458488079930284 -50.777970286830445 6.597759065022574
    endloop
  endfacet
  facet normal 0 0 1
    outer loop
      vertex 26.458488079930284 -50.777970286830445 6.597759065022574
      vertex 44.93370734155178 -53.63865601271391 6.597759065022574
      vertex 28.044219501986404 -50.777970286830445 6.597759065022574
    endloop
  endfacet
  facet normal 0 0 1
    outer loop
      vertex 28.044219501986404 -50.777970286830445 6.597759065022574
      vertex 31.77801065146923 -48.85037400573492 6.597759065022574
      vertex 28.113272689282894 -47.583453088998795 6.597759065022574
    endloop
  endfacet
  facet normal 0 0 1
    outer loop
      vertex 15.11151613421619 -52.165210905297776 6.597759065022574
      vertex 60.15823373698335 -69.36982656530955 6.597759065022574
      vertex 48.00090063363314 -55.71902925521135 6.597759065022574
    endloop
  endfacet
  facet normal -0.25353442011366073 -0.6638272921136325 0.7036004719034177
    outer loop
      vertex 14.870661210900098 -53.220465273290735 5.515366864730179
      vertex 59.91737881366725 -70.4250809333025 5.515366864730179
      vertex 60.15823373698335 -69.36982656530955 6.597759065022574
    endloop
  endfacet
  facet normal 0 0 1
    outer loop
      vertex 15.11151613421619 -52.165210905297776 6.597759065022574
      vertex 48.00090063363314 -55.71902925521135 6.597759065022574
      vertex 44.93370734155178 -53.63865601271391 6.597759065022574
    endloop
  endfacet
  facet normal 0 0 1
    outer loop
      vertex 28.044219501986404 -50.777970286830445 6.597759065022574
      vertex 44.93370734155178 -53.63865601271391 6.597759065022574
      vertex 31.77801065146923 -48.85037400573492 6.597759065022574
    endloop
  endfacet
  facet normal 0 0 1
    outer loop
      vertex 44.93370734155178 -53.63865601271391 6.597759065022574
      vertex 48.00090063363314 -55.71902925521135 6.597759065022574
      vertex 46.999990677669146 -51.42396776308095 6.597759065022574
    endloop
  endfacet
  facet normal 0 0 1
    outer loop
      vertex 44.93370734155178 -53.63865601271391 6.597759065022574
      vertex 46.999990677669146 -51.42396776308095 6.597759065022574
      vertex 49.72198934853077 -40.48295932263136 6.597759065022574
    endloop
  endfacet
  facet normal 0 0 1
    outer loop
      vertex 48.00090063363314 -55.71902925521135 6.597759065022574
      vertex 56.03097074478865 -44.25090063363314 6.597759065022574
      vertex 46.999990677669146 -51.42396776308095 6.597759065022574
    endloop
  endfacet
  facet normal 0 0 1
    outer loop
      vertex 46.999990677669146 -51.42396776308095 6.597759065022574
      vertex 56.03097074478865 -44.25090063363314 6.597759065022574
      vertex 49.72198934853077 -40.48295932263136 6.597759065022574
    endloop
  endfacet
  facet normal 0 0 1
    outer loop
      vertex 28.113272689282894 -47.583453088998795 6.597759065022574
      vertex 31.77801065146923 -48.85037400573492 6.597759065022574
      vertex 36.56629265844822 -35.69467731565237 6.597759065022574
    endloop
  endfacet
  facet normal 0 0 1
    outer loop
      vertex 28.113272689282894 -47.583453088998795 6.597759065022574
      vertex 36.56629265844822 -35.69467731565237 6.597759065022574
      vertex 29.333453088998795 -33.636727310717106 6.597759065022574
    endloop
  endfacet
  facet normal 0 0 1
    outer loop
      vertex 15.386727310717106 -32.416546911001205 6.597759065022574
      vertex 29.333453088998795 -33.636727310717106 6.597759065022574
      vertex 10 -28.100000001490116 6.597759065022574
    endloop
  endfacet
  facet normal 0 0 1
    outer loop
      vertex 10 -28.100000001490116 6.597759065022574
      vertex 29 -29.5 6.597759065022574
      vertex 24 -28.100000001490116 6.597759065022574
    endloop
  endfacet
  facet normal 0 0 1
    outer loop
      vertex 24 -28.100000001490116 6.597759065022574
      vertex 29 -29.5 6.597759065022574
      vertex 29 -15.5 6.597759065022574
    endloop
  endfacet
  facet normal 0 0 1
    outer loop
      vertex 10 -28.100000001490116 6.597759065022574
      vertex 29.333453088998795 -33.636727310717106 6.597759065022574
      vertex 78.81434183257404 -36.235301471214534 6.597759065022574
    endloop
  endfacet
  facet normal 0 0 1
    outer loop
      vertex 29.333453088998795 -33.636727310717106 6.597759065022574
      vertex 36.56629265844822 -35.69467731565237 6.597759065022574
      vertex 78.81434183257404 -36.235301471214534 6.597759065022574
    endloop
  endfacet
  facet normal 0 0 1
    outer loop
      vertex 10 -28.100000001490116 6.597759065022574
      vertex 78.81434183257404 -36.235301471214534 6.597759065022574
      vertex 29 -29.5 6.597759065022574
    endloop
  endfacet
  facet normal 0 0 1
    outer loop
      vertex 29 -29.5 6.597759065022574
      vertex 78.81434183257404 -36.235301471214534 6.597759065022574
      vertex 43 -29.5 6.597759065022574
    endloop
  endfacet
  facet normal 0 0 1
    outer loop
      vertex 43 -29.5 6.597759065022574
      vertex 62.038687270731366 -18.969481145044632 6.597759065022574
      vertex 43 -15.5 6.597759065022574
    endloop
  endfacet
  facet normal 0.22252093395630806 -0.974927912181825 0
    outer loop
      vertex 59.91737881366725 -70.4250809333025 5.515366864730179
      vertex 61.48060281987593 -70.06828525487535 0.25
      vertex 61.48060281987593 -70.06828525487535 5.515366864730179
    endloop
  endfacet
  facet normal 0.8191520444164928 -0.5735764361689559 0
    outer loop
      vertex 61.48060281987593 -70.06828525487535 5.515366864730179
      vertex 73.52570797915861 -52.86609232250802 0.25
      vertex 73.52570797915861 -52.86609232250802 5.515366864730179
    endloop
  endfacet
  facet normal 0.9009688679024318 -0.4338837391175321 0
    outer loop
      vertex 73.52570797915861 -52.86609232250802 5.515366864730179
      vertex 73.53688417306354 -52.842884716732186 0.25
      vertex 73.53688417306354 -52.842884716732186 5.515366864730179
    endloop
  endfacet
  facet normal 0.8191520441841234 -0.5735764365008136 1.1527772099748211e-14
    outer loop
      vertex 73.53688417306354 -52.842884716732186 5.515366864730179
      vertex 84.94185436184809 -36.55489928100459 0.25
      vertex 74.49368678344902 -51.47642897639624 5.515366864730179
    endloop
  endfacet
  facet normal 0 0 1
    outer loop
      vertex 48.00090063363314 -55.71902925521135 6.597759065022574
      vertex 60.15823373698335 -69.36982656530955 6.597759065022574
      vertex 59.46902925521135 -63.74909936636686 6.597759065022574
    endloop
  endfacet
  facet normal 0.16531884035944647 -0.724309165031646 0.6693623192810958
    outer loop
      vertex 59.91737881366725 -70.4250809333025 5.515366864730179
      vertex 61.48060281987593 -70.06828525487535 5.515366864730179
      vertex 60.15823373698335 -69.36982656530955 6.597759065022574
    endloop
  endfacet
  facet normal 0.16531884035945388 -0.7243091650316398 0.6693623192811007
    outer loop
      vertex 61.48060281987593 -70.06828525487535 5.515366864730179
      vertex 60.805742321382176 -69.22203695630891 6.597759065022574
      vertex 60.15823373698335 -69.36982656530955 6.597759065022574
    endloop
  endfacet
  facet normal 0 0 1
    outer loop
      vertex 59.46902925521135 -63.74909936636686 6.597759065022574
      vertex 60.15823373698335 -69.36982656530955 6.597759065022574
      vertex 72.08233345600787 -51.99697788156772 6.597759065022574
    endloop
  endfacet
  facet normal 0.5911700712692788 -0.41394174007087886 0.6922211948955109
    outer loop
      vertex 61.48060281987593 -70.06828525487535 5.515366864730179
      vertex 72.85084748066487 -52.01984402394159 6.597759065022574
      vertex 60.805742321382176 -69.22203695630891 6.597759065022574
    endloop
  endfacet
  facet normal 0 0 1
    outer loop
      vertex 60.15823373698335 -69.36982656530955 6.597759065022574
      vertex 60.805742321382176 -69.22203695630891 6.597759065022574
      vertex 72.08233345600787 -51.99697788156772 6.597759065022574
    endloop
  endfacet
  facet normal 0 0 1
    outer loop
      vertex 59.46902925521135 -63.74909936636686 6.597759065022574
      vertex 72.08233345600787 -51.99697788156772 6.597759065022574
      vertex 67.49909936636686 -52.28097074478865 6.597759065022574
    endloop
  endfacet
  facet normal 0 0 1
    outer loop
      vertex 67.49909936636686 -52.28097074478865 6.597759065022574
      vertex 64.34350608265385 -49.43862059756257 6.597759065022574
      vertex 56.03097074478865 -44.25090063363314 6.597759065022574
    endloop
  endfacet
  facet normal 0 0 1
    outer loop
      vertex 64.34350608265385 -49.43862059756257 6.597759065022574
      vertex 65.67869343472253 -49.41547887042086 6.597759065022574
      vertex 56.03097074478865 -44.25090063363314 6.597759065022574
    endloop
  endfacet
  facet normal 0 0 1
    outer loop
      vertex 67.49909936636686 -52.28097074478865 6.597759065022574
      vertex 72.14544239080051 -50.622325169238366 6.597759065022574
      vertex 64.34350608265385 -49.43862059756257 6.597759065022574
    endloop
  endfacet
  facet normal 0 0 1
    outer loop
      vertex 64.34350608265385 -49.43862059756257 6.597759065022574
      vertex 72.14544239080051 -50.622325169238366 6.597759065022574
      vertex 65.67869343472253 -49.41547887042086 6.597759065022574
    endloop
  endfacet
  facet normal 0.5911700712692814 -0.41394174007088047 0.6922211948955076
    outer loop
      vertex 61.48060281987593 -70.06828525487535 5.515366864730179
      vertex 73.52570797915861 -52.86609232250802 5.515366864730179
      vertex 72.85084748066487 -52.01984402394159 6.597759065022574
    endloop
  endfacet
  facet normal 0 0 1
    outer loop
      vertex 60.805742321382176 -69.22203695630891 6.597759065022574
      vertex 72.85084748066487 -52.01984402394159 6.597759065022574
      vertex 72.08233345600787 -51.99697788156772 6.597759065022574
    endloop
  endfacet
  facet normal 0.6693623192811136 -0.32234790375190164 0.6693623192810926
    outer loop
      vertex 73.52570797915861 -52.86609232250802 5.515366864730179
      vertex 73.53688417306354 -52.842884716732186 5.515366864730179
      vertex 72.85084748066487 -52.01984402394159 6.597759065022574
    endloop
  endfacet
  facet normal 0.5911700710677463 -0.41394174028668396 0.692221194938574
    outer loop
      vertex 73.53688417306354 -52.842884716732186 5.515366864730179
      vertex 74.49368678344902 -51.47642897639624 5.515366864730179
      vertex 72.8620236745698 -51.99663641816576 6.597759065022574
    endloop
  endfacet
  facet normal 0 0 1
    outer loop
      vertex 67.49909936636686 -52.28097074478865 6.597759065022574
      vertex 72.08233345600787 -51.99697788156772 6.597759065022574
      vertex 72.14544239080051 -50.622325169238366 6.597759065022574
    endloop
  endfacet
  facet normal 0 0 1
    outer loop
      vertex 72.08233345600787 -51.99697788156772 6.597759065022574
      vertex 72.85084748066487 -52.01984402394159 6.597759065022574
      vertex 72.85084748066487 -52.012597677207836 6.597759065022574
    endloop
  endfacet
  facet normal 0 0 1
    outer loop
      vertex 72.08233345600787 -51.99697788156772 6.597759065022574
      vertex 72.85084748066487 -52.012597677207836 6.597759065022574
      vertex 72.8620236745698 -51.99663641816576 6.597759065022574
    endloop
  endfacet
  facet normal 0.6693623192811132 -0.32234790375190303 0.6693623192810925
    outer loop
      vertex 73.53688417306354 -52.842884716732186 5.515366864730179
      vertex 72.8620236745698 -51.99663641816576 6.597759065022574
      vertex 72.85084748066487 -52.01984402394159 6.597759065022574
    endloop
  endfacet
  facet normal 0.5911700710677462 -0.4139417402866839 0.692221194938574
    outer loop
      vertex 74.49368678344902 -51.47642897639624 5.515366864730179
      vertex 73.81882628495528 -50.63018067782981 6.597759065022574
      vertex 72.8620236745698 -51.99663641816576 6.597759065022574
    endloop
  endfacet
  facet normal 0 0 1
    outer loop
      vertex 72.85084748066487 -52.01984402394159 6.597759065022574
      vertex 72.8620236745698 -51.99663641816576 6.597759065022574
      vertex 72.85084748066487 -52.012597677207836 6.597759065022574
    endloop
  endfacet
  facet normal 0 0 1
    outer loop
      vertex 72.08233345600787 -51.99697788156772 6.597759065022574
      vertex 72.8620236745698 -51.99663641816576 6.597759065022574
      vertex 73.81882628495528 -50.63018067782981 6.597759065022574
    endloop
  endfacet
  facet normal 0 0 1
    outer loop
      vertex 65.67869343472253 -49.41547887042086 6.597759065022574
      vertex 72.14544239080051 -50.622325169238366 6.597759065022574
      vertex 73.81882628495528 -50.63018067782981 6.597759065022574
    endloop
  endfacet
  facet normal 0 0 1
    outer loop
      vertex 72.08233345600787 -51.99697788156772 6.597759065022574
      vertex 73.81882628495528 -50.63018067782981 6.597759065022574
      vertex 72.14544239080051 -50.622325169238366 6.597759065022574
    endloop
  endfacet
  facet normal 0 0 1
    outer loop
      vertex 65.67869343472253 -49.41547887042086 6.597759065022574
      vertex 73.81882628495528 -50.63018067782981 6.597759065022574
      vertex 83.46864398293941 -36.84881277239187 6.597759065022574
    endloop
  endfacet
  facet normal 0.5911700710677447 -0.4139417402866857 0.6922211949385744
    outer loop
      vertex 74.49368678344902 -51.47642897639624 5.515366864730179
      vertex 83.46864398293941 -36.84881277239187 6.597759065022574
      vertex 73.81882628495528 -50.63018067782981 6.597759065022574
    endloop
  endfacet
  facet normal 0.8191520441841216 -0.5735764365008164 0
    outer loop
      vertex 74.49368678344902 -51.47642897639624 5.515366864730179
      vertex 84.94185436184809 -36.55489928100459 0.25
      vertex 84.14350448143315 -37.695061070958296 5.515366864730179
    endloop
  endfacet
  facet normal 0.8191520441841214 -0.5735764365008164 0
    outer loop
      vertex 84.14350448143315 -37.695061070958296 5.515366864730179
      vertex 84.94185436184809 -36.55489928100459 0.25
      vertex 84.94185436184809 -36.55489928100459 5.515366864730179
    endloop
  endfacet
  facet normal 0.9009688679024199 -0.4338837391175564 0
    outer loop
      vertex 84.94185436184809 -36.55489928100459 5.515366864730179
      vertex 85.63755449353705 -35.11026307195425 0.25
      vertex 85.63755449353705 -35.11026307195425 5.515366864730179
    endloop
  endfacet
  facet normal 0.9009688679024199 0.4338837391175564 0
    outer loop
      vertex 85.63755449353705 -35.11026307195425 5.515366864730179
      vertex 84.94185436184809 -33.66562686290391 0.25
      vertex 84.94185436184809 -33.66562686290391 5.515366864730179
    endloop
  endfacet
  facet normal 0.5735764364737826 0.8191520442030509 -2.1201430017312164e-15
    outer loop
      vertex 76.22072631571598 -27.55902726136271 2.833925909256777
      vertex 70.07783854872706 -23.25773093916918 2.8339259085606754
      vertex 84.94185436184809 -33.66562686290391 5.515366864730179
    endloop
  endfacet
  facet normal 0.5735764364737822 0.819152044203051 6.191463373101417e-16
    outer loop
      vertex 70.07783854872706 -23.25773093916918 2.8339259085606754
      vertex 63.90676182136356 -18.936696494420783 5.515366864730179
      vertex 84.94185436184809 -33.66562686290391 5.515366864730179
    endloop
  endfacet
  facet normal 0 0 1
    outer loop
      vertex 36.56629265844822 -35.69467731565237 6.597759065022574
      vertex 49.72198934853077 -40.48295932263136 6.597759065022574
      vertex 78.81434183257404 -36.235301471214534 6.597759065022574
    endloop
  endfacet
  facet normal 0 0 1
    outer loop
      vertex 49.72198934853077 -40.48295932263136 6.597759065022574
      vertex 56.03097074478865 -44.25090063363314 6.597759065022574
      vertex 83.46864398293941 -36.84881277239187 6.597759065022574
    endloop
  endfacet
  facet normal 0 0 1
    outer loop
      vertex 65.67869343472253 -49.41547887042086 6.597759065022574
      vertex 83.46864398293941 -36.84881277239187 6.597759065022574
      vertex 56.03097074478865 -44.25090063363314 6.597759065022574
    endloop
  endfacet
  facet normal 0 0 1
    outer loop
      vertex 43 -29.5 6.597759065022574
      vertex 61.87458117082115 -19.21357327791168 6.597759065022574
      vertex 62.038687270731366 -18.969481145044632 6.597759065022574
    endloop
  endfacet
  facet normal 0 0 1
    outer loop
      vertex 43 -29.5 6.597759065022574
      vertex 78.81434183257404 -36.235301471214534 6.597759065022574
      vertex 61.87458117082115 -19.21357327791168 6.597759065022574
    endloop
  endfacet
  facet normal 0 0 1
    outer loop
      vertex 78.81434183257404 -36.235301471214534 6.597759065022574
      vertex 62.038687270731366 -18.969481145044632 6.597759065022574
      vertex 61.87458117082115 -19.21357327791168 6.597759065022574
    endloop
  endfacet
  facet normal 0 0 1
    outer loop
      vertex 78.81434183257404 -36.235301471214534 6.597759065022574
      vertex 62.36382623998767 -19.240749423108657 6.597759065022574
      vertex 62.038687270731366 -18.969481145044632 6.597759065022574
    endloop
  endfacet
  facet normal 0 0 1
    outer loop
      vertex 78.81434183257404 -36.235301471214534 6.597759065022574
      vertex 62.43668804090677 -19.226130458294648 6.597759065022574
      vertex 62.36382623998767 -19.240749423108657 6.597759065022574
    endloop
  endfacet
  facet normal 0 0 1
    outer loop
      vertex 49.72198934853077 -40.48295932263136 6.597759065022574
      vertex 83.46864398293941 -36.84881277239187 6.597759065022574
      vertex 78.81434183257404 -36.235301471214534 6.597759065022574
    endloop
  endfacet
  facet normal 0.5911700710677448 -0.4139417402866858 0.6922211949385744
    outer loop
      vertex 74.49368678344902 -51.47642897639624 5.515366864730179
      vertex 84.14350448143315 -37.695061070958296 5.515366864730179
      vertex 83.46864398293941 -36.84881277239187 6.597759065022574
    endloop
  endfacet
  facet normal 0.5911700710677447 -0.4139417402866858 0.6922211949385745
    outer loop
      vertex 84.14350448143315 -37.695061070958296 5.515366864730179
      vertex 84.94185436184809 -36.55489928100459 5.515366864730179
      vertex 83.46864398293941 -36.84881277239187 6.597759065022574
    endloop
  endfacet
  facet normal 0.669362319281101 -0.3223479037519179 0.6693623192810975
    outer loop
      vertex 84.94185436184809 -36.55489928100459 5.515366864730179
      vertex 85.63755449353705 -35.11026307195425 5.515366864730179
      vertex 84.26699386335434 -35.70865098243816 6.597759065022574
    endloop
  endfacet
  facet normal 0.669362319281101 0.3223479037519179 0.6693623192810975
    outer loop
      vertex 85.63755449353705 -35.11026307195425 5.515366864730179
      vertex 84.94185436184809 -33.66562686290391 5.515366864730179
      vertex 84.26699386335434 -34.51187516147034 6.597759065022574
    endloop
  endfacet
  facet normal 0.5911700710677447 -0.4139417402866857 0.6922211949385744
    outer loop
      vertex 84.94185436184809 -36.55489928100459 5.515366864730179
      vertex 84.26699386335434 -35.70865098243816 6.597759065022574
      vertex 83.46864398293941 -36.84881277239187 6.597759065022574
    endloop
  endfacet
  facet normal 0.6693623192811009 -0.32234790375191746 0.6693623192810976
    outer loop
      vertex 85.63755449353705 -35.11026307195425 5.515366864730179
      vertex 84.55516229324466 -35.11026307195425 6.597759065022574
      vertex 84.26699386335434 -35.70865098243816 6.597759065022574
    endloop
  endfacet
  facet normal 0 0 1
    outer loop
      vertex 78.81434183257404 -36.235301471214534 6.597759065022574
      vertex 83.46864398293941 -36.84881277239187 6.597759065022574
      vertex 83.67315405633 -36.250168876972985 6.597759065022574
    endloop
  endfacet
  facet normal 0 0 1
    outer loop
      vertex 83.46864398293941 -36.84881277239187 6.597759065022574
      vertex 84.55516229324466 -35.11026307195425 6.597759065022574
      vertex 83.67315405633 -36.250168876972985 6.597759065022574
    endloop
  endfacet
  facet normal 0 0 1
    outer loop
      vertex 83.46864398293941 -36.84881277239187 6.597759065022574
      vertex 84.26699386335434 -35.70865098243816 6.597759065022574
      vertex 84.55516229324466 -35.11026307195425 6.597759065022574
    endloop
  endfacet
  facet normal 0 0 1
    outer loop
      vertex 83.67315405633 -36.250168876972985 6.597759065022574
      vertex 84.55516229324466 -35.11026307195425 6.597759065022574
      vertex 84.26699386335434 -34.51187516147034 6.597759065022574
    endloop
  endfacet
  facet normal 0.6693623192811009 0.32234790375191746 0.6693623192810976
    outer loop
      vertex 85.63755449353705 -35.11026307195425 5.515366864730179
      vertex 84.26699386335434 -34.51187516147034 6.597759065022574
      vertex 84.55516229324466 -35.11026307195425 6.597759065022574
    endloop
  endfacet
  facet normal 0 0 1
    outer loop
      vertex 78.81434183257404 -36.235301471214534 6.597759065022574
      vertex 83.67315405633 -36.250168876972985 6.597759065022574
      vertex 62.43668804090677 -19.226130458294648 6.597759065022574
    endloop
  endfacet
  facet normal 0 0 1
    outer loop
      vertex 83.67315405633 -36.250168876972985 6.597759065022574
      vertex 84.26699386335434 -34.51187516147034 6.597759065022574
      vertex 62.43668804090677 -19.226130458294648 6.597759065022574
    endloop
  endfacet
  facet normal 0.40597381383437603 0.5797906928321647 0.7064191496455698
    outer loop
      vertex 84.26699386335434 -34.51187516147034 6.597759065022574
      vertex 63.90676182136356 -18.936696494420783 5.515366864730179
      vertex 62.94803507642009 -19.125454423274295 6.22126228626207
    endloop
  endfacet
  facet normal 0.4059738138343793 0.5797906928321691 0.7064191496455643
    outer loop
      vertex 62.83898910529902 -19.38871468567693 6.5
      vertex 84.26699386335434 -34.51187516147034 6.597759065022574
      vertex 62.94803507642009 -19.125454423274295 6.22126228626207
    endloop
  endfacet
  facet normal 0.4059738138337028 0.5797906928312181 0.7064191496467336
    outer loop
      vertex 62.83898910529902 -19.38871468567693 6.5
      vertex 62.56946157553944 -19.199989477524053 6.5
      vertex 84.26699386335434 -34.51187516147034 6.597759065022574
    endloop
  endfacet
  facet normal 0.4059738138343843 0.5797906928321764 0.7064191496455553
    outer loop
      vertex 84.26699386335434 -34.51187516147034 6.597759065022574
      vertex 62.56946157553944 -19.199989477524053 6.5
      vertex 62.43668804090677 -19.226130458294648 6.597759065022574
    endloop
  endfacet
  facet normal 0.40597381383437814 0.5797906928321671 0.7064191496455666
    outer loop
      vertex 84.94185436184809 -33.66562686290391 5.515366864730179
      vertex 63.90676182136356 -18.936696494420783 5.515366864730179
      vertex 84.26699386335434 -34.51187516147034 6.597759065022574
    endloop
  endfacet
  facet normal 0 1 0
    outer loop
      vertex 49.9775 31.801431887477495 0.6217468245269457
      vertex 50.247589877669775 31.801431887477495 0.25
      vertex 47.58883492712493 31.801431887477495 0.25
    endloop
  endfacet
  facet normal 0 1 0
    outer loop
      vertex 49.9775 31.801431887477495 0.6217468245269457
      vertex 47.58883492712493 31.801431887477495 0.25
      vertex 49.915 31.801431887477495 0.7300000000000004
    endloop
  endfacet
  facet normal 0 1 0
    outer loop
      vertex 49.915 31.801431887477495 0.7300000000000004
      vertex 47.58883492712493 31.801431887477495 0.25
      vertex 49.915 31.801431887477495 1.67
    endloop
  endfacet
  facet normal -0.00826418058740938 0.9999658510765349 0
    outer loop
      vertex 47.58883492712493 31.801431887477495 5.515366864730179
      vertex 47.58883492712493 31.801431887477495 0.25
      vertex -12.91116507287507 31.301431887477495 0.25
    endloop
  endfacet
  facet normal 0 1 0
    outer loop
      vertex 49.915 31.801431887477495 1.67
      vertex 47.58883492712493 31.801431887477495 0.25
      vertex 47.58883492712493 31.801431887477495 5.515366864730179
    endloop
  endfacet
  facet normal 0 1 0
    outer loop
      vertex 49.915 31.801431887477495 1.67
      vertex 47.58883492712493 31.801431887477495 5.515366864730179
      vertex 49.9775 31.801431887477495 1.7782531754730548
    endloop
  endfacet
  facet normal 0 1 0
    outer loop
      vertex 49.9775 31.801431887477495 1.7782531754730548
      vertex 47.58883492712493 31.801431887477495 5.515366864730179
      vertex 50.74449113624381 31.801431887477495 2.8339259085606754
    endloop
  endfacet
  facet normal 0.8191520440208324 -0.5735764367340174 0
    outer loop
      vertex 63.90676182136356 -18.936696494420783 5.515366864730179
      vertex 63.90676182136356 -18.936696494420783 0.25
      vertex 69.15666360075876 -11.439059740046185 0.25
    endloop
  endfacet
  facet normal 0.9009688679024203 -0.433883739117556 0
    outer loop
      vertex 69.15666360075876 -11.439059740046185 5.515366864730179
      vertex 69.15666360075876 -11.439059740046185 0.25
      vertex 69.85236373244773 -9.994423530995846 0.25
    endloop
  endfacet
  facet normal 0.9009688679024356 0.4338837391175238 0
    outer loop
      vertex 69.85236373244773 -9.994423530995846 5.515366864730179
      vertex 69.85236373244773 -9.994423530995846 0.25
      vertex 69.84775906502257 -9.98486184056341 0.25
    endloop
  endfacet
  facet normal 1 0 0
    outer loop
      vertex 69.84775906502257 -9.98486184056341 5.515366864730179
      vertex 69.84775906502257 -9.98486184056341 0.25
      vertex 69.84775906502257 30 0.25
    endloop
  endfacet
  facet normal 0 1 0
    outer loop
      vertex 59.0105635630425 31.801431887477495 0.6217468257190384
      vertex 67.58883492712494 31.801431887477495 0.25
      vertex 58.74047368420991 31.801431887477495 0.25
    endloop
  endfacet
  facet normal 0 1 0
    outer loop
      vertex 59.0105635630425 31.801431887477495 0.6217468257190384
      vertex 59.061127125190936 31.801431887477495 0.7300000011920931
      vertex 67.58883492712494 31.801431887477495 0.25
    endloop
  endfacet
  facet normal 0 1 0
    outer loop
      vertex 59.061127125190936 31.801431887477495 0.7300000011920931
      vertex 59.061127125190936 31.801431887477495 1.6699999988079073
      vertex 67.58883492712494 31.801431887477495 0.25
    endloop
  endfacet
  facet normal 0 1 0
    outer loop
      vertex 59.061127125190936 31.801431887477495 1.6699999988079073
      vertex 67.58883492712494 31.801431887477495 5.515366864730179
      vertex 67.58883492712494 31.801431887477495 0.25
    endloop
  endfacet
  facet normal 0 1 0
    outer loop
      vertex 59.061127125190936 31.801431887477495 1.6699999988079073
      vertex 59.0105635630425 31.801431887477495 1.7782531742809622
      vertex 67.58883492712494 31.801431887477495 5.515366864730179
    endloop
  endfacet
  facet normal 0 1 0
    outer loop
      vertex 59.0105635630425 31.801431887477495 1.7782531742809622
      vertex 58.24357242458425 31.801431887477495 2.833925909256777
      vertex 67.58883492712494 31.801431887477495 5.515366864730179
    endloop
  endfacet
  facet normal 0.22252093395631325 0.9749279121818238 0
    outer loop
      vertex 69.1520589333336 31.44463620905034 5.515366864730179
      vertex 69.1520589333336 31.44463620905034 0.25
      vertex 67.58883492712494 31.801431887477495 0.25
    endloop
  endfacet
  facet normal 0.9009688679024203 0.43388373911755546 0
    outer loop
      vertex 69.84775906502257 30 5.515366864730179
      vertex 69.84775906502257 30 0.25
      vertex 69.1520589333336 31.44463620905034 0.25
    endloop
  endfacet
  facet normal 0 0 1
    outer loop
      vertex 5 -12 6.597759065022574
      vertex 24 -14.100000001490116 6.597759065022574
      vertex 29 -10.5 6.597759065022574
    endloop
  endfacet
  facet normal 0 0 1
    outer loop
      vertex 24 -28.100000001490116 6.597759065022574
      vertex 29 -15.5 6.597759065022574
      vertex 24 -14.100000001490116 6.597759065022574
    endloop
  endfacet
  facet normal 0 0 1
    outer loop
      vertex 24 -14.100000001490116 6.597759065022574
      vertex 29 -15.5 6.597759065022574
      vertex 43 -15.5 6.597759065022574
    endloop
  endfacet
  facet normal 0 0 1
    outer loop
      vertex 24 -14.100000001490116 6.597759065022574
      vertex 43 -10.5 6.597759065022574
      vertex 29 -10.5 6.597759065022574
    endloop
  endfacet
  facet normal 0 0 1
    outer loop
      vertex 24 -9.100000001490116 6.597759065022574
      vertex 29 -10.5 6.597759065022574
      vertex 29 3.5 6.597759065022574
    endloop
  endfacet
  facet normal 0 0 1
    outer loop
      vertex 24 -9.100000001490116 6.597759065022574
      vertex 29 3.5 6.597759065022574
      vertex 24 4.899999998509884 6.597759065022574
    endloop
  endfacet
  facet normal 0 0 1
    outer loop
      vertex 24 4.899999998509884 6.597759065022574
      vertex 29 3.5 6.597759065022574
      vertex 43 3.5 6.597759065022574
    endloop
  endfacet
  facet normal 0 0 1
    outer loop
      vertex 24 4.899999998509884 6.597759065022574
      vertex 43 3.5 6.597759065022574
      vertex 29 8.5 6.597759065022574
    endloop
  endfacet
  facet normal 0 0 1
    outer loop
      vertex 24 -14.100000001490116 6.597759065022574
      vertex 43 -15.5 6.597759065022574
      vertex 67.82968985044103 -10.435873099351934 6.597759065022574
    endloop
  endfacet
  facet normal 0 0 1
    outer loop
      vertex 24 -14.100000001490116 6.597759065022574
      vertex 67.82968985044103 -9.448923071382447 6.597759065022574
      vertex 43 -10.5 6.597759065022574
    endloop
  endfacet
  facet normal 0 0 1
    outer loop
      vertex 10 9.899999998509884 6.597759065022574
      vertex 24 4.899999998509884 6.597759065022574
      vertex 24 9.899999998509884 6.597759065022574
    endloop
  endfacet
  facet normal 0 0 1
    outer loop
      vertex 24 4.899999998509884 6.597759065022574
      vertex 29 8.5 6.597759065022574
      vertex 24 9.899999998509884 6.597759065022574
    endloop
  endfacet
  facet normal 0 0 1
    outer loop
      vertex 24 9.899999998509884 6.597759065022574
      vertex 29 8.5 6.597759065022574
      vertex 29 22.5 6.597759065022574
    endloop
  endfacet
  facet normal 0 0 1
    outer loop
      vertex 24 9.899999998509884 6.597759065022574
      vertex 29 22.5 6.597759065022574
      vertex 24 23.899999998509884 6.597759065022574
    endloop
  endfacet
  facet normal -0.005912029297541671 0.7153555450025422 0.6987356382378825
    outer loop
      vertex -12.91116507287507 31.301431887477495 5.515366864730179
      vertex 42.5 31 6.292804530339021
      vertex 47.58883492712493 31.801431887477495 5.515366864730179
    endloop
  endfacet
  facet normal -0.005912029297541597 0.7153555450025456 0.6987356382378788
    outer loop
      vertex -12.91116507287507 31.301431887477495 5.515366864730179
      vertex 42.00146044750877 30.79349815597872 6.5
      vertex 42.5 31 6.292804530339021
    endloop
  endfacet
  facet normal 0 0 1
    outer loop
      vertex -9 26 6.597759065022574
      vertex 5 26 6.597759065022574
      vertex 67.82968985044103 30.746177519484544 6.597759065022574
    endloop
  endfacet
  facet normal 0 0 1
    outer loop
      vertex 24 23.899999998509884 6.597759065022574
      vertex 29 22.5 6.597759065022574
      vertex 43 22.5 6.597759065022574
    endloop
  endfacet
  facet normal -0.00591202929754159 0.7153555450025325 0.6987356382378923
    outer loop
      vertex -12.670310149558976 30.246177519484544 6.597759065022574
      vertex 47.82968985044102 30.746177519484544 6.597759065022574
      vertex 42.00146044750877 30.79349815597872 6.5
    endloop
  endfacet
  facet normal 0 0 1
    outer loop
      vertex 5 26 6.597759065022574
      vertex 24 23.899999998509884 6.597759065022574
      vertex 67.82968985044103 30.746177519484544 6.597759065022574
    endloop
  endfacet
  facet normal 0 0 1
    outer loop
      vertex 43 3.5 6.597759065022574
      vertex 43 8.5 6.597759065022574
      vertex 29 8.5 6.597759065022574
    endloop
  endfacet
  facet normal 0 0 1
    outer loop
      vertex -12.670310149558976 30.246177519484544 6.597759065022574
      vertex 67.82968985044103 30.746177519484544 6.597759065022574
      vertex 47.82968985044102 30.746177519484544 6.597759065022574
    endloop
  endfacet
  facet normal -0.005912029297540802 0.7153555450025393 0.6987356382378854
    outer loop
      vertex 42.5 31 6.292804530339021
      vertex 42.97903481451556 30.801577282978773 6.5
      vertex 47.58883492712493 31.801431887477495 5.515366864730179
    endloop
  endfacet
  facet normal 0 0 1
    outer loop
      vertex 24 23.899999998509884 6.597759065022574
      vertex 43 22.5 6.597759065022574
      vertex 67.82968985044103 30.746177519484544 6.597759065022574
    endloop
  endfacet
  facet normal -0.005912029297541927 0.715355545002542 0.6987356382378827
    outer loop
      vertex 47.58883492712493 31.801431887477495 5.515366864730179
      vertex 42.97903481451556 30.801577282978773 6.5
      vertex 47.82968985044102 30.746177519484544 6.597759065022574
    endloop
  endfacet
  facet normal -0.005912029297539193 0.7153555450026272 0.6987356382377952
    outer loop
      vertex 42.00146044750877 30.79349815597872 6.5
      vertex 47.82968985044102 30.746177519484544 6.597759065022574
      vertex 42.97903481451556 30.801577282978773 6.5
    endloop
  endfacet
  facet normal 0.8191520440208324 -0.5735764367340174 0
    outer loop
      vertex 63.90676182136356 -18.936696494420783 5.515366864730179
      vertex 69.15666360075876 -11.439059740046185 0.25
      vertex 69.15666360075876 -11.439059740046185 5.515366864730179
    endloop
  endfacet
  facet normal 0.9009688679024203 -0.433883739117556 0
    outer loop
      vertex 69.15666360075876 -11.439059740046185 5.515366864730179
      vertex 69.85236373244773 -9.994423530995846 0.25
      vertex 69.85236373244773 -9.994423530995846 5.515366864730179
    endloop
  endfacet
  facet normal 0.9009688679024356 0.4338837391175238 0
    outer loop
      vertex 69.85236373244773 -9.994423530995846 5.515366864730179
      vertex 69.84775906502257 -9.98486184056341 0.25
      vertex 69.84775906502257 -9.98486184056341 5.515366864730179
    endloop
  endfacet
  facet normal 0 0 1
    outer loop
      vertex 43 -15.5 6.597759065022574
      vertex 62.038687270731366 -18.969481145044632 6.597759065022574
      vertex 67.82968985044103 -10.435873099351934 6.597759065022574
    endloop
  endfacet
  facet normal 0 0 1
    outer loop
      vertex 24 -14.100000001490116 6.597759065022574
      vertex 67.82968985044103 -10.435873099351934 6.597759065022574
      vertex 67.82968985044103 -9.448923071382447 6.597759065022574
    endloop
  endfacet
  facet normal 0.5911700709261176 -0.41394174043834103 0.6922211949688379
    outer loop
      vertex 63.90676182136356 -18.936696494420783 5.515366864730179
      vertex 63 -19 6.251903813727001
      vertex 62.94803507642009 -19.125454423274295 6.22126228626207
    endloop
  endfacet
  facet normal 0.5911700709261195 -0.4139417404383338 0.6922211949688409
    outer loop
      vertex 63.90676182136356 -18.936696494420783 5.515366864730179
      vertex 62.892023926620645 -18.739322699235775 6.5
      vertex 63 -19 6.251903813727001
    endloop
  endfacet
  facet normal 0.5911700709261203 -0.4139417404383319 0.6922211949688412
    outer loop
      vertex 63.90676182136356 -18.936696494420783 5.515366864730179
      vertex 69.15666360075876 -11.439059740046185 5.515366864730179
      vertex 62.892023926620645 -18.739322699235775 6.5
    endloop
  endfacet
  facet normal 0.5911700709261251 -0.41394174043833915 0.6922211949688328
    outer loop
      vertex 62.56946157553944 -19.199989477524053 6.5
      vertex 62.892023926620645 -18.739322699235775 6.5
      vertex 62.43668804090677 -19.226130458294648 6.597759065022574
    endloop
  endfacet
  facet normal 0 0 1
    outer loop
      vertex 62.038687270731366 -18.969481145044632 6.597759065022574
      vertex 62.36382623998767 -19.240749423108657 6.597759065022574
      vertex 67.82968985044103 -10.435873099351934 6.597759065022574
    endloop
  endfacet
  facet normal 0.5911700709261138 -0.41394174043832516 0.6922211949688509
    outer loop
      vertex 62.892023926620645 -18.739322699235775 6.5
      vertex 69.15666360075876 -11.439059740046185 5.515366864730179
      vertex 62.43668804090677 -19.226130458294648 6.597759065022574
    endloop
  endfacet
  facet normal 0 0 1
    outer loop
      vertex 62.43668804090677 -19.226130458294648 6.597759065022574
      vertex 67.82968985044103 -10.435873099351934 6.597759065022574
      vertex 62.36382623998767 -19.240749423108657 6.597759065022574
    endloop
  endfacet
  facet normal 0.5911700709261217 -0.4139417404383335 0.692221194968839
    outer loop
      vertex 62.43668804090677 -19.226130458294648 6.597759065022574
      vertex 69.15666360075876 -11.439059740046185 5.515366864730179
      vertex 68.48180310226502 -10.59281144147975 6.597759065022574
    endloop
  endfacet
  facet normal 0 0 1
    outer loop
      vertex 62.43668804090677 -19.226130458294648 6.597759065022574
      vertex 68.48180310226502 -10.59281144147975 6.597759065022574
      vertex 67.82968985044103 -10.435873099351934 6.597759065022574
    endloop
  endfacet
  facet normal 0 0 1
    outer loop
      vertex 67.82968985044103 -10.435873099351934 6.597759065022574
      vertex 68.48180310226502 -10.59281144147975 6.597759065022574
      vertex 68.48175442770687 -10.580126600956605 6.597759065022574
    endloop
  endfacet
  facet normal 0 0 1
    outer loop
      vertex 67.82968985044103 -10.435873099351934 6.597759065022574
      vertex 68.48175442770687 -10.580126600956605 6.597759065022574
      vertex 68.45891282660627 -9.422267404067933 6.597759065022574
    endloop
  endfacet
  facet normal 0 0 1
    outer loop
      vertex 67.82968985044103 -10.435873099351934 6.597759065022574
      vertex 68.45891282660627 -9.422267404067933 6.597759065022574
      vertex 67.82968985044103 -9.448923071382447 6.597759065022574
    endloop
  endfacet
  facet normal 0 0 1
    outer loop
      vertex 43 -10.5 6.597759065022574
      vertex 67.82968985044103 -9.448923071382447 6.597759065022574
      vertex 43 3.5 6.597759065022574
    endloop
  endfacet
  facet normal 0 0 1
    outer loop
      vertex 43 3.5 6.597759065022574
      vertex 67.82968985044103 -9.448923071382447 6.597759065022574
      vertex 43 8.5 6.597759065022574
    endloop
  endfacet
  facet normal 0 0 1
    outer loop
      vertex 68.76521649483598 -9.98465252342453 6.597759065022574
      vertex 67.82968985044103 30.746177519484544 6.597759065022574
      vertex 68.45891282660627 -9.422267404067933 6.597759065022574
    endloop
  endfacet
  facet normal 0 0 1
    outer loop
      vertex 67.82968985044103 -9.448923071382447 6.597759065022574
      vertex 68.45891282660627 -9.422267404067933 6.597759065022574
      vertex 67.82968985044103 30.746177519484544 6.597759065022574
    endloop
  endfacet
  facet normal 0.6693623192811009 -0.3223479037519175 0.6693623192810977
    outer loop
      vertex 69.15666360075876 -11.439059740046185 5.515366864730179
      vertex 69.85236373244773 -9.994423530995846 5.515366864730179
      vertex 68.76997153215534 -9.994423530995846 6.597759065022574
    endloop
  endfacet
  facet normal 0.6693623192811072 0.3223479037518911 0.6693623192811039
    outer loop
      vertex 69.85236373244773 -9.994423530995846 5.515366864730179
      vertex 69.84775906502257 -9.98486184056341 5.515366864730179
      vertex 68.76997153215534 -9.994423530995846 6.597759065022574
    endloop
  endfacet
  facet normal 0.7071067811865479 -2.27035074705322e-15 0.7071067811865471
    outer loop
      vertex 69.84775906502257 -9.98486184056341 5.515366864730179
      vertex 69 -9 6.363125929752756
      vertex 68.86312592975275 -9.330443236728103 6.5
    endloop
  endfacet
  facet normal 0.7071067811865532 6.4819944026641145e-15 0.7071067811865419
    outer loop
      vertex 69.84775906502257 -9.98486184056341 5.515366864730179
      vertex 68.86312592975275 -8.669556763271897 6.5
      vertex 69 -9 6.363125929752756
    endloop
  endfacet
  facet normal 0.6693623192810993 -0.3223479037519186 0.6693623192810987
    outer loop
      vertex 69.15666360075876 -11.439059740046185 5.515366864730179
      vertex 68.76997153215534 -9.994423530995846 6.597759065022574
      vertex 68.48180310226502 -10.59281144147975 6.597759065022574
    endloop
  endfacet
  facet normal 0.7071067811865493 1.5516114529123675e-15 0.7071067811865459
    outer loop
      vertex 69.84775906502257 -9.98486184056341 5.515366864730179
      vertex 68.86312592975275 -9.330443236728103 6.5
      vertex 68.76536686473018 -9.984861840563411 6.597759065022574
    endloop
  endfacet
  facet normal 0.6693623192810947 0.3223479037519425 0.6693623192810918
    outer loop
      vertex 69.84775906502257 -9.98486184056341 5.515366864730179
      vertex 68.76536686473018 -9.984861840563411 6.597759065022574
      vertex 68.76997153215534 -9.994423530995846 6.597759065022574
    endloop
  endfacet
  facet normal 0 0 1
    outer loop
      vertex 68.48180310226502 -10.59281144147975 6.597759065022574
      vertex 68.76997153215534 -9.994423530995846 6.597759065022574
      vertex 68.48175442770687 -10.580126600956605 6.597759065022574
    endloop
  endfacet
  facet normal 0 0 1
    outer loop
      vertex 68.48175442770687 -10.580126600956605 6.597759065022574
      vertex 68.76997153215534 -9.994423530995846 6.597759065022574
      vertex 68.76521649483598 -9.98465252342453 6.597759065022574
    endloop
  endfacet
  facet normal 0 0 1
    outer loop
      vertex 68.48175442770687 -10.580126600956605 6.597759065022574
      vertex 68.76521649483598 -9.98465252342453 6.597759065022574
      vertex 68.45891282660627 -9.422267404067933 6.597759065022574
    endloop
  endfacet
  facet normal 0 0 1
    outer loop
      vertex 68.76997153215534 -9.994423530995846 6.597759065022574
      vertex 68.76536686473018 -9.984861840563411 6.597759065022574
      vertex 68.76521649483598 -9.98465252342453 6.597759065022574
    endloop
  endfacet
  facet normal 0.7071067811865488 -2.896334724724475e-17 0.7071067811865462
    outer loop
      vertex 69.84775906502257 -9.98486184056341 5.515366864730179
      vertex 68.76536686473018 30 6.597759065022574
      vertex 68.86312592975275 -8.669556763271897 6.5
    endloop
  endfacet
  facet normal 0 0 1
    outer loop
      vertex 68.76521649483598 -9.98465252342453 6.597759065022574
      vertex 68.76536686473018 -9.984861840563411 6.597759065022574
      vertex 68.76536686473018 30 6.597759065022574
    endloop
  endfacet
  facet normal 0.7071067811865539 0 0.707106781186541
    outer loop
      vertex 68.76536686473018 -9.984861840563411 6.597759065022574
      vertex 68.86312592975275 -9.330443236728103 6.5
      vertex 68.76536686473018 30 6.597759065022574
    endloop
  endfacet
  facet normal 0.7071067811865539 0 0.707106781186541
    outer loop
      vertex 68.86312592975275 -9.330443236728103 6.5
      vertex 68.86312592975275 -8.669556763271897 6.5
      vertex 68.76536686473018 30 6.597759065022574
    endloop
  endfacet
  facet normal 0 1 0
    outer loop
      vertex 50.74449113624381 31.801431887477495 2.8339259085606754
      vertex 67.58883492712494 31.801431887477495 5.515366864730179
      vertex 58.24357242458425 31.801431887477495 2.833925909256777
    endloop
  endfacet
  facet normal 0.22252093395631325 0.9749279121818238 0
    outer loop
      vertex 67.58883492712494 31.801431887477495 5.515366864730179
      vertex 69.1520589333336 31.44463620905034 5.515366864730179
      vertex 67.58883492712494 31.801431887477495 0.25
    endloop
  endfacet
  facet normal 0 1 0
    outer loop
      vertex 50.74449113624381 31.801431887477495 2.8339259085606754
      vertex 47.58883492712493 31.801431887477495 5.515366864730179
      vertex 67.58883492712494 31.801431887477495 5.515366864730179
    endloop
  endfacet
  facet normal 1 0 0
    outer loop
      vertex 69.84775906502257 -9.98486184056341 5.515366864730179
      vertex 69.84775906502257 30 0.25
      vertex 69.84775906502257 30 5.515366864730179
    endloop
  endfacet
  facet normal 0.9009688679024203 0.43388373911755546 0
    outer loop
      vertex 69.84775906502257 30 5.515366864730179
      vertex 69.1520589333336 31.44463620905034 0.25
      vertex 69.1520589333336 31.44463620905034 5.515366864730179
    endloop
  endfacet
  facet normal 0 0 1
    outer loop
      vertex 43 8.5 6.597759065022574
      vertex 67.82968985044103 -9.448923071382447 6.597759065022574
      vertex 67.82968985044103 30.746177519484544 6.597759065022574
    endloop
  endfacet
  facet normal 0 0.7160259392356574 0.6980736740070453
    outer loop
      vertex 47.58883492712493 31.801431887477495 5.515366864730179
      vertex 66.5 31 6.337409066480202
      vertex 67.58883492712494 31.801431887477495 5.515366864730179
    endloop
  endfacet
  facet normal 0 0 1
    outer loop
      vertex 43 8.5 6.597759065022574
      vertex 67.82968985044103 30.746177519484544 6.597759065022574
      vertex 43 22.5 6.597759065022574
    endloop
  endfacet
  facet normal 0 0.7160259392356567 0.698073674007046
    outer loop
      vertex 47.58883492712493 31.801431887477495 5.515366864730179
      vertex 47.82968985044102 30.746177519484544 6.597759065022574
      vertex 67.82968985044103 30.746177519484544 6.597759065022574
    endloop
  endfacet
  facet normal -2.3454170467848543e-17 0.7160259392356572 0.6980736740070458
    outer loop
      vertex 47.58883492712493 31.801431887477495 5.515366864730179
      vertex 66.11731229067442 30.84148556064385 6.5
      vertex 66.5 31 6.337409066480202
    endloop
  endfacet
  facet normal 0.16531884035944983 0.7243091650316431 0.6693623192810982
    outer loop
      vertex 67.58883492712494 31.801431887477495 5.515366864730179
      vertex 67.82968985044103 30.746177519484544 6.597759065022574
      vertex 69.1520589333336 31.44463620905034 5.515366864730179
    endloop
  endfacet
  facet normal 1.6169974098545776e-16 0.7160259392356573 0.6980736740070456
    outer loop
      vertex 67.58883492712494 31.801431887477495 5.515366864730179
      vertex 66.5 31 6.337409066480202
      vertex 66.88268770932558 30.84148556064385 6.5
    endloop
  endfacet
  facet normal -1.0153981660752077e-14 0.7160259392355609 0.6980736740071443
    outer loop
      vertex 47.58883492712493 31.801431887477495 5.515366864730179
      vertex 67.82968985044103 30.746177519484544 6.597759065022574
      vertex 66.11731229067442 30.84148556064385 6.5
    endloop
  endfacet
  facet normal 1.2700354084252028e-15 0.7160259392356569 0.6980736740070458
    outer loop
      vertex 67.58883492712494 31.801431887477495 5.515366864730179
      vertex 66.88268770932558 30.84148556064385 6.5
      vertex 67.82968985044103 30.746177519484544 6.597759065022574
    endloop
  endfacet
  facet normal 0 0.7160259392356513 0.6980736740070518
    outer loop
      vertex 66.11731229067442 30.84148556064385 6.5
      vertex 67.82968985044103 30.746177519484544 6.597759065022574
      vertex 66.88268770932558 30.84148556064385 6.5
    endloop
  endfacet
  facet normal 0 0 1
    outer loop
      vertex 67.82968985044103 30.746177519484544 6.597759065022574
      vertex 68.76536686473018 30 6.597759065022574
      vertex 68.47719843483986 30.598387910483904 6.597759065022574
    endloop
  endfacet
  facet normal 0.7071067811865495 0 0.7071067811865457
    outer loop
      vertex 69.84775906502257 -9.98486184056341 5.515366864730179
      vertex 69.84775906502257 30 5.515366864730179
      vertex 69 28.5 6.363125929752756
    endloop
  endfacet
  facet normal 0.7071067811865457 -1.6980960933903022e-16 0.7071067811865493
    outer loop
      vertex 69.84775906502257 -9.98486184056341 5.515366864730179
      vertex 69 28.5 6.363125929752756
      vertex 68.86312592975275 28.169556763271896 6.5
    endloop
  endfacet
  facet normal 0.7071067811865592 5.701651473585236e-16 0.7071067811865358
    outer loop
      vertex 69.84775906502257 -9.98486184056341 5.515366864730179
      vertex 68.86312592975275 28.169556763271896 6.5
      vertex 68.76536686473018 30 6.597759065022574
    endloop
  endfacet
  facet normal 0 0 1
    outer loop
      vertex 68.76521649483598 -9.98465252342453 6.597759065022574
      vertex 68.76536686473018 30 6.597759065022574
      vertex 67.82968985044103 30.746177519484544 6.597759065022574
    endloop
  endfacet
  facet normal 0.669362319281101 0.32234790375191713 0.6693623192810977
    outer loop
      vertex 69.84775906502257 30 5.515366864730179
      vertex 69.1520589333336 31.44463620905034 5.515366864730179
      vertex 68.76536686473018 30 6.597759065022574
    endloop
  endfacet
  facet normal 0.7071067811865476 1.9405924575123265e-15 0.7071067811865474
    outer loop
      vertex 69.84775906502257 30 5.515366864730179
      vertex 68.86312592975275 28.830443236728104 6.5
      vertex 69 28.5 6.363125929752756
    endloop
  endfacet
  facet normal 0.7071067811865493 -8.681950569625561e-16 0.7071067811865458
    outer loop
      vertex 69.84775906502257 30 5.515366864730179
      vertex 68.76536686473018 30 6.597759065022574
      vertex 68.86312592975275 28.830443236728104 6.5
    endloop
  endfacet
  facet normal 0.1653188403594523 0.724309165031641 0.6693623192810998
    outer loop
      vertex 67.82968985044103 30.746177519484544 6.597759065022574
      vertex 68.47719843483986 30.598387910483904 6.597759065022574
      vertex 69.1520589333336 31.44463620905034 5.515366864730179
    endloop
  endfacet
  facet normal 0.6693623192810992 0.32234790375191846 0.6693623192810989
    outer loop
      vertex 69.1520589333336 31.44463620905034 5.515366864730179
      vertex 68.47719843483986 30.598387910483904 6.597759065022574
      vertex 68.76536686473018 30 6.597759065022574
    endloop
  endfacet
  facet normal 0.707106781186554 0 0.707106781186541
    outer loop
      vertex 68.86312592975275 28.169556763271896 6.5
      vertex 68.86312592975275 28.830443236728104 6.5
      vertex 68.76536686473018 30 6.597759065022574
    endloop
  endfacet
  facet normal 0 1 0
    outer loop
      vertex -47 -33 4.550000000000001
      vertex -47 -33 6.597759065022574
      vertex -33 -33 4.550000000000001
    endloop
  endfacet
  facet normal 0 1 0
    outer loop
      vertex -47 -33 6.597759065022574
      vertex -33 -33 6.597759065022574
      vertex -33 -33 4.550000000000001
    endloop
  endfacet
  facet normal 1 0 0
    outer loop
      vertex -47 -33 4.550000000000001
      vertex -47 -19 4.550000000000001
      vertex -47 -19 6.597759065022574
    endloop
  endfacet
  facet normal 1 0 0
    outer loop
      vertex -47 -33 4.550000000000001
      vertex -47 -19 6.597759065022574
      vertex -47 -33 6.597759065022574
    endloop
  endfacet
  facet normal -1 0 0
    outer loop
      vertex -33 -33 4.550000000000001
      vertex -33 -33 6.597759065022574
      vertex -33 -19 4.550000000000001
    endloop
  endfacet
  facet normal 1 0 0
    outer loop
      vertex -28 -28.100000001490116 4.550000000000001
      vertex -28 -14.100000001490116 4.550000000000001
      vertex -28 -18.702916414191577 6.597759065022574
    endloop
  endfacet
  facet normal 0 1 0
    outer loop
      vertex -28 -28.100000001490116 4.550000000000001
      vertex -28 -28.100000001490116 6.597759065022574
      vertex -14 -28.100000001490116 4.550000000000001
    endloop
  endfacet
  facet normal -1 0 0
    outer loop
      vertex -33 -33 6.597759065022574
      vertex -33 -19 6.597759065022574
      vertex -33 -19 4.550000000000001
    endloop
  endfacet
  facet normal 1 0 0
    outer loop
      vertex -28 -28.100000001490116 4.550000000000001
      vertex -28 -18.702916414191577 6.597759065022574
      vertex -28 -28.100000001490116 6.597759065022574
    endloop
  endfacet
  facet normal 0 1 0
    outer loop
      vertex -28 -28.100000001490116 6.597759065022574
      vertex -14 -28.100000001490116 6.597759065022574
      vertex -14 -28.100000001490116 4.550000000000001
    endloop
  endfacet
  facet normal -1 0 0
    outer loop
      vertex -14 -28.100000001490116 4.550000000000001
      vertex -14 -28.100000001490116 6.597759065022574
      vertex -14 -14.100000001490116 4.550000000000001
    endloop
  endfacet
  facet normal 0 1 0
    outer loop
      vertex -9 -26 4.550000000000001
      vertex -9 -26 6.597759065022574
      vertex 5 -26 4.550000000000001
    endloop
  endfacet
  facet normal 1 0 0
    outer loop
      vertex -9 -26 4.550000000000001
      vertex -9 -12 6.597759065022574
      vertex -9 -26 6.597759065022574
    endloop
  endfacet
  facet normal 0.9961946980867129 -0.08715574280518096 0
    outer loop
      vertex 14.166546911001205 -46.363272689282894 4.550000000000001
      vertex 15.386727310717106 -32.416546911001205 4.550000000000001
      vertex 15.386727310717106 -32.416546911001205 6.597759065022574
    endloop
  endfacet
  facet normal 0.9961946980867129 -0.08715574280518096 0
    outer loop
      vertex 14.166546911001205 -46.363272689282894 4.550000000000001
      vertex 15.386727310717106 -32.416546911001205 6.597759065022574
      vertex 14.166546911001205 -46.363272689282894 6.597759065022574
    endloop
  endfacet
  facet normal -1 0 0
    outer loop
      vertex 5 -26 4.550000000000001
      vertex 5 -26 6.597759065022574
      vertex 5 -12 4.550000000000001
    endloop
  endfacet
  facet normal 0 1 0
    outer loop
      vertex 10 -28.100000001490116 4.550000000000001
      vertex 10 -28.100000001490116 6.597759065022574
      vertex 24 -28.100000001490116 4.550000000000001
    endloop
  endfacet
  facet normal 0 1 0
    outer loop
      vertex -9 -26 6.597759065022574
      vertex 5 -26 6.597759065022574
      vertex 5 -26 4.550000000000001
    endloop
  endfacet
  facet normal 1 0 0
    outer loop
      vertex 10 -28.100000001490116 4.550000000000001
      vertex 10 -14.100000001490116 6.597759065022574
      vertex 10 -28.100000001490116 6.597759065022574
    endloop
  endfacet
  facet normal 0 -1 0
    outer loop
      vertex -47 -19 4.550000000000001
      vertex -33 -19 4.550000000000001
      vertex -47 -19 6.597759065022574
    endloop
  endfacet
  facet normal 0 1 0
    outer loop
      vertex -47 -14 4.550000000000001
      vertex -47 -14 6.597759065022574
      vertex -33 -14 4.550000000000001
    endloop
  endfacet
  facet normal 1 0 0
    outer loop
      vertex -47 -14 4.550000000000001
      vertex -47 0 6.597759065022574
      vertex -47 -14 6.597759065022574
    endloop
  endfacet
  facet normal 0 -1 0
    outer loop
      vertex -47 -19 6.597759065022574
      vertex -33 -19 4.550000000000001
      vertex -33 -19 6.597759065022574
    endloop
  endfacet
  facet normal 0 1 0
    outer loop
      vertex -47 -14 6.597759065022574
      vertex -33 -14 6.597759065022574
      vertex -33 -14 4.550000000000001
    endloop
  endfacet
  facet normal 1 0 0
    outer loop
      vertex -47 -14 4.550000000000001
      vertex -47 0 4.550000000000001
      vertex -47 0 6.597759065022574
    endloop
  endfacet
  facet normal 0 1 0
    outer loop
      vertex -47 5 4.550000000000001
      vertex -47 5 6.597759065022574
      vertex -33 5 4.550000000000001
    endloop
  endfacet
  facet normal 0 -1 0
    outer loop
      vertex -47 0 4.550000000000001
      vertex -33 0 4.550000000000001
      vertex -33 0 6.597759065022574
    endloop
  endfacet
  facet normal 0 -1 0
    outer loop
      vertex -47 0 4.550000000000001
      vertex -33 0 6.597759065022574
      vertex -47 0 6.597759065022574
    endloop
  endfacet
  facet normal 0 1 0
    outer loop
      vertex -47 5 6.597759065022574
      vertex -33 5 6.597759065022574
      vertex -33 5 4.550000000000001
    endloop
  endfacet
  facet normal -1 0 0
    outer loop
      vertex -33 -14 4.550000000000001
      vertex -33 -9.62554119152452 6.597759065022574
      vertex -33 0 4.550000000000001
    endloop
  endfacet
  facet normal 0 -1 0
    outer loop
      vertex -28 -14.100000001490116 4.550000000000001
      vertex -14 -14.100000001490116 4.550000000000001
      vertex -14 -14.100000001490116 6.597759065022574
    endloop
  endfacet
  facet normal 0 1 0
    outer loop
      vertex -28 -9.100000001490116 4.550000000000001
      vertex -28 -9.100000001490116 6.597759065022574
      vertex -14 -9.100000001490116 4.550000000000001
    endloop
  endfacet
  facet normal 1 0 0
    outer loop
      vertex -28 -14.100000001490116 4.550000000000001
      vertex -28 -14.100000001490116 6.597759065022574
      vertex -28 -18.702916414191577 6.597759065022574
    endloop
  endfacet
  facet normal -1 0 0
    outer loop
      vertex -33 -14 4.550000000000001
      vertex -33 -14 6.597759065022574
      vertex -33 -9.62554119152452 6.597759065022574
    endloop
  endfacet
  facet normal 0 -1 0
    outer loop
      vertex -28 -14.100000001490116 4.550000000000001
      vertex -14 -14.100000001490116 6.597759065022574
      vertex -28 -14.100000001490116 6.597759065022574
    endloop
  endfacet
  facet normal 0 1 0
    outer loop
      vertex -28 -9.100000001490116 6.597759065022574
      vertex -14 -9.100000001490116 6.597759065022574
      vertex -14 -9.100000001490116 4.550000000000001
    endloop
  endfacet
  facet normal 1 0 0
    outer loop
      vertex -28 -9.100000001490116 4.550000000000001
      vertex -28 4.899999998509884 4.550000000000001
      vertex -28 4.899999998509884 6.597759065022574
    endloop
  endfacet
  facet normal 0 -1 0
    outer loop
      vertex -28 4.899999998509884 4.550000000000001
      vertex -14 4.899999998509884 4.550000000000001
      vertex -14 4.899999998509884 6.597759065022574
    endloop
  endfacet
  facet normal -1 0 0
    outer loop
      vertex -33 -9.62554119152452 6.597759065022574
      vertex -33 0 6.597759065022574
      vertex -33 0 4.550000000000001
    endloop
  endfacet
  facet normal 1 0 0
    outer loop
      vertex -28 -9.100000001490116 4.550000000000001
      vertex -28 4.899999998509884 6.597759065022574
      vertex -28 -9.100000001490116 6.597759065022574
    endloop
  endfacet
  facet normal 0 -1 0
    outer loop
      vertex -28 4.899999998509884 4.550000000000001
      vertex -14 4.899999998509884 6.597759065022574
      vertex -28 4.899999998509884 6.597759065022574
    endloop
  endfacet
  facet normal 1 0 0
    outer loop
      vertex -47 5 4.550000000000001
      vertex -47 19 4.550000000000001
      vertex -47 19 6.597759065022574
    endloop
  endfacet
  facet normal 0 -1 0
    outer loop
      vertex -47 19 4.550000000000001
      vertex -33 19 4.550000000000001
      vertex -33 19 6.597759065022574
    endloop
  endfacet
  facet normal 1 0 0
    outer loop
      vertex -47 5 4.550000000000001
      vertex -47 19 6.597759065022574
      vertex -47 5 6.597759065022574
    endloop
  endfacet
  facet normal 0 -1 0
    outer loop
      vertex -47 19 4.550000000000001
      vertex -33 19 6.597759065022574
      vertex -47 19 6.597759065022574
    endloop
  endfacet
  facet normal -1 0 0
    outer loop
      vertex -33 5 4.550000000000001
      vertex -33 5 6.597759065022574
      vertex -33 19 4.550000000000001
    endloop
  endfacet
  facet normal 0 1 0
    outer loop
      vertex -28 9.899999998509884 4.550000000000001
      vertex -28 9.899999998509884 6.597759065022574
      vertex -14 9.899999998509884 4.550000000000001
    endloop
  endfacet
  facet normal -1 0 0
    outer loop
      vertex -33 5 6.597759065022574
      vertex -33 19 6.597759065022574
      vertex -33 19 4.550000000000001
    endloop
  endfacet
  facet normal 1 0 0
    outer loop
      vertex -28 9.899999998509884 4.550000000000001
      vertex -28 23.899999998509884 6.597759065022574
      vertex -28 9.899999998509884 6.597759065022574
    endloop
  endfacet
  facet normal 0 1 0
    outer loop
      vertex -28 9.899999998509884 6.597759065022574
      vertex -14 9.899999998509884 6.597759065022574
      vertex -14 9.899999998509884 4.550000000000001
    endloop
  endfacet
  facet normal 1 0 0
    outer loop
      vertex -28 9.899999998509884 4.550000000000001
      vertex -28 23.899999998509884 4.550000000000001
      vertex -28 23.899999998509884 6.597759065022574
    endloop
  endfacet
  facet normal 0 -1 0
    outer loop
      vertex -28 23.899999998509884 4.550000000000001
      vertex -14 23.899999998509884 4.550000000000001
      vertex -14 23.899999998509884 6.597759065022574
    endloop
  endfacet
  facet normal 0 -1 0
    outer loop
      vertex -28 23.899999998509884 4.550000000000001
      vertex -14 23.899999998509884 6.597759065022574
      vertex -28 23.899999998509884 6.597759065022574
    endloop
  endfacet
  facet normal 1 0 0
    outer loop
      vertex -9 -26 4.550000000000001
      vertex -9 -12 4.550000000000001
      vertex -9 -12 6.597759065022574
    endloop
  endfacet
  facet normal 0 1 0
    outer loop
      vertex -9 -7 4.550000000000001
      vertex -9 -7 6.597759065022574
      vertex 5 -7 4.550000000000001
    endloop
  endfacet
  facet normal -1 0 0
    outer loop
      vertex -14 -28.100000001490116 6.597759065022574
      vertex -14 -14.100000001490116 6.597759065022574
      vertex -14 -14.100000001490116 4.550000000000001
    endloop
  endfacet
  facet normal 0 -1 0
    outer loop
      vertex -9 -12 4.550000000000001
      vertex 5 -12 6.597759065022574
      vertex -9 -12 6.597759065022574
    endloop
  endfacet
  facet normal -1 0 0
    outer loop
      vertex -14 -9.100000001490116 4.550000000000001
      vertex -14 -9.100000001490116 6.597759065022574
      vertex -14 4.899999998509884 4.550000000000001
    endloop
  endfacet
  facet normal 1 0 0
    outer loop
      vertex -9 -7 4.550000000000001
      vertex -9 7 4.550000000000001
      vertex -9 7 6.597759065022574
    endloop
  endfacet
  facet normal -1 0 0
    outer loop
      vertex -14 -9.100000001490116 6.597759065022574
      vertex -14 4.899999998509884 6.597759065022574
      vertex -14 4.899999998509884 4.550000000000001
    endloop
  endfacet
  facet normal 1 0 0
    outer loop
      vertex -9 -7 4.550000000000001
      vertex -9 7 6.597759065022574
      vertex -9 -7 6.597759065022574
    endloop
  endfacet
  facet normal 0 -1 0
    outer loop
      vertex -9 -12 4.550000000000001
      vertex 5 -12 4.550000000000001
      vertex 5 -12 6.597759065022574
    endloop
  endfacet
  facet normal 1 0 0
    outer loop
      vertex 10 -28.100000001490116 4.550000000000001
      vertex 10 -14.100000001490116 4.550000000000001
      vertex 10 -14.100000001490116 6.597759065022574
    endloop
  endfacet
  facet normal 0 1 0
    outer loop
      vertex 10 -9.100000001490116 4.550000000000001
      vertex 10 -9.100000001490116 6.597759065022574
      vertex 24 -9.100000001490116 4.550000000000001
    endloop
  endfacet
  facet normal -1 0 0
    outer loop
      vertex 5 -26 6.597759065022574
      vertex 5 -12 6.597759065022574
      vertex 5 -12 4.550000000000001
    endloop
  endfacet
  facet normal 0 1 0
    outer loop
      vertex -9 -7 6.597759065022574
      vertex 5 -7 6.597759065022574
      vertex 5 -7 4.550000000000001
    endloop
  endfacet
  facet normal 0 -1 0
    outer loop
      vertex 10 -14.100000001490116 4.550000000000001
      vertex 24 -14.100000001490116 6.597759065022574
      vertex 10 -14.100000001490116 6.597759065022574
    endloop
  endfacet
  facet normal -1 0 0
    outer loop
      vertex 5 -7 4.550000000000001
      vertex 5 -7 6.597759065022574
      vertex 5 7 4.550000000000001
    endloop
  endfacet
  facet normal 1 0 0
    outer loop
      vertex 10 -9.100000001490116 4.550000000000001
      vertex 10 4.899999998509884 4.550000000000001
      vertex 10 4.899999998509884 6.597759065022574
    endloop
  endfacet
  facet normal -1 0 0
    outer loop
      vertex 5 -7 6.597759065022574
      vertex 5 7 6.597759065022574
      vertex 5 7 4.550000000000001
    endloop
  endfacet
  facet normal 1 0 0
    outer loop
      vertex 10 -9.100000001490116 4.550000000000001
      vertex 10 4.899999998509884 6.597759065022574
      vertex 10 -9.100000001490116 6.597759065022574
    endloop
  endfacet
  facet normal 0 -1 0
    outer loop
      vertex 10 4.899999998509884 4.550000000000001
      vertex 24 4.899999998509884 6.597759065022574
      vertex 10 4.899999998509884 6.597759065022574
    endloop
  endfacet
  facet normal -1 0 0
    outer loop
      vertex -14 9.899999998509884 4.550000000000001
      vertex -14 9.899999998509884 6.597759065022574
      vertex -14 23.899999998509884 4.550000000000001
    endloop
  endfacet
  facet normal 0 1 0
    outer loop
      vertex -9 12 4.550000000000001
      vertex -9 12 6.597759065022574
      vertex 5 12 4.550000000000001
    endloop
  endfacet
  facet normal 0 -1 0
    outer loop
      vertex -9 7 4.550000000000001
      vertex 5 7 6.597759065022574
      vertex -9 7 6.597759065022574
    endloop
  endfacet
  facet normal 1 0 0
    outer loop
      vertex -9 12 4.550000000000001
      vertex -9 26 6.597759065022574
      vertex -9 12 6.597759065022574
    endloop
  endfacet
  facet normal 1 0 0
    outer loop
      vertex -9 12 4.550000000000001
      vertex -9 26 4.550000000000001
      vertex -9 26 6.597759065022574
    endloop
  endfacet
  facet normal -1 0 0
    outer loop
      vertex -14 9.899999998509884 6.597759065022574
      vertex -14 23.899999998509884 6.597759065022574
      vertex -14 23.899999998509884 4.550000000000001
    endloop
  endfacet
  facet normal 0 -1 0
    outer loop
      vertex -9 26 4.550000000000001
      vertex 5 26 6.597759065022574
      vertex -9 26 6.597759065022574
    endloop
  endfacet
  facet normal 0 -1 0
    outer loop
      vertex -9 7 4.550000000000001
      vertex 5 7 4.550000000000001
      vertex 5 7 6.597759065022574
    endloop
  endfacet
  facet normal -1 0 0
    outer loop
      vertex 5 12 4.550000000000001
      vertex 5 12 6.597759065022574
      vertex 5 26 4.550000000000001
    endloop
  endfacet
  facet normal 0 1 0
    outer loop
      vertex 10 9.899999998509884 4.550000000000001
      vertex 10 9.899999998509884 6.597759065022574
      vertex 24 9.899999998509884 4.550000000000001
    endloop
  endfacet
  facet normal 0 1 0
    outer loop
      vertex -9 12 6.597759065022574
      vertex 5 12 6.597759065022574
      vertex 5 12 4.550000000000001
    endloop
  endfacet
  facet normal 1 0 0
    outer loop
      vertex 10 9.899999998509884 4.550000000000001
      vertex 10 23.899999998509884 6.597759065022574
      vertex 10 9.899999998509884 6.597759065022574
    endloop
  endfacet
  facet normal 0 -1 0
    outer loop
      vertex -9 26 4.550000000000001
      vertex 5 26 4.550000000000001
      vertex 5 26 6.597759065022574
    endloop
  endfacet
  facet normal 1 0 0
    outer loop
      vertex 10 9.899999998509884 4.550000000000001
      vertex 10 23.899999998509884 4.550000000000001
      vertex 10 23.899999998509884 6.597759065022574
    endloop
  endfacet
  facet normal -1 0 0
    outer loop
      vertex 5 12 6.597759065022574
      vertex 5 26 6.597759065022574
      vertex 5 26 4.550000000000001
    endloop
  endfacet
  facet normal 0 -1 0
    outer loop
      vertex 10 23.899999998509884 4.550000000000001
      vertex 24 23.899999998509884 6.597759065022574
      vertex 10 23.899999998509884 6.597759065022574
    endloop
  endfacet
  facet normal 0.08715574280518096 0.9961946980867129 0
    outer loop
      vertex 14.166546911001205 -46.363272689282894 4.550000000000001
      vertex 14.166546911001205 -46.363272689282894 6.597759065022574
      vertex 28.113272689282894 -47.583453088998795 4.550000000000001
    endloop
  endfacet
  facet normal -0.9961946980867128 0.08715574280518076 0
    outer loop
      vertex 28.113272689282894 -47.583453088998795 4.550000000000001
      vertex 28.113272689282894 -47.583453088998795 6.597759065022574
      vertex 28.82329804919475 -39.46782609431662 4.550000000000001
    endloop
  endfacet
  facet normal 0.08715574280518096 0.9961946980867129 0
    outer loop
      vertex 14.166546911001205 -46.363272689282894 6.597759065022574
      vertex 28.113272689282894 -47.583453088998795 6.597759065022574
      vertex 28.113272689282894 -47.583453088998795 4.550000000000001
    endloop
  endfacet
  facet normal 0.3420201433732598 0.9396926207685866 0
    outer loop
      vertex 31.77801065146923 -48.85037400573492 4.550000000000001
      vertex 44.93370734155178 -53.63865601271391 6.597759065022574
      vertex 44.93370734155178 -53.63865601271391 4.550000000000001
    endloop
  endfacet
  facet normal 0.3420201433732598 0.9396926207685866 0
    outer loop
      vertex 31.77801065146923 -48.85037400573492 4.550000000000001
      vertex 31.77801065146923 -48.85037400573492 6.597759065022574
      vertex 44.93370734155178 -53.63865601271391 6.597759065022574
    endloop
  endfacet
  facet normal 0.819152044249796 -0.5735764364070234 0
    outer loop
      vertex 48.00090063363314 -55.71902925521135 4.550000000000001
      vertex 56.03097074478865 -44.25090063363314 6.597759065022574
      vertex 48.00090063363314 -55.71902925521135 6.597759065022574
    endloop
  endfacet
  facet normal -0.9396926207685866 0.3420201433732598 0
    outer loop
      vertex 44.93370734155178 -53.63865601271391 4.550000000000001
      vertex 44.93370734155178 -53.63865601271391 6.597759065022574
      vertex 49.72198934853077 -40.48295932263136 6.597759065022574
    endloop
  endfacet
  facet normal -0.08715574280518096 -0.9961946980867129 0
    outer loop
      vertex 15.386727310717106 -32.416546911001205 4.550000000000001
      vertex 29.333453088998795 -33.636727310717106 4.550000000000001
      vertex 29.333453088998795 -33.636727310717106 6.597759065022574
    endloop
  endfacet
  facet normal -0.9961946980867129 0.08715574280518121 1.778387628905701e-15
    outer loop
      vertex 28.113272689282894 -47.583453088998795 6.597759065022574
      vertex 29.333453088998795 -33.636727310717106 4.550000000000001
      vertex 28.82329804919475 -39.46782609431662 4.550000000000001
    endloop
  endfacet
  facet normal -0.08715574280518096 -0.9961946980867129 0
    outer loop
      vertex 15.386727310717106 -32.416546911001205 4.550000000000001
      vertex 29.333453088998795 -33.636727310717106 6.597759065022574
      vertex 15.386727310717106 -32.416546911001205 6.597759065022574
    endloop
  endfacet
  facet normal 0.9396926207685866 -0.3420201433732598 0
    outer loop
      vertex 31.77801065146923 -48.85037400573492 4.550000000000001
      vertex 36.56629265844822 -35.69467731565237 6.597759065022574
      vertex 31.77801065146923 -48.85037400573492 6.597759065022574
    endloop
  endfacet
  facet normal -0.9961946980867129 0.08715574280518096 0
    outer loop
      vertex 28.113272689282894 -47.583453088998795 6.597759065022574
      vertex 29.333453088998795 -33.636727310717106 6.597759065022574
      vertex 29.333453088998795 -33.636727310717106 4.550000000000001
    endloop
  endfacet
  facet normal -1 0 0
    outer loop
      vertex 24 -28.100000001490116 4.550000000000001
      vertex 24 -28.100000001490116 6.597759065022574
      vertex 24 -14.100000001490116 4.550000000000001
    endloop
  endfacet
  facet normal 0 1 0
    outer loop
      vertex 29 -29.5 4.550000000000001
      vertex 29 -29.5 6.597759065022574
      vertex 43 -29.5 4.550000000000001
    endloop
  endfacet
  facet normal 1 0 0
    outer loop
      vertex 29 -29.5 4.550000000000001
      vertex 29 -15.5 4.550000000000001
      vertex 29 -15.5 6.597759065022574
    endloop
  endfacet
  facet normal 0 1 0
    outer loop
      vertex 10 -28.100000001490116 6.597759065022574
      vertex 24 -28.100000001490116 6.597759065022574
      vertex 24 -28.100000001490116 4.550000000000001
    endloop
  endfacet
  facet normal 1 0 0
    outer loop
      vertex 29 -29.5 4.550000000000001
      vertex 29 -15.5 6.597759065022574
      vertex 29 -29.5 6.597759065022574
    endloop
  endfacet
  facet normal 0.9396926207685866 -0.3420201433732598 0
    outer loop
      vertex 31.77801065146923 -48.85037400573492 4.550000000000001
      vertex 36.56629265844822 -35.69467731565237 4.550000000000001
      vertex 36.56629265844822 -35.69467731565237 6.597759065022574
    endloop
  endfacet
  facet normal -0.3420201433732598 -0.9396926207685866 0
    outer loop
      vertex 36.56629265844822 -35.69467731565237 4.550000000000001
      vertex 49.72198934853077 -40.48295932263136 4.550000000000001
      vertex 49.72198934853077 -40.48295932263136 6.597759065022574
    endloop
  endfacet
  facet normal -0.9396926207685866 0.3420201433732598 0
    outer loop
      vertex 44.93370734155178 -53.63865601271391 4.550000000000001
      vertex 49.72198934853077 -40.48295932263136 6.597759065022574
      vertex 49.72198934853077 -40.48295932263136 4.550000000000001
    endloop
  endfacet
  facet normal -0.3420201433732598 -0.9396926207685866 0
    outer loop
      vertex 36.56629265844822 -35.69467731565237 4.550000000000001
      vertex 49.72198934853077 -40.48295932263136 6.597759065022574
      vertex 36.56629265844822 -35.69467731565237 6.597759065022574
    endloop
  endfacet
  facet normal -1 0 0
    outer loop
      vertex 43 -29.5 4.550000000000001
      vertex 43 -29.5 6.597759065022574
      vertex 43 -15.5 4.550000000000001
    endloop
  endfacet
  facet normal 0 1 0
    outer loop
      vertex 29 -29.5 6.597759065022574
      vertex 43 -29.5 6.597759065022574
      vertex 43 -29.5 4.550000000000001
    endloop
  endfacet
  facet normal -1 0 0
    outer loop
      vertex 43 -29.5 6.597759065022574
      vertex 43 -15.5 6.597759065022574
      vertex 43 -15.5 4.550000000000001
    endloop
  endfacet
  facet normal 0.5735764364070234 0.819152044249796 0
    outer loop
      vertex 48.00090063363314 -55.71902925521135 4.550000000000001
      vertex 48.00090063363314 -55.71902925521135 6.597759065022574
      vertex 59.442859540160065 -63.730775134612486 4.550000000000001
    endloop
  endfacet
  facet normal -0.8191520442497962 0.5735764364070233 0
    outer loop
      vertex 59.4977925375123 -63.70802114208739 4.550000000000001
      vertex 59.4977925375123 -63.70802114208739 6.5
      vertex 67.49909936636686 -52.28097074478865 4.550000000000001
    endloop
  endfacet
  facet normal 0.5735764364070234 0.8191520442497962 0
    outer loop
      vertex 48.00090063363314 -55.71902925521135 6.597759065022574
      vertex 59.442859540160065 -63.730775134612486 6.5
      vertex 59.442859540160065 -63.730775134612486 4.550000000000001
    endloop
  endfacet
  facet normal 0.5735764364070234 0.819152044249796 0
    outer loop
      vertex 48.00090063363314 -55.71902925521135 6.597759065022574
      vertex 59.46902925521135 -63.74909936636686 6.597759065022574
      vertex 59.442859540160065 -63.730775134612486 6.5
    endloop
  endfacet
  facet normal 0.573576436407016 0.8191520442498011 0
    outer loop
      vertex 59.46902925521135 -63.74909936636686 6.5
      vertex 59.442859540160065 -63.730775134612486 6.5
      vertex 59.46902925521135 -63.74909936636686 6.597759065022574
    endloop
  endfacet
  facet normal -0.8191520442497674 0.5735764364070642 0
    outer loop
      vertex 59.46902925521135 -63.74909936636686 6.5
      vertex 59.46902925521135 -63.74909936636686 6.597759065022574
      vertex 59.4977925375123 -63.70802114208739 6.5
    endloop
  endfacet
  facet normal -0.8191520442497984 0.57357643640702 -2.7669248001020736e-14
    outer loop
      vertex 59.4977925375123 -63.70802114208739 6.5
      vertex 59.46902925521135 -63.74909936636686 6.597759065022574
      vertex 67.49909936636686 -52.28097074478865 4.550000000000001
    endloop
  endfacet
  facet normal 0.819152044249796 -0.5735764364070234 0
    outer loop
      vertex 48.00090063363314 -55.71902925521135 4.550000000000001
      vertex 56.03097074478865 -44.25090063363314 4.550000000000001
      vertex 56.03097074478865 -44.25090063363314 6.597759065022574
    endloop
  endfacet
  facet normal -0.5735764364070234 -0.819152044249796 0
    outer loop
      vertex 67.49909936636686 -52.28097074478865 4.550000000000001
      vertex 56.03097074478865 -44.25090063363314 6.597759065022574
      vertex 56.03097074478865 -44.25090063363314 4.550000000000001
    endloop
  endfacet
  facet normal -0.819152044249796 0.5735764364070234 0
    outer loop
      vertex 59.46902925521135 -63.74909936636686 6.597759065022574
      vertex 67.49909936636686 -52.28097074478865 6.597759065022574
      vertex 67.49909936636686 -52.28097074478865 4.550000000000001
    endloop
  endfacet
  facet normal -0.5735764364070234 -0.819152044249796 0
    outer loop
      vertex 67.49909936636686 -52.28097074478865 4.550000000000001
      vertex 67.49909936636686 -52.28097074478865 6.597759065022574
      vertex 56.03097074478865 -44.25090063363314 6.597759065022574
    endloop
  endfacet
  facet normal 0 -1 0
    outer loop
      vertex 10 -14.100000001490116 4.550000000000001
      vertex 24 -14.100000001490116 4.550000000000001
      vertex 24 -14.100000001490116 6.597759065022574
    endloop
  endfacet
  facet normal 0 1 0
    outer loop
      vertex 29 -10.5 4.550000000000001
      vertex 29 -10.5 6.597759065022574
      vertex 43 -10.5 4.550000000000001
    endloop
  endfacet
  facet normal -1 0 0
    outer loop
      vertex 24 -28.100000001490116 6.597759065022574
      vertex 24 -14.100000001490116 6.597759065022574
      vertex 24 -14.100000001490116 4.550000000000001
    endloop
  endfacet
  facet normal 0 1 0
    outer loop
      vertex 10 -9.100000001490116 6.597759065022574
      vertex 24 -9.100000001490116 6.597759065022574
      vertex 24 -9.100000001490116 4.550000000000001
    endloop
  endfacet
  facet normal 0 -1 0
    outer loop
      vertex 29 -15.5 4.550000000000001
      vertex 43 -15.5 6.597759065022574
      vertex 29 -15.5 6.597759065022574
    endloop
  endfacet
  facet normal -1 0 0
    outer loop
      vertex 24 -9.100000001490116 4.550000000000001
      vertex 24 -9.100000001490116 6.597759065022574
      vertex 24 4.899999998509884 4.550000000000001
    endloop
  endfacet
  facet normal 0 -1 0
    outer loop
      vertex 10 4.899999998509884 4.550000000000001
      vertex 24 4.899999998509884 4.550000000000001
      vertex 24 4.899999998509884 6.597759065022574
    endloop
  endfacet
  facet normal 1 0 0
    outer loop
      vertex 29 -10.5 4.550000000000001
      vertex 29 3.5 4.550000000000001
      vertex 29 3.5 6.597759065022574
    endloop
  endfacet
  facet normal -1 0 0
    outer loop
      vertex 24 -9.100000001490116 6.597759065022574
      vertex 24 4.899999998509884 6.597759065022574
      vertex 24 4.899999998509884 4.550000000000001
    endloop
  endfacet
  facet normal 1 0 0
    outer loop
      vertex 29 -10.5 4.550000000000001
      vertex 29 3.5 6.597759065022574
      vertex 29 -10.5 6.597759065022574
    endloop
  endfacet
  facet normal 0 -1 0
    outer loop
      vertex 29 3.5 4.550000000000001
      vertex 43 3.5 6.597759065022574
      vertex 29 3.5 6.597759065022574
    endloop
  endfacet
  facet normal 0 -1 0
    outer loop
      vertex 29 -15.5 4.550000000000001
      vertex 43 -15.5 4.550000000000001
      vertex 43 -15.5 6.597759065022574
    endloop
  endfacet
  facet normal 0 1 0
    outer loop
      vertex 29 -10.5 6.597759065022574
      vertex 43 -10.5 6.597759065022574
      vertex 43 -10.5 4.550000000000001
    endloop
  endfacet
  facet normal 0 -1 0
    outer loop
      vertex 29 3.5 4.550000000000001
      vertex 43 3.5 4.550000000000001
      vertex 43 3.5 6.597759065022574
    endloop
  endfacet
  facet normal -1 0 0
    outer loop
      vertex 43 -10.5 4.550000000000001
      vertex 43 -10.5 6.597759065022574
      vertex 43 3.5 4.550000000000001
    endloop
  endfacet
  facet normal -1 0 0
    outer loop
      vertex 43 -10.5 6.597759065022574
      vertex 43 3.5 6.597759065022574
      vertex 43 3.5 4.550000000000001
    endloop
  endfacet
  facet normal -1 0 0
    outer loop
      vertex 24 9.899999998509884 4.550000000000001
      vertex 24 9.899999998509884 6.597759065022574
      vertex 24 23.899999998509884 4.550000000000001
    endloop
  endfacet
  facet normal 0 1 0
    outer loop
      vertex 29 8.5 4.550000000000001
      vertex 29 8.5 6.597759065022574
      vertex 43 8.5 4.550000000000001
    endloop
  endfacet
  facet normal 1 0 0
    outer loop
      vertex 29 8.5 4.550000000000001
      vertex 29 22.5 4.550000000000001
      vertex 29 22.5 6.597759065022574
    endloop
  endfacet
  facet normal 0 1 0
    outer loop
      vertex 10 9.899999998509884 6.597759065022574
      vertex 24 9.899999998509884 6.597759065022574
      vertex 24 9.899999998509884 4.550000000000001
    endloop
  endfacet
  facet normal 1 0 0
    outer loop
      vertex 29 8.5 4.550000000000001
      vertex 29 22.5 6.597759065022574
      vertex 29 8.5 6.597759065022574
    endloop
  endfacet
  facet normal 0 -1 0
    outer loop
      vertex 10 23.899999998509884 4.550000000000001
      vertex 24 23.899999998509884 4.550000000000001
      vertex 24 23.899999998509884 6.597759065022574
    endloop
  endfacet
  facet normal -1 0 0
    outer loop
      vertex 24 9.899999998509884 6.597759065022574
      vertex 24 23.899999998509884 6.597759065022574
      vertex 24 23.899999998509884 4.550000000000001
    endloop
  endfacet
  facet normal 0 -1 0
    outer loop
      vertex 29 22.5 4.550000000000001
      vertex 43 22.5 6.597759065022574
      vertex 29 22.5 6.597759065022574
    endloop
  endfacet
  facet normal -1 0 0
    outer loop
      vertex 43 8.5 4.550000000000001
      vertex 43 8.5 6.597759065022574
      vertex 43 22.5 4.550000000000001
    endloop
  endfacet
  facet normal 0 1 0
    outer loop
      vertex 29 8.5 6.597759065022574
      vertex 43 8.5 6.597759065022574
      vertex 43 8.5 4.550000000000001
    endloop
  endfacet
  facet normal -1 0 0
    outer loop
      vertex 43 8.5 6.597759065022574
      vertex 43 22.5 6.597759065022574
      vertex 43 22.5 4.550000000000001
    endloop
  endfacet
  facet normal 0 -1 0
    outer loop
      vertex 29 22.5 4.550000000000001
      vertex 43 22.5 4.550000000000001
      vertex 43 22.5 6.597759065022574
    endloop
  endfacet
  facet normal 0 1 0
    outer loop
      vertex -50.20710678118654 -36.5 4.550000000000001
      vertex -50.20710678118654 -36.5 0.25
      vertex -50.5 -36.5 0.25
    endloop
  endfacet
  facet normal 1 0 0
    outer loop
      vertex -50.5 -36.5 4.550000000000001
      vertex -50.5 -36.5 0.25
      vertex -50.5 -36.378679656440355 0.25
    endloop
  endfacet
  facet normal 0 1 0
    outer loop
      vertex -29.5 -36.5 4.550000000000001
      vertex -29.5 -36.5 0.25
      vertex -47.792893218813454 -36.5 0.25
    endloop
  endfacet
  facet normal -0.04600387463441016 0.9989412612954885 0
    outer loop
      vertex -24.080654233694077 -36.25042486190796 4.550000000000001
      vertex -24.080654233694077 -36.25042486190796 0.25
      vertex -29.5 -36.5 0.25
    endloop
  endfacet
  facet normal 0.3599968082662115 0.9329535347690905 0
    outer loop
      vertex -16.864167550376596 -39.035035323277725 4.550000000000001
      vertex -16.864167550376596 -39.035035323277725 0.25
      vertex -24.080654233694077 -36.25042486190796 0.25
    endloop
  endfacet
  facet normal 0 1 0
    outer loop
      vertex -50.5 -36.5 4.550000000000001
      vertex -50.20710678118654 -36.5 4.550000000000001
      vertex -50.5 -36.5 0.25
    endloop
  endfacet
  facet normal 1 0 0
    outer loop
      vertex -50.5 -36.5 4.550000000000001
      vertex -50.5 -36.378679656440355 0.25
      vertex -50.5 -36.378679656440355 4.550000000000001
    endloop
  endfacet
  facet normal 0 1 0
    outer loop
      vertex -47.792893218813454 -36.5 4.550000000000001
      vertex -29.5 -36.5 4.550000000000001
      vertex -47.792893218813454 -36.5 0.25
    endloop
  endfacet
  facet normal -0.04600387463441016 0.9989412612954885 0
    outer loop
      vertex -29.5 -36.5 4.550000000000001
      vertex -24.080654233694077 -36.25042486190796 4.550000000000001
      vertex -29.5 -36.5 0.25
    endloop
  endfacet
  facet normal 0.3599968082662115 0.9329535347690905 0
    outer loop
      vertex -24.080654233694077 -36.25042486190796 4.550000000000001
      vertex -16.864167550376596 -39.035035323277725 4.550000000000001
      vertex -24.080654233694077 -36.25042486190796 0.25
    endloop
  endfacet
  facet normal 0.3599968082662116 0.9329535347690905 0
    outer loop
      vertex 11.64767674356699 -50.03684040904045 4.550000000000001
      vertex 11.64767674356699 -50.03684040904045 0.25
      vertex -14.692978402075912 -39.87282749019838 0.25
    endloop
  endfacet
  facet normal -0.9329539663177161 0.359995689879812 0
    outer loop
      vertex 11.649624459445477 -50.031792767345905 4.550000000000001
      vertex 11.649624459445477 -50.031792767345905 0.25
      vertex 11.64767674356699 -50.03684040904045 0.25
    endloop
  endfacet
  facet normal 0.3567913346652962 0.9341841057884451 0
    outer loop
      vertex 15.99321820671935 -51.69073408387119 4.550000000000001
      vertex 15.99321820671935 -51.69073408387119 0.25
      vertex 11.649624459445477 -50.031792767345905 0.25
    endloop
  endfacet
  facet normal -0.9329539663177161 0.359995689879812 0
    outer loop
      vertex 11.64767674356699 -50.03684040904045 4.550000000000001
      vertex 11.649624459445477 -50.031792767345905 4.550000000000001
      vertex 11.64767674356699 -50.03684040904045 0.25
    endloop
  endfacet
  facet normal 0.3567913346652962 0.9341841057884451 0
    outer loop
      vertex 15.99321820671935 -51.69073408387119 4.550000000000001
      vertex 11.649624459445477 -50.031792767345905 0.25
      vertex 11.649624459445477 -50.031792767345905 4.550000000000001
    endloop
  endfacet
  facet normal 0.3599968082662116 0.9329535347690905 0
    outer loop
      vertex 11.64767674356699 -50.03684040904045 4.550000000000001
      vertex -14.692978402075912 -39.87282749019838 0.25
      vertex -14.692978402075912 -39.87282749019838 4.550000000000001
    endloop
  endfacet
  facet normal 0 0 -1
    outer loop
      vertex -50.5 -36.5 4.550000000000001
      vertex -50.5 -36.378679656440355 4.550000000000001
      vertex -50.20710678118654 -36.5 4.550000000000001
    endloop
  endfacet
  facet normal 0 0 -1
    outer loop
      vertex -46.5 -34.5 4.550000000000001
      vertex -47.23223304703363 -32.73223304703363 4.550000000000001
      vertex -47 -33 4.550000000000001
    endloop
  endfacet
  facet normal 0 0 -1
    outer loop
      vertex -47.792893218813454 -36.5 4.550000000000001
      vertex -47.23223304703363 -36.26776695296637 4.550000000000001
      vertex -33 -33 4.550000000000001
    endloop
  endfacet
  facet normal 0 0 -1
    outer loop
      vertex -47.23223304703363 -36.26776695296637 4.550000000000001
      vertex -46.5 -34.5 4.550000000000001
      vertex -33 -33 4.550000000000001
    endloop
  endfacet
  facet normal 0 0 -1
    outer loop
      vertex -46.5 -34.5 4.550000000000001
      vertex -47 -33 4.550000000000001
      vertex -33 -33 4.550000000000001
    endloop
  endfacet
  facet normal 0 0 -1
    outer loop
      vertex -47.792893218813454 -36.5 4.550000000000001
      vertex -33 -33 4.550000000000001
      vertex -29.5 -36.5 4.550000000000001
    endloop
  endfacet
  facet normal 0 0 -1
    outer loop
      vertex -50.5 -32.621320343559645 4.550000000000001
      vertex -47 -19 4.550000000000001
      vertex -49 -32 4.550000000000001
    endloop
  endfacet
  facet normal 0 0 -1
    outer loop
      vertex -47 -33 4.550000000000001
      vertex -47.23223304703363 -32.73223304703363 4.550000000000001
      vertex -47 -19 4.550000000000001
    endloop
  endfacet
  facet normal 0 0 -1
    outer loop
      vertex -47.23223304703363 -32.73223304703363 4.550000000000001
      vertex -49 -32 4.550000000000001
      vertex -47 -19 4.550000000000001
    endloop
  endfacet
  facet normal 0 0 -1
    outer loop
      vertex -50.5 -32.621320343559645 4.550000000000001
      vertex -47 -14 4.550000000000001
      vertex -47 -19 4.550000000000001
    endloop
  endfacet
  facet normal 0 0 -1
    outer loop
      vertex -29.5 -36.5 4.550000000000001
      vertex -28 -28.100000001490116 4.550000000000001
      vertex -24.080654233694077 -36.25042486190796 4.550000000000001
    endloop
  endfacet
  facet normal 0 0 -1
    outer loop
      vertex -24.080654233694077 -36.25042486190796 4.550000000000001
      vertex -28 -28.100000001490116 4.550000000000001
      vertex -16.76776695296637 -35.73223304703363 4.550000000000001
    endloop
  endfacet
  facet normal 0 0 -1
    outer loop
      vertex -24.080654233694077 -36.25042486190796 4.550000000000001
      vertex -17.5 -37.5 4.550000000000001
      vertex -16.864167550376596 -39.035035323277725 4.550000000000001
    endloop
  endfacet
  facet normal 0 0 -1
    outer loop
      vertex -24.080654233694077 -36.25042486190796 4.550000000000001
      vertex -16.76776695296637 -35.73223304703363 4.550000000000001
      vertex -17.5 -37.5 4.550000000000001
    endloop
  endfacet
  facet normal 0 0 -1
    outer loop
      vertex -33 -33 4.550000000000001
      vertex -33 -19 4.550000000000001
      vertex -29.5 -36.5 4.550000000000001
    endloop
  endfacet
  facet normal 0 0 -1
    outer loop
      vertex -29.5 -36.5 4.550000000000001
      vertex -28 -14.100000001490116 4.550000000000001
      vertex -28 -28.100000001490116 4.550000000000001
    endloop
  endfacet
  facet normal 0 0 -1
    outer loop
      vertex -29.5 -36.5 4.550000000000001
      vertex -33 -19 4.550000000000001
      vertex -33 -14 4.550000000000001
    endloop
  endfacet
  facet normal 0 0 -1
    outer loop
      vertex -29.5 -36.5 4.550000000000001
      vertex -28 -9.100000001490116 4.550000000000001
      vertex -28 -14.100000001490116 4.550000000000001
    endloop
  endfacet
  facet normal 0 0 -1
    outer loop
      vertex -28 -28.100000001490116 4.550000000000001
      vertex -14 -28.100000001490116 4.550000000000001
      vertex -16.76776695296637 -35.73223304703363 4.550000000000001
    endloop
  endfacet
  facet normal 0 0 -1
    outer loop
      vertex 11.64767674356699 -50.03684040904045 4.550000000000001
      vertex -13.232233047033631 -39.26776695296637 4.550000000000001
      vertex 11.649624459445477 -50.031792767345905 4.550000000000001
    endloop
  endfacet
  facet normal 0 0 -1
    outer loop
      vertex 15.99321820671935 -51.69073408387119 4.550000000000001
      vertex 11.649624459445477 -50.031792767345905 4.550000000000001
      vertex 15.5 -50.5 4.550000000000001
    endloop
  endfacet
  facet normal 0 0 -1
    outer loop
      vertex 11.649624459445477 -50.031792767345905 4.550000000000001
      vertex 14.166546911001205 -46.363272689282894 4.550000000000001
      vertex 15.5 -50.5 4.550000000000001
    endloop
  endfacet
  facet normal 0 0 -1
    outer loop
      vertex 15.5 -50.5 4.550000000000001
      vertex 14.166546911001205 -46.363272689282894 4.550000000000001
      vertex 16.23223304703363 -48.73223304703363 4.550000000000001
    endloop
  endfacet
  facet normal 0 0 -1
    outer loop
      vertex 16.23223304703363 -48.73223304703363 4.550000000000001
      vertex 14.166546911001205 -46.363272689282894 4.550000000000001
      vertex 18 -48 4.550000000000001
    endloop
  endfacet
  facet normal 0 0 -1
    outer loop
      vertex -16.76776695296637 -35.73223304703363 4.550000000000001
      vertex -14 -28.100000001490116 4.550000000000001
      vertex -15 -35 4.550000000000001
    endloop
  endfacet
  facet normal 0 0 -1
    outer loop
      vertex -15 -35 4.550000000000001
      vertex -14 -28.100000001490116 4.550000000000001
      vertex -13.232233047033631 -35.73223304703363 4.550000000000001
    endloop
  endfacet
  facet normal 0 0 -1
    outer loop
      vertex 11.64767674356699 -50.03684040904045 4.550000000000001
      vertex -14.692978402075912 -39.87282749019838 4.550000000000001
      vertex -13.232233047033631 -39.26776695296637 4.550000000000001
    endloop
  endfacet
  facet normal 0 0 -1
    outer loop
      vertex 11.649624459445477 -50.031792767345905 4.550000000000001
      vertex -13.232233047033631 -39.26776695296637 4.550000000000001
      vertex -12.5 -37.5 4.550000000000001
    endloop
  endfacet
  facet normal 0 0 -1
    outer loop
      vertex 11.649624459445477 -50.031792767345905 4.550000000000001
      vertex -12.5 -37.5 4.550000000000001
      vertex -13.232233047033631 -35.73223304703363 4.550000000000001
    endloop
  endfacet
  facet normal 0 0 -1
    outer loop
      vertex 11.649624459445477 -50.031792767345905 4.550000000000001
      vertex -13.232233047033631 -35.73223304703363 4.550000000000001
      vertex -14 -28.100000001490116 4.550000000000001
    endloop
  endfacet
  facet normal 0 0 -1
    outer loop
      vertex 11.649624459445477 -50.031792767345905 4.550000000000001
      vertex -14 -28.100000001490116 4.550000000000001
      vertex -9 -26 4.550000000000001
    endloop
  endfacet
  facet normal 0 0 -1
    outer loop
      vertex -14 -28.100000001490116 4.550000000000001
      vertex -9 -12 4.550000000000001
      vertex -9 -26 4.550000000000001
    endloop
  endfacet
  facet normal 0 0 -1
    outer loop
      vertex 11.649624459445477 -50.031792767345905 4.550000000000001
      vertex -9 -26 4.550000000000001
      vertex 5.5 -30 4.550000000000001
    endloop
  endfacet
  facet normal 0 0 -1
    outer loop
      vertex 11.649624459445477 -50.031792767345905 4.550000000000001
      vertex 5.5 -30 4.550000000000001
      vertex 6.232233047033631 -31.76776695296637 4.550000000000001
    endloop
  endfacet
  facet normal 0 0 -1
    outer loop
      vertex 11.649624459445477 -50.031792767345905 4.550000000000001
      vertex 15.386727310717106 -32.416546911001205 4.550000000000001
      vertex 14.166546911001205 -46.363272689282894 4.550000000000001
    endloop
  endfacet
  facet normal 0 0 -1
    outer loop
      vertex 11.649624459445477 -50.031792767345905 4.550000000000001
      vertex 6.232233047033631 -31.76776695296637 4.550000000000001
      vertex 8 -32.5 4.550000000000001
    endloop
  endfacet
  facet normal 0 0 -1
    outer loop
      vertex 11.649624459445477 -50.031792767345905 4.550000000000001
      vertex 8 -32.5 4.550000000000001
      vertex 9.767766952966369 -31.76776695296637 4.550000000000001
    endloop
  endfacet
  facet normal 0 0 -1
    outer loop
      vertex 11.649624459445477 -50.031792767345905 4.550000000000001
      vertex 9.767766952966369 -31.76776695296637 4.550000000000001
      vertex 10.5 -30 4.550000000000001
    endloop
  endfacet
  facet normal 0 0 -1
    outer loop
      vertex 11.649624459445477 -50.031792767345905 4.550000000000001
      vertex 10.5 -30 4.550000000000001
      vertex 15.386727310717106 -32.416546911001205 4.550000000000001
    endloop
  endfacet
  facet normal 0 0 -1
    outer loop
      vertex -9 -26 4.550000000000001
      vertex 6.232233047033631 -28.23223304703363 4.550000000000001
      vertex 5.5 -30 4.550000000000001
    endloop
  endfacet
  facet normal 0 0 -1
    outer loop
      vertex -9 -26 4.550000000000001
      vertex 5 -26 4.550000000000001
      vertex 6.232233047033631 -28.23223304703363 4.550000000000001
    endloop
  endfacet
  facet normal 0 0 -1
    outer loop
      vertex 5 -26 4.550000000000001
      vertex 8 -27.5 4.550000000000001
      vertex 6.232233047033631 -28.23223304703363 4.550000000000001
    endloop
  endfacet
  facet normal 0 0 -1
    outer loop
      vertex 5 -26 4.550000000000001
      vertex 10 -28.100000001490116 4.550000000000001
      vertex 8 -27.5 4.550000000000001
    endloop
  endfacet
  facet normal 0 0 -1
    outer loop
      vertex 15.386727310717106 -32.416546911001205 4.550000000000001
      vertex 10.5 -30 4.550000000000001
      vertex 9.767766952966369 -28.23223304703363 4.550000000000001
    endloop
  endfacet
  facet normal 0 0 -1
    outer loop
      vertex 15.386727310717106 -32.416546911001205 4.550000000000001
      vertex 9.767766952966369 -28.23223304703363 4.550000000000001
      vertex 10 -28.100000001490116 4.550000000000001
    endloop
  endfacet
  facet normal 0 0 -1
    outer loop
      vertex 8 -27.5 4.550000000000001
      vertex 10 -28.100000001490116 4.550000000000001
      vertex 9.767766952966369 -28.23223304703363 4.550000000000001
    endloop
  endfacet
  facet normal 0 0 -1
    outer loop
      vertex 5 -26 4.550000000000001
      vertex 10 -14.100000001490116 4.550000000000001
      vertex 10 -28.100000001490116 4.550000000000001
    endloop
  endfacet
  facet normal 1 0 0
    outer loop
      vertex -50.5 -32.621320343559645 4.550000000000001
      vertex -50.5 -32.621320343559645 0.25
      vertex -50.5 18.621320343559642 0.25
    endloop
  endfacet
  facet normal 1 0 0
    outer loop
      vertex -50.5 -32.621320343559645 4.550000000000001
      vertex -50.5 18.621320343559642 0.25
      vertex -50.5 18.621320343559642 4.550000000000001
    endloop
  endfacet
  facet normal 1 0 0
    outer loop
      vertex -50.5 22.378679656440358 4.550000000000001
      vertex -50.5 22.378679656440358 0.25
      vertex -50.5 22.5 0.25
    endloop
  endfacet
  facet normal 0.2497238805870086 -0.9683170882849096 0
    outer loop
      vertex -50.5 22.5 4.550000000000001
      vertex -50.5 22.5 0.25
      vertex -49.72389166444496 22.700154254898063 0.25
    endloop
  endfacet
  facet normal 0.24972388058700803 -0.9683170882849098 0
    outer loop
      vertex -48.83163740873336 22.93026193130108 4.550000000000001
      vertex -48.83163740873336 22.93026193130108 0.25
      vertex -31.5 27.399999998509884 0.25
    endloop
  endfacet
  facet normal 0.10985734044012811 -0.9939473651815883 0
    outer loop
      vertex -31.5 27.399999998509884 4.550000000000001
      vertex -31.5 27.399999998509884 0.25
      vertex -13.944825954476059 29.34030871018144 0.25
    endloop
  endfacet
  facet normal 1 0 0
    outer loop
      vertex -50.5 22.378679656440358 4.550000000000001
      vertex -50.5 22.5 0.25
      vertex -50.5 22.5 4.550000000000001
    endloop
  endfacet
  facet normal 0.2497238805870086 -0.9683170882849096 0
    outer loop
      vertex -50.5 22.5 4.550000000000001
      vertex -49.72389166444496 22.700154254898063 0.25
      vertex -49.72389166444496 22.700154254898063 4.550000000000001
    endloop
  endfacet
  facet normal 0.24972388058700803 -0.9683170882849098 0
    outer loop
      vertex -48.83163740873336 22.93026193130108 4.550000000000001
      vertex -31.5 27.399999998509884 0.25
      vertex -31.5 27.399999998509884 4.550000000000001
    endloop
  endfacet
  facet normal 0.10985734044012811 -0.9939473651815883 0
    outer loop
      vertex -31.5 27.399999998509884 4.550000000000001
      vertex -13.944825954476059 29.34030871018144 0.25
      vertex -13.944825954476059 29.34030871018144 4.550000000000001
    endloop
  endfacet
  facet normal 0.00826418058740942 -0.9999658510765348 0
    outer loop
      vertex -10.129435384997787 29.51959144309919 4.550000000000001
      vertex -10.129435384997787 29.51959144309919 0.25
      vertex 20.74918000207984 29.774786611587437 0.25
    endloop
  endfacet
  facet normal 0.00826418058740942 -0.9999658510765348 0
    outer loop
      vertex -10.129435384997787 29.51959144309919 4.550000000000001
      vertex 20.74918000207984 29.774786611587437 0.25
      vertex 20.74918000207984 29.774786611587437 4.550000000000001
    endloop
  endfacet
  facet normal 0 0 -1
    outer loop
      vertex -50.5 -32.621320343559645 4.550000000000001
      vertex -47 0 4.550000000000001
      vertex -47 -14 4.550000000000001
    endloop
  endfacet
  facet normal 0 0 -1
    outer loop
      vertex -47 -19 4.550000000000001
      vertex -47 -14 4.550000000000001
      vertex -33 -19 4.550000000000001
    endloop
  endfacet
  facet normal 0 0 -1
    outer loop
      vertex -47 -14 4.550000000000001
      vertex -33 -14 4.550000000000001
      vertex -33 -19 4.550000000000001
    endloop
  endfacet
  facet normal 0 0 -1
    outer loop
      vertex -50.5 -32.621320343559645 4.550000000000001
      vertex -50.5 18.621320343559642 4.550000000000001
      vertex -47 0 4.550000000000001
    endloop
  endfacet
  facet normal 0 0 -1
    outer loop
      vertex -47 0 4.550000000000001
      vertex -47 5 4.550000000000001
      vertex -33 0 4.550000000000001
    endloop
  endfacet
  facet normal 0 0 -1
    outer loop
      vertex -47 5 4.550000000000001
      vertex -33 5 4.550000000000001
      vertex -33 0 4.550000000000001
    endloop
  endfacet
  facet normal 0 0 -1
    outer loop
      vertex -29.5 -36.5 4.550000000000001
      vertex -33 -14 4.550000000000001
      vertex -33 0 4.550000000000001
    endloop
  endfacet
  facet normal 0 0 -1
    outer loop
      vertex -29.5 -36.5 4.550000000000001
      vertex -28 4.899999998509884 4.550000000000001
      vertex -28 -9.100000001490116 4.550000000000001
    endloop
  endfacet
  facet normal 0 0 -1
    outer loop
      vertex -29.5 -36.5 4.550000000000001
      vertex -33 0 4.550000000000001
      vertex -33 5 4.550000000000001
    endloop
  endfacet
  facet normal 0 0 -1
    outer loop
      vertex -28 -14.100000001490116 4.550000000000001
      vertex -28 -9.100000001490116 4.550000000000001
      vertex -14 -14.100000001490116 4.550000000000001
    endloop
  endfacet
  facet normal 0 0 -1
    outer loop
      vertex -28 -9.100000001490116 4.550000000000001
      vertex -14 -9.100000001490116 4.550000000000001
      vertex -14 -14.100000001490116 4.550000000000001
    endloop
  endfacet
  facet normal 0 0 -1
    outer loop
      vertex -29.5 -36.5 4.550000000000001
      vertex -33 5 4.550000000000001
      vertex -33 19 4.550000000000001
    endloop
  endfacet
  facet normal 0 0 -1
    outer loop
      vertex -29.5 -36.5 4.550000000000001
      vertex -31.5 27.399999998509884 4.550000000000001
      vertex -28 4.899999998509884 4.550000000000001
    endloop
  endfacet
  facet normal 0 0 -1
    outer loop
      vertex -29.5 -36.5 4.550000000000001
      vertex -33 19 4.550000000000001
      vertex -31.5 27.399999998509884 4.550000000000001
    endloop
  endfacet
  facet normal 0 0 -1
    outer loop
      vertex -47 0 4.550000000000001
      vertex -50.5 18.621320343559642 4.550000000000001
      vertex -49 18 4.550000000000001
    endloop
  endfacet
  facet normal 0 0 -1
    outer loop
      vertex -47 0 4.550000000000001
      vertex -49 18 4.550000000000001
      vertex -47 5 4.550000000000001
    endloop
  endfacet
  facet normal 0 0 -1
    outer loop
      vertex -47 5 4.550000000000001
      vertex -49 18 4.550000000000001
      vertex -47.23223304703363 18.73223304703363 4.550000000000001
    endloop
  endfacet
  facet normal 0 0 -1
    outer loop
      vertex -47 5 4.550000000000001
      vertex -47.23223304703363 18.73223304703363 4.550000000000001
      vertex -47 19 4.550000000000001
    endloop
  endfacet
  facet normal 0 0 -1
    outer loop
      vertex -50.5 22.378679656440358 4.550000000000001
      vertex -50.5 22.5 4.550000000000001
      vertex -49.72389166444496 22.700154254898063 4.550000000000001
    endloop
  endfacet
  facet normal 0 0 -1
    outer loop
      vertex -47.23223304703363 18.73223304703363 4.550000000000001
      vertex -46.5 20.5 4.550000000000001
      vertex -47 19 4.550000000000001
    endloop
  endfacet
  facet normal 0 0 -1
    outer loop
      vertex -47 19 4.550000000000001
      vertex -46.5 20.5 4.550000000000001
      vertex -31.5 27.399999998509884 4.550000000000001
    endloop
  endfacet
  facet normal 0 0 -1
    outer loop
      vertex -46.5 20.5 4.550000000000001
      vertex -47.23223304703363 22.26776695296637 4.550000000000001
      vertex -31.5 27.399999998509884 4.550000000000001
    endloop
  endfacet
  facet normal 0 0 -1
    outer loop
      vertex -48.83163740873336 22.93026193130108 4.550000000000001
      vertex -31.5 27.399999998509884 4.550000000000001
      vertex -47.23223304703363 22.26776695296637 4.550000000000001
    endloop
  endfacet
  facet normal 0 0 -1
    outer loop
      vertex -47 19 4.550000000000001
      vertex -31.5 27.399999998509884 4.550000000000001
      vertex -33 19 4.550000000000001
    endloop
  endfacet
  facet normal 0 0 -1
    outer loop
      vertex -28 4.899999998509884 4.550000000000001
      vertex -31.5 27.399999998509884 4.550000000000001
      vertex -28 9.899999998509884 4.550000000000001
    endloop
  endfacet
  facet normal 0 0 -1
    outer loop
      vertex -28 4.899999998509884 4.550000000000001
      vertex -28 9.899999998509884 4.550000000000001
      vertex -14 4.899999998509884 4.550000000000001
    endloop
  endfacet
  facet normal 0 0 -1
    outer loop
      vertex -28 9.899999998509884 4.550000000000001
      vertex -14 9.899999998509884 4.550000000000001
      vertex -14 4.899999998509884 4.550000000000001
    endloop
  endfacet
  facet normal 0 0 -1
    outer loop
      vertex -28 9.899999998509884 4.550000000000001
      vertex -31.5 27.399999998509884 4.550000000000001
      vertex -28 23.899999998509884 4.550000000000001
    endloop
  endfacet
  facet normal 0 0 -1
    outer loop
      vertex -28 23.899999998509884 4.550000000000001
      vertex -31.5 27.399999998509884 4.550000000000001
      vertex -14 23.899999998509884 4.550000000000001
    endloop
  endfacet
  facet normal 0 0 -1
    outer loop
      vertex -31.5 27.399999998509884 4.550000000000001
      vertex -14.5 28 4.550000000000001
      vertex -13.767766952966369 26.23223304703363 4.550000000000001
    endloop
  endfacet
  facet normal 0 0 -1
    outer loop
      vertex -31.5 27.399999998509884 4.550000000000001
      vertex -13.944825954476059 29.34030871018144 4.550000000000001
      vertex -14.5 28 4.550000000000001
    endloop
  endfacet
  facet normal 0 0 -1
    outer loop
      vertex -31.5 27.399999998509884 4.550000000000001
      vertex -13.767766952966369 26.23223304703363 4.550000000000001
      vertex -14 23.899999998509884 4.550000000000001
    endloop
  endfacet
  facet normal 0 0 -1
    outer loop
      vertex -14 -28.100000001490116 4.550000000000001
      vertex -14 -14.100000001490116 4.550000000000001
      vertex -9 -12 4.550000000000001
    endloop
  endfacet
  facet normal 0 0 -1
    outer loop
      vertex -14 -14.100000001490116 4.550000000000001
      vertex -14 -9.100000001490116 4.550000000000001
      vertex -9 -12 4.550000000000001
    endloop
  endfacet
  facet normal 0 0 -1
    outer loop
      vertex -14 -9.100000001490116 4.550000000000001
      vertex -9 -7 4.550000000000001
      vertex -9 -12 4.550000000000001
    endloop
  endfacet
  facet normal 0 0 -1
    outer loop
      vertex -9 -12 4.550000000000001
      vertex -9 -7 4.550000000000001
      vertex 5 -12 4.550000000000001
    endloop
  endfacet
  facet normal 0 0 -1
    outer loop
      vertex -14 -9.100000001490116 4.550000000000001
      vertex -9 7 4.550000000000001
      vertex -9 -7 4.550000000000001
    endloop
  endfacet
  facet normal 0 0 -1
    outer loop
      vertex -14 -9.100000001490116 4.550000000000001
      vertex -14 4.899999998509884 4.550000000000001
      vertex -9 7 4.550000000000001
    endloop
  endfacet
  facet normal 0 0 -1
    outer loop
      vertex 5 -26 4.550000000000001
      vertex 5 -12 4.550000000000001
      vertex 10 -14.100000001490116 4.550000000000001
    endloop
  endfacet
  facet normal 0 0 -1
    outer loop
      vertex -9 -7 4.550000000000001
      vertex 5 -7 4.550000000000001
      vertex 5 -12 4.550000000000001
    endloop
  endfacet
  facet normal 0 0 -1
    outer loop
      vertex 5 -12 4.550000000000001
      vertex 10 -9.100000001490116 4.550000000000001
      vertex 10 -14.100000001490116 4.550000000000001
    endloop
  endfacet
  facet normal 0 0 -1
    outer loop
      vertex 10 -14.100000001490116 4.550000000000001
      vertex 10 -9.100000001490116 4.550000000000001
      vertex 24 -14.100000001490116 4.550000000000001
    endloop
  endfacet
  facet normal 0 0 -1
    outer loop
      vertex 5 -12 4.550000000000001
      vertex 5 -7 4.550000000000001
      vertex 10 4.899999998509884 4.550000000000001
    endloop
  endfacet
  facet normal 0 0 -1
    outer loop
      vertex 5 -7 4.550000000000001
      vertex 5 7 4.550000000000001
      vertex 10 4.899999998509884 4.550000000000001
    endloop
  endfacet
  facet normal 0 0 -1
    outer loop
      vertex 5 -12 4.550000000000001
      vertex 10 4.899999998509884 4.550000000000001
      vertex 10 -9.100000001490116 4.550000000000001
    endloop
  endfacet
  facet normal 0 0 -1
    outer loop
      vertex 10 4.899999998509884 4.550000000000001
      vertex 5 7 4.550000000000001
      vertex 24 4.899999998509884 4.550000000000001
    endloop
  endfacet
  facet normal 0 0 -1
    outer loop
      vertex -14 4.899999998509884 4.550000000000001
      vertex -14 9.899999998509884 4.550000000000001
      vertex -9 7 4.550000000000001
    endloop
  endfacet
  facet normal 0 0 -1
    outer loop
      vertex -14 9.899999998509884 4.550000000000001
      vertex -10.232233047033631 26.23223304703363 4.550000000000001
      vertex -9 7 4.550000000000001
    endloop
  endfacet
  facet normal 0 0 -1
    outer loop
      vertex -9 7 4.550000000000001
      vertex -10.232233047033631 26.23223304703363 4.550000000000001
      vertex -9 12 4.550000000000001
    endloop
  endfacet
  facet normal 0 0 -1
    outer loop
      vertex -9 7 4.550000000000001
      vertex -9 12 4.550000000000001
      vertex 5 7 4.550000000000001
    endloop
  endfacet
  facet normal 0 0 -1
    outer loop
      vertex -14 9.899999998509884 4.550000000000001
      vertex -14 23.899999998509884 4.550000000000001
      vertex -12 25.5 4.550000000000001
    endloop
  endfacet
  facet normal 0 0 -1
    outer loop
      vertex -14 9.899999998509884 4.550000000000001
      vertex -12 25.5 4.550000000000001
      vertex -10.232233047033631 26.23223304703363 4.550000000000001
    endloop
  endfacet
  facet normal 0 0 -1
    outer loop
      vertex -9 12 4.550000000000001
      vertex -10.232233047033631 26.23223304703363 4.550000000000001
      vertex -9 26 4.550000000000001
    endloop
  endfacet
  facet normal 0 0 -1
    outer loop
      vertex -14 23.899999998509884 4.550000000000001
      vertex -13.767766952966369 26.23223304703363 4.550000000000001
      vertex -12 25.5 4.550000000000001
    endloop
  endfacet
  facet normal 0 0 -1
    outer loop
      vertex -10.232233047033631 26.23223304703363 4.550000000000001
      vertex -9.5 28 4.550000000000001
      vertex -9 26 4.550000000000001
    endloop
  endfacet
  facet normal 0 0 -1
    outer loop
      vertex -9.5 28 4.550000000000001
      vertex -10.129435384997787 29.51959144309919 4.550000000000001
      vertex 5 26 4.550000000000001
    endloop
  endfacet
  facet normal 0 0 -1
    outer loop
      vertex -9.5 28 4.550000000000001
      vertex 5 26 4.550000000000001
      vertex -9 26 4.550000000000001
    endloop
  endfacet
  facet normal 0 0 -1
    outer loop
      vertex -9 12 4.550000000000001
      vertex 5 12 4.550000000000001
      vertex 5 7 4.550000000000001
    endloop
  endfacet
  facet normal 0 0 -1
    outer loop
      vertex 5 7 4.550000000000001
      vertex 5 12 4.550000000000001
      vertex 10 23.899999998509884 4.550000000000001
    endloop
  endfacet
  facet normal 0 0 -1
    outer loop
      vertex 5 7 4.550000000000001
      vertex 10 9.899999998509884 4.550000000000001
      vertex 24 4.899999998509884 4.550000000000001
    endloop
  endfacet
  facet normal 0 0 -1
    outer loop
      vertex 5 7 4.550000000000001
      vertex 10 23.899999998509884 4.550000000000001
      vertex 10 9.899999998509884 4.550000000000001
    endloop
  endfacet
  facet normal 0 0 -1
    outer loop
      vertex 5 12 4.550000000000001
      vertex 5 26 4.550000000000001
      vertex 10 23.899999998509884 4.550000000000001
    endloop
  endfacet
  facet normal 0 0 -1
    outer loop
      vertex -10.129435384997787 29.51959144309919 4.550000000000001
      vertex 20.74918000207984 29.774786611587437 4.550000000000001
      vertex 5 26 4.550000000000001
    endloop
  endfacet
  facet normal 0 0 -1
    outer loop
      vertex 5 26 4.550000000000001
      vertex 24 23.899999998509884 4.550000000000001
      vertex 10 23.899999998509884 4.550000000000001
    endloop
  endfacet
  facet normal 0 0 -1
    outer loop
      vertex 5 26 4.550000000000001
      vertex 20 28 4.550000000000001
      vertex 20.73223304703363 26.23223304703363 4.550000000000001
    endloop
  endfacet
  facet normal 0 0 -1
    outer loop
      vertex 5 26 4.550000000000001
      vertex 20.73223304703363 26.23223304703363 4.550000000000001
      vertex 22.5 25.5 4.550000000000001
    endloop
  endfacet
  facet normal 0 0 -1
    outer loop
      vertex 5 26 4.550000000000001
      vertex 20.73223304703363 29.76776695296637 4.550000000000001
      vertex 20 28 4.550000000000001
    endloop
  endfacet
  facet normal 0 0 -1
    outer loop
      vertex 5 26 4.550000000000001
      vertex 20.74918000207984 29.774786611587437 4.550000000000001
      vertex 20.73223304703363 29.76776695296637 4.550000000000001
    endloop
  endfacet
  facet normal 0.3567913346652961 0.9341841057884451 0
    outer loop
      vertex 59.94328195447108 -68.47650661631063 4.550000000000001
      vertex 59.94328195447108 -68.47650661631063 0.25
      vertex 18.681812148922685 -52.717584160925476 0.25
    endloop
  endfacet
  facet normal 0.3567913346652961 0.9341841057884451 0
    outer loop
      vertex 18.681812148922685 -52.717584160925476 4.550000000000001
      vertex 59.94328195447108 -68.47650661631063 4.550000000000001
      vertex 18.681812148922685 -52.717584160925476 0.25
    endloop
  endfacet
  facet normal 0.3567913346652805 0.934184105788451 0
    outer loop
      vertex 60.32854388654232 -68.623649045825 4.550000000000001
      vertex 60.32854388654232 -68.623649045825 0.25
      vertex 60.00230003956951 -68.49904729241632 0.25
    endloop
  endfacet
  facet normal -0.819152044416491 0.5735764361689584 0
    outer loop
      vertex 60.58471072329887 -68.25780488834462 4.550000000000001
      vertex 60.58471072329887 -68.25780488834462 0.25
      vertex 60.32854388654232 -68.623649045825 0.25
    endloop
  endfacet
  facet normal -0.8191520444164926 0.573576436168956 0
    outer loop
      vertex 72.373649045825 -51.42145611345768 4.550000000000001
      vertex 72.373649045825 -51.42145611345768 0.25
      vertex 62.37572442959064 -65.69997223244607 0.25
    endloop
  endfacet
  facet normal -0.582862415744257 -0.8125708611024449 0
    outer loop
      vertex 72.3702715113759 -51.419033385813236 4.550000000000001
      vertex 72.3702715113759 -51.419033385813236 0.25
      vertex 72.373649045825 -51.42145611345768 0.25
    endloop
  endfacet
  facet normal 0.3567913346652805 0.934184105788451 0
    outer loop
      vertex 60.00230003956951 -68.49904729241632 4.550000000000001
      vertex 60.32854388654232 -68.623649045825 4.550000000000001
      vertex 60.00230003956951 -68.49904729241632 0.25
    endloop
  endfacet
  facet normal -0.819152044416491 0.5735764361689584 0
    outer loop
      vertex 60.32854388654232 -68.623649045825 4.550000000000001
      vertex 60.58471072329887 -68.25780488834462 4.550000000000001
      vertex 60.32854388654232 -68.623649045825 0.25
    endloop
  endfacet
  facet normal -0.8191520444164926 0.573576436168956 0
    outer loop
      vertex 62.37572442959064 -65.69997223244607 4.550000000000001
      vertex 72.373649045825 -51.42145611345768 4.550000000000001
      vertex 62.37572442959064 -65.69997223244607 0.25
    endloop
  endfacet
  facet normal -0.582862415744257 -0.8125708611024449 0
    outer loop
      vertex 72.373649045825 -51.42145611345768 4.550000000000001
      vertex 72.3702715113759 -51.419033385813236 4.550000000000001
      vertex 72.373649045825 -51.42145611345768 0.25
    endloop
  endfacet
  facet normal -0.819152044184122 0.5735764365008157 0
    outer loop
      vertex 72.3702715113759 -51.419033385813236 4.550000000000001
      vertex 81.89913223082922 -37.810409948098375 4.550000000000001
      vertex 72.3702715113759 -51.419033385813236 0.25
    endloop
  endfacet
  facet normal -0.5735764364737813 -0.8191520442030517 -1.437009066140158e-14
    outer loop
      vertex 68.39178341297745 -24.328458981793233 0.6217468245269457
      vertex 62.501322544332105 -20.203913876723142 0.25
      vertex 68.6130280883892 -24.4833761713547 0.25
    endloop
  endfacet
  facet normal -0.5735764364737808 -0.819152044203052 -2.866701223271413e-14
    outer loop
      vertex 68.39178341297745 -24.328458981793233 0.6217468245269457
      vertex 68.34058641021475 -24.292610454513625 0.7300000000000004
      vertex 62.501322544332105 -20.203913876723142 0.25
    endloop
  endfacet
  facet normal -0.5735764364737823 -0.8191520442030509 0
    outer loop
      vertex 68.34058641021475 -24.292610454513625 0.7300000000000004
      vertex 68.34058641021475 -24.292610454513625 1.67
      vertex 62.501322544332105 -20.203913876723142 0.25
    endloop
  endfacet
  facet normal -0.5735764364737829 -0.8191520442030504 3.2812166450563187e-15
    outer loop
      vertex 68.34058641021475 -24.292610454513625 1.67
      vertex 64.63187553008545 -21.695743138378575 2.6667468245269452
      vertex 62.501322544332105 -20.203913876723142 0.25
    endloop
  endfacet
  facet normal -0.819152044184122 0.5735764365008157 0
    outer loop
      vertex 81.89913223082922 -37.810409948098375 4.550000000000001
      vertex 81.89913223082922 -37.810409948098375 0.25
      vertex 72.3702715113759 -51.419033385813236 0.25
    endloop
  endfacet
  facet normal -0.8191520441841286 0.5735764365008064 0
    outer loop
      vertex 83.78979542851448 -35.11026307195425 4.550000000000001
      vertex 83.78979542851448 -35.11026307195425 0.25
      vertex 83.6059183370961 -35.372866773446766 0.25
    endloop
  endfacet
  facet normal -0.5735764364737905 -0.8191520442030452 0
    outer loop
      vertex 83.37759018562953 -34.82163385350459 4.550000000000001
      vertex 83.37759018562953 -34.82163385350459 0.25
      vertex 83.78979542851448 -35.11026307195425 0.25
    endloop
  endfacet
  facet normal -0.5735764364737815 -0.8191520442030515 6.998233968027596e-15
    outer loop
      vertex 75.79123589605982 -29.50961139072432 0.6217468257190384
      vertex 75.56999121969554 -29.354694200495885 0.25
      vertex 81.02334434464076 -33.17317316831971 0.25
    endloop
  endfacet
  facet normal -0.5735764364737824 -0.819152044203051 -1.1645681248316117e-14
    outer loop
      vertex 75.79123589605982 -29.50961139072432 0.6217468257190384
      vertex 81.02334434464076 -33.17317316831971 0.25
      vertex 75.83265514135589 -29.538613458516835 0.7300000011920931
    endloop
  endfacet
  facet normal -0.5735764364737816 -0.8191520442030514 -7.375141961475845e-16
    outer loop
      vertex 75.83265514135589 -29.538613458516835 0.7300000011920931
      vertex 81.02334434464076 -33.17317316831971 0.25
      vertex 79.55114377821944 -32.14232723362616 2.6667468245269452
    endloop
  endfacet
  facet normal -0.5735764364737819 -0.8191520442030511 0
    outer loop
      vertex 75.83265514135589 -29.538613458516835 0.7300000011920931
      vertex 79.55114377821944 -32.14232723362616 2.6667468245269452
      vertex 75.83265514135589 -29.538613458516835 1.6699999988079073
    endloop
  endfacet
  facet normal -0.5735764364737785 -0.8191520442030535 2.7131897281052182e-14
    outer loop
      vertex 68.34058641021475 -24.292610454513625 1.67
      vertex 68.39178341297745 -24.328458981793233 1.7782531754730548
      vertex 64.63187553008545 -21.695743138378575 2.6667468245269452
    endloop
  endfacet
  facet normal -0.5735764364737803 -0.8191520442030523 0
    outer loop
      vertex 64.63187553008545 -21.695743138378575 2.6667468245269452
      vertex 62.501322544332105 -20.203913876723142 4.550000000000001
      vertex 62.501322544332105 -20.203913876723142 0.25
    endloop
  endfacet
  facet normal -0.5735764364737831 -0.8191520442030504 -1.2410769909599591e-15
    outer loop
      vertex 68.39178341297745 -24.328458981793233 1.7782531754730548
      vertex 68.92056933936826 -24.69871887366936 2.6667468245269452
      vertex 64.63187553008545 -21.695743138378575 2.6667468245269452
    endloop
  endfacet
  facet normal -0.5735764364738093 -0.819152044203032 -4.878461322564556e-14
    outer loop
      vertex 64.63187553008545 -21.695743138378575 2.6667468245269452
      vertex 64.58067852732276 -21.659894611098967 2.7750000000000004
      vertex 62.501322544332105 -20.203913876723142 4.550000000000001
    endloop
  endfacet
  facet normal -0.5735764364737201 -0.8191520442030944 5.507221281210656e-14
    outer loop
      vertex 79.55114377821944 -32.14232723362616 2.6667468245269452
      vertex 81.02334434464076 -33.17317316831971 0.25
      vertex 79.59256302351552 -32.17132930141867 2.7750000000000004
    endloop
  endfacet
  facet normal -0.5735764364737853 -0.8191520442030488 0
    outer loop
      vertex 79.59256302351552 -32.17132930141867 2.7750000000000004
      vertex 81.02334434464076 -33.17317316831971 0.25
      vertex 81.02334434464076 -33.17317316831971 4.550000000000001
    endloop
  endfacet
  facet normal -0.8191520441841286 0.5735764365008064 0
    outer loop
      vertex 83.6059183370961 -35.372866773446766 4.550000000000001
      vertex 83.78979542851448 -35.11026307195425 4.550000000000001
      vertex 83.6059183370961 -35.372866773446766 0.25
    endloop
  endfacet
  facet normal -0.5735764364737905 -0.8191520442030452 0
    outer loop
      vertex 83.37759018562953 -34.82163385350459 4.550000000000001
      vertex 83.78979542851448 -35.11026307195425 0.25
      vertex 83.78979542851448 -35.11026307195425 4.550000000000001
    endloop
  endfacet
  facet normal -0.5735764364737821 -0.8191520442030511 -4.296035731615356e-16
    outer loop
      vertex 75.79123589605982 -29.50961139072432 1.7782531742809622
      vertex 79.55114377821944 -32.14232723362616 2.6667468245269452
      vertex 75.26244996837862 -29.139351497944656 2.6667468245269452
    endloop
  endfacet
  facet normal -0.5735764364737841 -0.8191520442030499 1.0757826539411024e-14
    outer loop
      vertex 75.83265514135589 -29.538613458516835 1.6699999988079073
      vertex 79.55114377821944 -32.14232723362616 2.6667468245269452
      vertex 75.79123589605982 -29.50961139072432 1.7782531742809622
    endloop
  endfacet
  facet normal 0 0 -1
    outer loop
      vertex 14.166546911001205 -46.363272689282894 4.550000000000001
      vertex 28.113272689282894 -47.583453088998795 4.550000000000001
      vertex 18 -48 4.550000000000001
    endloop
  endfacet
  facet normal 0 0 -1
    outer loop
      vertex 19.76776695296637 -48.73223304703363 4.550000000000001
      vertex 18 -48 4.550000000000001
      vertex 28.113272689282894 -47.583453088998795 4.550000000000001
    endloop
  endfacet
  facet normal 0 0 -1
    outer loop
      vertex 20.5 -50.5 4.550000000000001
      vertex 19.76776695296637 -48.73223304703363 4.550000000000001
      vertex 31.77801065146923 -48.85037400573492 4.550000000000001
    endloop
  endfacet
  facet normal 0 0 -1
    outer loop
      vertex 19.76776695296637 -52.26776695296637 4.550000000000001
      vertex 20.5 -50.5 4.550000000000001
      vertex 48.00090063363314 -55.71902925521135 4.550000000000001
    endloop
  endfacet
  facet normal 0 0 -1
    outer loop
      vertex 18.681812148922685 -52.717584160925476 4.550000000000001
      vertex 19.76776695296637 -52.26776695296637 4.550000000000001
      vertex 58.23223304703363 -67.76776695296637 4.550000000000001
    endloop
  endfacet
  facet normal 0 0 -1
    outer loop
      vertex 19.76776695296637 -48.73223304703363 4.550000000000001
      vertex 28.113272689282894 -47.583453088998795 4.550000000000001
      vertex 31.77801065146923 -48.85037400573492 4.550000000000001
    endloop
  endfacet
  facet normal 0 0 -1
    outer loop
      vertex 20.5 -50.5 4.550000000000001
      vertex 31.77801065146923 -48.85037400573492 4.550000000000001
      vertex 44.93370734155178 -53.63865601271391 4.550000000000001
    endloop
  endfacet
  facet normal 0 0 -1
    outer loop
      vertex 19.76776695296637 -52.26776695296637 4.550000000000001
      vertex 48.00090063363314 -55.71902925521135 4.550000000000001
      vertex 57.5 -66 4.550000000000001
    endloop
  endfacet
  facet normal 0 0 -1
    outer loop
      vertex 18.681812148922685 -52.717584160925476 4.550000000000001
      vertex 58.23223304703363 -67.76776695296637 4.550000000000001
      vertex 59.94328195447108 -68.47650661631063 4.550000000000001
    endloop
  endfacet
  facet normal 0 0 -1
    outer loop
      vertex 19.76776695296637 -52.26776695296637 4.550000000000001
      vertex 57.5 -66 4.550000000000001
      vertex 58.23223304703363 -67.76776695296637 4.550000000000001
    endloop
  endfacet
  facet normal 0 0 -1
    outer loop
      vertex 20.5 -50.5 4.550000000000001
      vertex 44.93370734155178 -53.63865601271391 4.550000000000001
      vertex 48.00090063363314 -55.71902925521135 4.550000000000001
    endloop
  endfacet
  facet normal 0 0 -1
    outer loop
      vertex 44.93370734155178 -53.63865601271391 4.550000000000001
      vertex 56.03097074478865 -44.25090063363314 4.550000000000001
      vertex 48.00090063363314 -55.71902925521135 4.550000000000001
    endloop
  endfacet
  facet normal 0 0 -1
    outer loop
      vertex 44.93370734155178 -53.63865601271391 4.550000000000001
      vertex 49.72198934853077 -40.48295932263136 4.550000000000001
      vertex 56.03097074478865 -44.25090063363314 4.550000000000001
    endloop
  endfacet
  facet normal 0 0 -1
    outer loop
      vertex 28.113272689282894 -47.583453088998795 4.550000000000001
      vertex 36.56629265844822 -35.69467731565237 4.550000000000001
      vertex 31.77801065146923 -48.85037400573492 4.550000000000001
    endloop
  endfacet
  facet normal 0 0 -1
    outer loop
      vertex 28.113272689282894 -47.583453088998795 4.550000000000001
      vertex 28.82329804919475 -39.46782609431662 4.550000000000001
      vertex 36.56629265844822 -35.69467731565237 4.550000000000001
    endloop
  endfacet
  facet normal 0 0 -1
    outer loop
      vertex 28.82329804919475 -39.46782609431662 4.550000000000001
      vertex 29.333453088998795 -33.636727310717106 4.550000000000001
      vertex 38.23223304703363 -34.26776695296637 4.550000000000001
    endloop
  endfacet
  facet normal 0 0 -1
    outer loop
      vertex 15.386727310717106 -32.416546911001205 4.550000000000001
      vertex 10 -28.100000001490116 4.550000000000001
      vertex 29.333453088998795 -33.636727310717106 4.550000000000001
    endloop
  endfacet
  facet normal 0 0 -1
    outer loop
      vertex 10 -28.100000001490116 4.550000000000001
      vertex 24 -28.100000001490116 4.550000000000001
      vertex 29.333453088998795 -33.636727310717106 4.550000000000001
    endloop
  endfacet
  facet normal 0 0 -1
    outer loop
      vertex 29.333453088998795 -33.636727310717106 4.550000000000001
      vertex 24 -28.100000001490116 4.550000000000001
      vertex 29 -29.5 4.550000000000001
    endloop
  endfacet
  facet normal 0 0 -1
    outer loop
      vertex 29.333453088998795 -33.636727310717106 4.550000000000001
      vertex 29 -29.5 4.550000000000001
      vertex 37.5 -32.5 4.550000000000001
    endloop
  endfacet
  facet normal 0 0 -1
    outer loop
      vertex 24 -28.100000001490116 4.550000000000001
      vertex 29 -15.5 4.550000000000001
      vertex 29 -29.5 4.550000000000001
    endloop
  endfacet
  facet normal 0 0 -1
    outer loop
      vertex 28.82329804919475 -39.46782609431662 4.550000000000001
      vertex 38.23223304703363 -34.26776695296637 4.550000000000001
      vertex 36.56629265844822 -35.69467731565237 4.550000000000001
    endloop
  endfacet
  facet normal 0 0 -1
    outer loop
      vertex 29.333453088998795 -33.636727310717106 4.550000000000001
      vertex 37.5 -32.5 4.550000000000001
      vertex 38.23223304703363 -34.26776695296637 4.550000000000001
    endloop
  endfacet
  facet normal 0 0 -1
    outer loop
      vertex 36.56629265844822 -35.69467731565237 4.550000000000001
      vertex 38.23223304703363 -34.26776695296637 4.550000000000001
      vertex 40 -35 4.550000000000001
    endloop
  endfacet
  facet normal 0 0 -1
    outer loop
      vertex 36.56629265844822 -35.69467731565237 4.550000000000001
      vertex 40 -35 4.550000000000001
      vertex 49.72198934853077 -40.48295932263136 4.550000000000001
    endloop
  endfacet
  facet normal 0 0 -1
    outer loop
      vertex 40 -35 4.550000000000001
      vertex 41.76776695296637 -34.26776695296637 4.550000000000001
      vertex 49.72198934853077 -40.48295932263136 4.550000000000001
    endloop
  endfacet
  facet normal 0 0 -1
    outer loop
      vertex 41.76776695296637 -34.26776695296637 4.550000000000001
      vertex 42.5 -32.5 4.550000000000001
      vertex 49.72198934853077 -40.48295932263136 4.550000000000001
    endloop
  endfacet
  facet normal 0 0 -1
    outer loop
      vertex 42.5 -32.5 4.550000000000001
      vertex 50 -35 4.550000000000001
      vertex 49.72198934853077 -40.48295932263136 4.550000000000001
    endloop
  endfacet
  facet normal 0 0 -1
    outer loop
      vertex 49.72198934853077 -40.48295932263136 4.550000000000001
      vertex 50 -35 4.550000000000001
      vertex 53.276608177155964 -37.29430574540419 4.550000000000001
    endloop
  endfacet
  facet normal 0 0 -1
    outer loop
      vertex 42.5 -32.5 4.550000000000001
      vertex 53.441458618106275 -30.08508773426605 4.550000000000001
      vertex 50 -35 4.550000000000001
    endloop
  endfacet
  facet normal 0 0 -1
    outer loop
      vertex 29 -29.5 4.550000000000001
      vertex 38.23223304703363 -30.73223304703363 4.550000000000001
      vertex 37.5 -32.5 4.550000000000001
    endloop
  endfacet
  facet normal 0 0 -1
    outer loop
      vertex 29 -29.5 4.550000000000001
      vertex 40 -30 4.550000000000001
      vertex 38.23223304703363 -30.73223304703363 4.550000000000001
    endloop
  endfacet
  facet normal 0 0 -1
    outer loop
      vertex 29 -29.5 4.550000000000001
      vertex 43 -29.5 4.550000000000001
      vertex 40 -30 4.550000000000001
    endloop
  endfacet
  facet normal 0 0 -1
    outer loop
      vertex 40 -30 4.550000000000001
      vertex 43 -29.5 4.550000000000001
      vertex 41.76776695296637 -30.73223304703363 4.550000000000001
    endloop
  endfacet
  facet normal 0 0 -1
    outer loop
      vertex 42.5 -32.5 4.550000000000001
      vertex 41.76776695296637 -30.73223304703363 4.550000000000001
      vertex 60.5 -21.5 4.550000000000001
    endloop
  endfacet
  facet normal 0 0 -1
    outer loop
      vertex 41.76776695296637 -30.73223304703363 4.550000000000001
      vertex 43 -29.5 4.550000000000001
      vertex 60.5 -21.5 4.550000000000001
    endloop
  endfacet
  facet normal 0 0 -1
    outer loop
      vertex 43 -29.5 4.550000000000001
      vertex 43 -15.5 4.550000000000001
      vertex 58 -19 4.550000000000001
    endloop
  endfacet
  facet normal 0 0 -1
    outer loop
      vertex 48.00090063363314 -55.71902925521135 4.550000000000001
      vertex 58.23223304703363 -64.23223304703363 4.550000000000001
      vertex 57.5 -66 4.550000000000001
    endloop
  endfacet
  facet normal 0 0 -1
    outer loop
      vertex 48.00090063363314 -55.71902925521135 4.550000000000001
      vertex 59.442859540160065 -63.730775134612486 4.550000000000001
      vertex 58.23223304703363 -64.23223304703363 4.550000000000001
    endloop
  endfacet
  facet normal 0 0 -1
    outer loop
      vertex 60.00230003956951 -68.49904729241632 4.550000000000001
      vertex 60.58471072329887 -68.25780488834462 4.550000000000001
      vertex 60.32854388654232 -68.623649045825 4.550000000000001
    endloop
  endfacet
  facet normal 0 0 -1
    outer loop
      vertex 59.4977925375123 -63.70802114208739 4.550000000000001
      vertex 67.49909936636686 -52.28097074478865 4.550000000000001
      vertex 60 -63.5 4.550000000000001
    endloop
  endfacet
  facet normal 0 0 -1
    outer loop
      vertex 61.76776695296637 -64.23223304703363 4.550000000000001
      vertex 60 -63.5 4.550000000000001
      vertex 67.49909936636686 -52.28097074478865 4.550000000000001
    endloop
  endfacet
  facet normal 0 0 -1
    outer loop
      vertex 61.76776695296637 -64.23223304703363 4.550000000000001
      vertex 72.373649045825 -51.42145611345768 4.550000000000001
      vertex 62.37572442959064 -65.69997223244607 4.550000000000001
    endloop
  endfacet
  facet normal 0 0 -1
    outer loop
      vertex 63.71812862004589 -49.53007010891464 4.550000000000001
      vertex 56.03097074478865 -44.25090063363314 4.550000000000001
      vertex 52.25 -41.5 4.550000000000001
    endloop
  endfacet
  facet normal 0 0 -1
    outer loop
      vertex 61.76776695296637 -64.23223304703363 4.550000000000001
      vertex 67.49909936636686 -52.28097074478865 4.550000000000001
      vertex 72.3702715113759 -51.419033385813236 4.550000000000001
    endloop
  endfacet
  facet normal 0 0 -1
    outer loop
      vertex 67.49909936636686 -52.28097074478865 4.550000000000001
      vertex 56.03097074478865 -44.25090063363314 4.550000000000001
      vertex 63.71812862004589 -49.53007010891464 4.550000000000001
    endloop
  endfacet
  facet normal 0 0 -1
    outer loop
      vertex 67.49909936636686 -52.28097074478865 4.550000000000001
      vertex 63.71812862004589 -49.53007010891464 4.550000000000001
      vertex 64.86528149274798 -47.89176602033666 4.550000000000001
    endloop
  endfacet
  facet normal 0 0 -1
    outer loop
      vertex 61.76776695296637 -64.23223304703363 4.550000000000001
      vertex 72.3702715113759 -51.419033385813236 4.550000000000001
      vertex 72.373649045825 -51.42145611345768 4.550000000000001
    endloop
  endfacet
  facet normal 0 0 -1
    outer loop
      vertex 67.49909936636686 -52.28097074478865 4.550000000000001
      vertex 71.27660817715596 -51.29430574540419 4.550000000000001
      vertex 72.3702715113759 -51.419033385813236 4.550000000000001
    endloop
  endfacet
  facet normal 0 0 -1
    outer loop
      vertex 67.49909936636686 -52.28097074478865 4.550000000000001
      vertex 68 -49 4.550000000000001
      vertex 71.27660817715596 -51.29430574540419 4.550000000000001
    endloop
  endfacet
  facet normal 0 0 -1
    outer loop
      vertex 71.27660817715596 -51.29430574540419 4.550000000000001
      vertex 74.71806679526225 -46.379393479670235 4.550000000000001
      vertex 72.3702715113759 -51.419033385813236 4.550000000000001
    endloop
  endfacet
  facet normal 0 0 -1
    outer loop
      vertex 72.3702715113759 -51.419033385813236 4.550000000000001
      vertex 74.71806679526225 -46.379393479670235 4.550000000000001
      vertex 79.43223304703363 -37.36776695296637 4.550000000000001
    endloop
  endfacet
  facet normal 0 0 -1
    outer loop
      vertex 49.72198934853077 -40.48295932263136 4.550000000000001
      vertex 52.25 -41.5 4.550000000000001
      vertex 56.03097074478865 -44.25090063363314 4.550000000000001
    endloop
  endfacet
  facet normal 0 0 -1
    outer loop
      vertex 49.72198934853077 -40.48295932263136 4.550000000000001
      vertex 53.276608177155964 -37.29430574540419 4.550000000000001
      vertex 52.25 -41.5 4.550000000000001
    endloop
  endfacet
  facet normal 0 0 -1
    outer loop
      vertex 52.25 -41.5 4.550000000000001
      vertex 53.276608177155964 -37.29430574540419 4.550000000000001
      vertex 53.397152872702094 -39.86169591142202 4.550000000000001
    endloop
  endfacet
  facet normal 0 0 -1
    outer loop
      vertex 64.86528149274798 -47.89176602033666 4.550000000000001
      vertex 53.397152872702094 -39.86169591142202 4.550000000000001
      vertex 53.276608177155964 -37.29430574540419 4.550000000000001
    endloop
  endfacet
  facet normal 0 0 -1
    outer loop
      vertex 64.86528149274798 -47.89176602033666 4.550000000000001
      vertex 53.276608177155964 -37.29430574540419 4.550000000000001
      vertex 56.718066795262246 -32.379393479670235 4.550000000000001
    endloop
  endfacet
  facet normal 0 0 -1
    outer loop
      vertex 67.49909936636686 -52.28097074478865 4.550000000000001
      vertex 64.86528149274798 -47.89176602033666 4.550000000000001
      vertex 62.26776695296637 -20.76776695296637 4.550000000000001
    endloop
  endfacet
  facet normal 0 0 -1
    outer loop
      vertex 67.49909936636686 -52.28097074478865 4.550000000000001
      vertex 62.26776695296637 -20.76776695296637 4.550000000000001
      vertex 68 -49 4.550000000000001
    endloop
  endfacet
  facet normal 0 0 -1
    outer loop
      vertex 64.86528149274798 -47.89176602033666 4.550000000000001
      vertex 56.718066795262246 -32.379393479670235 4.550000000000001
      vertex 60.5 -21.5 4.550000000000001
    endloop
  endfacet
  facet normal 0 0 -1
    outer loop
      vertex 68 -49 4.550000000000001
      vertex 62.26776695296637 -20.76776695296637 4.550000000000001
      vertex 71.44145861810628 -44.08508773426605 4.550000000000001
    endloop
  endfacet
  facet normal -0.5735764364737813 -0.8191520442030515 0
    outer loop
      vertex 64.58067852732276 -21.659894611098967 2.7750000000000004
      vertex 64.58067852732276 -21.659894611098967 4.275
      vertex 62.501322544332105 -20.203913876723142 4.550000000000001
    endloop
  endfacet
  facet normal 0 0 -1
    outer loop
      vertex 42.5 -32.5 4.550000000000001
      vertex 60.5 -21.5 4.550000000000001
      vertex 53.441458618106275 -30.08508773426605 4.550000000000001
    endloop
  endfacet
  facet normal 0 0 -1
    outer loop
      vertex 56.718066795262246 -32.379393479670235 4.550000000000001
      vertex 53.441458618106275 -30.08508773426605 4.550000000000001
      vertex 60.5 -21.5 4.550000000000001
    endloop
  endfacet
  facet normal 0 0 -1
    outer loop
      vertex 43 -29.5 4.550000000000001
      vertex 58 -19 4.550000000000001
      vertex 58.73223304703363 -20.76776695296637 4.550000000000001
    endloop
  endfacet
  facet normal 0 0 -1
    outer loop
      vertex 43 -29.5 4.550000000000001
      vertex 58.73223304703363 -20.76776695296637 4.550000000000001
      vertex 60.5 -21.5 4.550000000000001
    endloop
  endfacet
  facet normal 0 0 -1
    outer loop
      vertex 64.86528149274798 -47.89176602033666 4.550000000000001
      vertex 60.5 -21.5 4.550000000000001
      vertex 62.26776695296637 -20.76776695296637 4.550000000000001
    endloop
  endfacet
  facet normal -0.5735764364737789 -0.8191520442030533 2.7377231682072892e-14
    outer loop
      vertex 62.501322544332105 -20.203913876723142 4.550000000000001
      vertex 64.58067852732276 -21.659894611098967 4.275
      vertex 64.63187553008545 -21.695743138378575 4.383253175473055
    endloop
  endfacet
  facet normal 0 0 -1
    outer loop
      vertex 62.26776695296637 -20.76776695296637 4.550000000000001
      vertex 62.501322544332105 -20.203913876723142 4.550000000000001
      vertex 79.43223304703363 -33.83223304703363 4.550000000000001
    endloop
  endfacet
  facet normal -0.5735764364737854 -0.8191520442030488 0
    outer loop
      vertex 79.59256302351552 -32.17132930141867 2.7750000000000004
      vertex 81.02334434464076 -33.17317316831971 4.550000000000001
      vertex 79.59256302351552 -32.17132930141867 4.275
    endloop
  endfacet
  facet normal 0 0 -1
    outer loop
      vertex 74.71806679526225 -46.379393479670235 4.550000000000001
      vertex 71.44145861810628 -44.08508773426605 4.550000000000001
      vertex 79.43223304703363 -37.36776695296637 4.550000000000001
    endloop
  endfacet
  facet normal 0 0 -1
    outer loop
      vertex 62.26776695296637 -20.76776695296637 4.550000000000001
      vertex 79.43223304703363 -37.36776695296637 4.550000000000001
      vertex 71.44145861810628 -44.08508773426605 4.550000000000001
    endloop
  endfacet
  facet normal 0 0 -1
    outer loop
      vertex 72.3702715113759 -51.419033385813236 4.550000000000001
      vertex 79.43223304703363 -37.36776695296637 4.550000000000001
      vertex 81.2 -38.1 4.550000000000001
    endloop
  endfacet
  facet normal 0 0 -1
    outer loop
      vertex 72.3702715113759 -51.419033385813236 4.550000000000001
      vertex 81.2 -38.1 4.550000000000001
      vertex 81.89913223082922 -37.810409948098375 4.550000000000001
    endloop
  endfacet
  facet normal -0.5735764364737743 -0.8191520442030565 -8.597274641688292e-14
    outer loop
      vertex 79.59256302351552 -32.17132930141867 4.275
      vertex 81.02334434464076 -33.17317316831971 4.550000000000001
      vertex 79.55114377821944 -32.14232723362616 4.383253175473055
    endloop
  endfacet
  facet normal 0 0 -1
    outer loop
      vertex 83.6059183370961 -35.372866773446766 4.550000000000001
      vertex 83.37759018562953 -34.82163385350459 4.550000000000001
      vertex 83.78979542851448 -35.11026307195425 4.550000000000001
    endloop
  endfacet
  facet normal 0 0 -1
    outer loop
      vertex 62.26776695296637 -20.76776695296637 4.550000000000001
      vertex 78.7 -35.6 4.550000000000001
      vertex 79.43223304703363 -37.36776695296637 4.550000000000001
    endloop
  endfacet
  facet normal 0 0 -1
    outer loop
      vertex 62.26776695296637 -20.76776695296637 4.550000000000001
      vertex 79.43223304703363 -33.83223304703363 4.550000000000001
      vertex 78.7 -35.6 4.550000000000001
    endloop
  endfacet
  facet normal 0 0 -1
    outer loop
      vertex 62.501322544332105 -20.203913876723142 4.550000000000001
      vertex 81.02334434464076 -33.17317316831971 4.550000000000001
      vertex 79.43223304703363 -33.83223304703363 4.550000000000001
    endloop
  endfacet
  facet normal -0.5735764364737822 -0.819152044203051 1.8717145458186223e-14
    outer loop
      vertex 64.63187553008545 -21.695743138378575 4.383253175473055
      vertex 79.55114377821944 -32.14232723362616 4.383253175473055
      vertex 81.02334434464076 -33.17317316831971 4.550000000000001
    endloop
  endfacet
  facet normal -0.5735764364737819 -0.8191520442030512 -3.015287606727357e-14
    outer loop
      vertex 62.501322544332105 -20.203913876723142 4.550000000000001
      vertex 64.63187553008545 -21.695743138378575 4.383253175473055
      vertex 81.02334434464076 -33.17317316831971 4.550000000000001
    endloop
  endfacet
  facet normal 0.008264180587409272 -0.9999658510765348 0
    outer loop
      vertex 24.182321349956617 29.803159680578155 4.550000000000001
      vertex 24.182321349956617 29.803159680578155 0.25
      vertex 40.59597449413248 29.938809706563077 0.25
    endloop
  endfacet
  facet normal 0 -1 0
    outer loop
      vertex 49.9775 30 0.6217468245269457
      vertex 48 30 0.25
      vertex 50.247589877669775 30 0.25
    endloop
  endfacet
  facet normal 0 -1 0
    outer loop
      vertex 49.9775 30 0.6217468245269457
      vertex 49.915 30 0.7300000000000004
      vertex 48 30 0.25
    endloop
  endfacet
  facet normal 0 -1 0
    outer loop
      vertex 49.915 30 0.7300000000000004
      vertex 49.915 30 1.67
      vertex 48 30 0.25
    endloop
  endfacet
  facet normal 0.008264180587409214 -0.9999658510765348 0
    outer loop
      vertex 48 30 2.6667468245269452
      vertex 44.39103405841677 29.970173835193528 0.25
      vertex 48 30 0.25
    endloop
  endfacet
  facet normal 0 -1 0
    outer loop
      vertex 49.915 30 1.67
      vertex 48 30 2.6667468245269452
      vertex 48 30 0.25
    endloop
  endfacet
  facet normal 0.008264180587435664 -0.9999658510765347 -1.0316677599644638e-14
    outer loop
      vertex 45.3875 29.978409090909093 2.6667468245269452
      vertex 45.325 29.97789256198347 2.7750000000000004
      vertex 44.39103405841677 29.970173835193528 0.25
    endloop
  endfacet
  facet normal 0.008264180587408671 -0.9999658510765349 8.143407515095379e-16
    outer loop
      vertex 45.3875 29.978409090909093 2.6667468245269452
      vertex 44.39103405841677 29.970173835193528 0.25
      vertex 48 30 2.6667468245269452
    endloop
  endfacet
  facet normal 0 -1 0
    outer loop
      vertex 49.915 30 1.67
      vertex 49.9775 30 1.7782531754730548
      vertex 48 30 2.6667468245269452
    endloop
  endfacet
  facet normal 0.008264180587407775 -0.9999658510765348 0
    outer loop
      vertex 45.325 29.97789256198347 2.7750000000000004
      vertex 44.39103405841677 29.970173835193528 4.550000000000001
      vertex 44.39103405841677 29.970173835193528 0.25
    endloop
  endfacet
  facet normal 0 -1 0
    outer loop
      vertex 49.9775 30 1.7782531754730548
      vertex 50.62302842190032 30 2.6667468245269452
      vertex 48 30 2.6667468245269452
    endloop
  endfacet
  facet normal 0.008264180587409272 -0.9999658510765348 0
    outer loop
      vertex 24.182321349956617 29.803159680578155 4.550000000000001
      vertex 40.59597449413248 29.938809706563077 0.25
      vertex 40.59597449413248 29.938809706563077 4.550000000000001
    endloop
  endfacet
  facet normal -0.8191520440208327 0.573576436734017 0
    outer loop
      vertex 67.13438192680947 -11.237230402191141 4.550000000000001
      vertex 67.13438192680947 -11.237230402191141 0.25
      vertex 62.51637547298399 -17.832427107781662 0.25
    endloop
  endfacet
  facet normal -1 0 0
    outer loop
      vertex 68 -2 1.75
      vertex 68 26.621320343559642 0.25
      vertex 68 -7.121320343559643 0.25
    endloop
  endfacet
  facet normal -1 0 0
    outer loop
      vertex 68 -7 1.75
      vertex 68 -2 1.75
      vertex 68 -7.121320343559643 0.25
    endloop
  endfacet
  facet normal -1 0 0
    outer loop
      vertex 68 -7 1.75
      vertex 68 -7.121320343559643 0.25
      vertex 68 -7.121320343559643 4.550000000000001
    endloop
  endfacet
  facet normal -0.8191520440208327 0.573576436734017 0
    outer loop
      vertex 62.51637547298399 -17.832427107781662 4.550000000000001
      vertex 67.13438192680947 -11.237230402191141 4.550000000000001
      vertex 62.51637547298399 -17.832427107781662 0.25
    endloop
  endfacet
  facet normal 0 -1 0
    outer loop
      vertex 59.0105635630425 30 0.6217468257190384
      vertex 58.74047368420991 30 0.25
      vertex 64.62132034355965 30 0.25
    endloop
  endfacet
  facet normal 0 -1 0
    outer loop
      vertex 59.0105635630425 30 0.6217468257190384
      vertex 64.62132034355965 30 0.25
      vertex 59.061127125190936 30 0.7300000011920931
    endloop
  endfacet
  facet normal 0 -1 0
    outer loop
      vertex 59.061127125190936 30 0.7300000011920931
      vertex 64.62132034355965 30 0.25
      vertex 59.061127125190936 30 1.6699999988079073
    endloop
  endfacet
  facet normal 0 -1 0
    outer loop
      vertex 59.061127125190936 30 1.6699999988079073
      vertex 64.62132034355965 30 0.25
      vertex 59.0105635630425 30 1.7782531742809622
    endloop
  endfacet
  facet normal 0 -1 0
    outer loop
      vertex 59.0105635630425 30 1.7782531742809622
      vertex 64.62132034355965 30 0.25
      vertex 58.36503513956692 30 2.6667468245269452
    endloop
  endfacet
  facet normal -1 0 0
    outer loop
      vertex 68 -2 1.75
      vertex 68 -2 4.550000000000001
      vertex 68 26.621320343559642 0.25
    endloop
  endfacet
  facet normal -1 0 0
    outer loop
      vertex 68 -2 4.550000000000001
      vertex 68 26.621320343559642 4.550000000000001
      vertex 68 26.621320343559642 0.25
    endloop
  endfacet
  facet normal 0 -1 0
    outer loop
      vertex 58.36503513956692 30 2.6667468245269452
      vertex 64.62132034355965 30 0.25
      vertex 63.60056356214844 30 2.6667468245269452
    endloop
  endfacet
  facet normal 0 -1 0
    outer loop
      vertex 63.60056356214844 30 2.6667468245269452
      vertex 64.62132034355965 30 0.25
      vertex 63.65112712429687 30 2.7750000000000004
    endloop
  endfacet
  facet normal 0 -1 0
    outer loop
      vertex 63.65112712429687 30 2.7750000000000004
      vertex 64.62132034355965 30 0.25
      vertex 64.62132034355965 30 4.550000000000001
    endloop
  endfacet
  facet normal 0 0 -1
    outer loop
      vertex 10 -9.100000001490116 4.550000000000001
      vertex 24 -9.100000001490116 4.550000000000001
      vertex 24 -14.100000001490116 4.550000000000001
    endloop
  endfacet
  facet normal 0 0 -1
    outer loop
      vertex 24 -28.100000001490116 4.550000000000001
      vertex 29 -10.5 4.550000000000001
      vertex 29 -15.5 4.550000000000001
    endloop
  endfacet
  facet normal 0 0 -1
    outer loop
      vertex 24 -28.100000001490116 4.550000000000001
      vertex 24 -14.100000001490116 4.550000000000001
      vertex 29 -10.5 4.550000000000001
    endloop
  endfacet
  facet normal 0 0 -1
    outer loop
      vertex 29 -15.5 4.550000000000001
      vertex 29 -10.5 4.550000000000001
      vertex 43 -15.5 4.550000000000001
    endloop
  endfacet
  facet normal 0 0 -1
    outer loop
      vertex 24 -14.100000001490116 4.550000000000001
      vertex 24 -9.100000001490116 4.550000000000001
      vertex 29 -10.5 4.550000000000001
    endloop
  endfacet
  facet normal 0 0 -1
    outer loop
      vertex 24 -9.100000001490116 4.550000000000001
      vertex 29 3.5 4.550000000000001
      vertex 29 -10.5 4.550000000000001
    endloop
  endfacet
  facet normal 0 0 -1
    outer loop
      vertex 24 -9.100000001490116 4.550000000000001
      vertex 24 4.899999998509884 4.550000000000001
      vertex 29 3.5 4.550000000000001
    endloop
  endfacet
  facet normal 0 0 -1
    outer loop
      vertex 24 4.899999998509884 4.550000000000001
      vertex 29 8.5 4.550000000000001
      vertex 29 3.5 4.550000000000001
    endloop
  endfacet
  facet normal 0 0 -1
    outer loop
      vertex 29 3.5 4.550000000000001
      vertex 29 8.5 4.550000000000001
      vertex 43 3.5 4.550000000000001
    endloop
  endfacet
  facet normal 0 0 -1
    outer loop
      vertex 29 -10.5 4.550000000000001
      vertex 43 -10.5 4.550000000000001
      vertex 43 -15.5 4.550000000000001
    endloop
  endfacet
  facet normal 0 0 -1
    outer loop
      vertex 43 -15.5 4.550000000000001
      vertex 43 -10.5 4.550000000000001
      vertex 58 -19 4.550000000000001
    endloop
  endfacet
  facet normal 0 0 -1
    outer loop
      vertex 43 -10.5 4.550000000000001
      vertex 43.25 -7 4.550000000000001
      vertex 45.25 -7 4.550000000000001
    endloop
  endfacet
  facet normal 0 0 -1
    outer loop
      vertex 43 -10.5 4.550000000000001
      vertex 45.25 -7 4.550000000000001
      vertex 52.25 -11.25 4.550000000000001
    endloop
  endfacet
  facet normal 0 0 -1
    outer loop
      vertex 45.25 -7 4.550000000000001
      vertex 45.25 -2 4.550000000000001
      vertex 52.25 -11.25 4.550000000000001
    endloop
  endfacet
  facet normal 0 0 -1
    outer loop
      vertex 43 -10.5 4.550000000000001
      vertex 43.25 -2 4.550000000000001
      vertex 43.25 -7 4.550000000000001
    endloop
  endfacet
  facet normal 0 0 -1
    outer loop
      vertex 43 -10.5 4.550000000000001
      vertex 43 3.5 4.550000000000001
      vertex 43.25 -2 4.550000000000001
    endloop
  endfacet
  facet normal 0 0 -1
    outer loop
      vertex 43.25 -2 4.550000000000001
      vertex 43 3.5 4.550000000000001
      vertex 45.25 -2 4.550000000000001
    endloop
  endfacet
  facet normal 0 0 -1
    outer loop
      vertex 45.25 -2 4.550000000000001
      vertex 43 3.5 4.550000000000001
      vertex 52.25 -11.25 4.550000000000001
    endloop
  endfacet
  facet normal 0 0 -1
    outer loop
      vertex 43 3.5 4.550000000000001
      vertex 52.25 -7.25 4.550000000000001
      vertex 52.25 -11.25 4.550000000000001
    endloop
  endfacet
  facet normal 0 0 -1
    outer loop
      vertex 43 3.5 4.550000000000001
      vertex 43 8.5 4.550000000000001
      vertex 52.25 -7.25 4.550000000000001
    endloop
  endfacet
  facet normal 0 0 -1
    outer loop
      vertex 10 9.899999998509884 4.550000000000001
      vertex 24 9.899999998509884 4.550000000000001
      vertex 24 4.899999998509884 4.550000000000001
    endloop
  endfacet
  facet normal 0 0 -1
    outer loop
      vertex 24 4.899999998509884 4.550000000000001
      vertex 24 9.899999998509884 4.550000000000001
      vertex 29 22.5 4.550000000000001
    endloop
  endfacet
  facet normal 0 0 -1
    outer loop
      vertex 24 4.899999998509884 4.550000000000001
      vertex 29 22.5 4.550000000000001
      vertex 29 8.5 4.550000000000001
    endloop
  endfacet
  facet normal 0 0 -1
    outer loop
      vertex 24 9.899999998509884 4.550000000000001
      vertex 24 23.899999998509884 4.550000000000001
      vertex 29 22.5 4.550000000000001
    endloop
  endfacet
  facet normal 0 0 -1
    outer loop
      vertex 5 26 4.550000000000001
      vertex 43 22.5 4.550000000000001
      vertex 24 23.899999998509884 4.550000000000001
    endloop
  endfacet
  facet normal 0 0 -1
    outer loop
      vertex 5 26 4.550000000000001
      vertex 22.5 25.5 4.550000000000001
      vertex 43 22.5 4.550000000000001
    endloop
  endfacet
  facet normal 0 0 -1
    outer loop
      vertex 22.5 25.5 4.550000000000001
      vertex 24.26776695296637 26.23223304703363 4.550000000000001
      vertex 43 22.5 4.550000000000001
    endloop
  endfacet
  facet normal 0 0 -1
    outer loop
      vertex 24 23.899999998509884 4.550000000000001
      vertex 43 22.5 4.550000000000001
      vertex 29 22.5 4.550000000000001
    endloop
  endfacet
  facet normal 0 0 -1
    outer loop
      vertex 24.26776695296637 26.23223304703363 4.550000000000001
      vertex 25 28 4.550000000000001
      vertex 40.73223304703363 26.73223304703363 4.550000000000001
    endloop
  endfacet
  facet normal 0 0 -1
    outer loop
      vertex 25 28 4.550000000000001
      vertex 24.26776695296637 29.76776695296637 4.550000000000001
      vertex 40 28.5 4.550000000000001
    endloop
  endfacet
  facet normal 0 0 -1
    outer loop
      vertex 24.182321349956617 29.803159680578155 4.550000000000001
      vertex 40.59597449413248 29.938809706563077 4.550000000000001
      vertex 24.26776695296637 29.76776695296637 4.550000000000001
    endloop
  endfacet
  facet normal 0 0 -1
    outer loop
      vertex 43 3.5 4.550000000000001
      vertex 29 8.5 4.550000000000001
      vertex 43 8.5 4.550000000000001
    endloop
  endfacet
  facet normal 0 0 -1
    outer loop
      vertex 43 8.5 4.550000000000001
      vertex 48 30 4.550000000000001
      vertex 52.25 -7.25 4.550000000000001
    endloop
  endfacet
  facet normal 0.008264180587407775 -0.9999658510765348 0
    outer loop
      vertex 45.325 29.97789256198347 2.7750000000000004
      vertex 45.325 29.97789256198347 4.275
      vertex 44.39103405841677 29.970173835193528 4.550000000000001
    endloop
  endfacet
  facet normal 0 0 -1
    outer loop
      vertex 24.26776695296637 26.23223304703363 4.550000000000001
      vertex 40.73223304703363 26.73223304703363 4.550000000000001
      vertex 43 22.5 4.550000000000001
    endloop
  endfacet
  facet normal 0 0 -1
    outer loop
      vertex 40.73223304703363 26.73223304703363 4.550000000000001
      vertex 42.5 26 4.550000000000001
      vertex 43 22.5 4.550000000000001
    endloop
  endfacet
  facet normal 0 0 -1
    outer loop
      vertex 25 28 4.550000000000001
      vertex 40 28.5 4.550000000000001
      vertex 40.73223304703363 26.73223304703363 4.550000000000001
    endloop
  endfacet
  facet normal 0 0 -1
    outer loop
      vertex 24.26776695296637 29.76776695296637 4.550000000000001
      vertex 40.59597449413248 29.938809706563077 4.550000000000001
      vertex 40 28.5 4.550000000000001
    endloop
  endfacet
  facet normal 0 0 -1
    outer loop
      vertex 43 8.5 4.550000000000001
      vertex 43 22.5 4.550000000000001
      vertex 48 30 4.550000000000001
    endloop
  endfacet
  facet normal 0 0 -1
    outer loop
      vertex 42.5 26 4.550000000000001
      vertex 44.26776695296637 26.73223304703363 4.550000000000001
      vertex 43 22.5 4.550000000000001
    endloop
  endfacet
  facet normal 0 0 -1
    outer loop
      vertex 43 22.5 4.550000000000001
      vertex 44.26776695296637 26.73223304703363 4.550000000000001
      vertex 45 28.5 4.550000000000001
    endloop
  endfacet
  facet normal 0 0 -1
    outer loop
      vertex 43 22.5 4.550000000000001
      vertex 45 28.5 4.550000000000001
      vertex 48 30 4.550000000000001
    endloop
  endfacet
  facet normal 0.008264180587414424 -0.9999658510765348 2.2581527076398985e-14
    outer loop
      vertex 45.325 29.97789256198347 4.275
      vertex 45.3875 29.978409090909093 4.383253175473055
      vertex 44.39103405841677 29.970173835193528 4.550000000000001
    endloop
  endfacet
  facet normal 0.008264180587409216 -0.9999658510765348 -8.543843182405884e-15
    outer loop
      vertex 45.3875 29.978409090909093 4.383253175473055
      vertex 48 30 4.550000000000001
      vertex 44.39103405841677 29.970173835193528 4.550000000000001
    endloop
  endfacet
  facet normal 0 0 -1
    outer loop
      vertex 45 28.5 4.550000000000001
      vertex 44.39103405841677 29.970173835193528 4.550000000000001
      vertex 48 30 4.550000000000001
    endloop
  endfacet
  facet normal 0.008264180587408671 -0.9999658510765349 0
    outer loop
      vertex 45.3875 29.978409090909093 4.383253175473055
      vertex 48 30 4.383253175473055
      vertex 48 30 4.550000000000001
    endloop
  endfacet
  facet normal -1 0 0
    outer loop
      vertex 68 -7 1.75
      vertex 68 -7.121320343559643 4.550000000000001
      vertex 68 -7 4.550000000000001
    endloop
  endfacet
  facet normal 0 0 -1
    outer loop
      vertex 43 -10.5 4.550000000000001
      vertex 58.73223304703363 -17.23223304703363 4.550000000000001
      vertex 58 -19 4.550000000000001
    endloop
  endfacet
  facet normal 0 0 -1
    outer loop
      vertex 43 -10.5 4.550000000000001
      vertex 52.25 -11.25 4.550000000000001
      vertex 58.73223304703363 -17.23223304703363 4.550000000000001
    endloop
  endfacet
  facet normal 0 0 -1
    outer loop
      vertex 58.73223304703363 -17.23223304703363 4.550000000000001
      vertex 52.25 -11.25 4.550000000000001
      vertex 58.25 -11.25 4.550000000000001
    endloop
  endfacet
  facet normal 0 0 -1
    outer loop
      vertex 58.73223304703363 -17.23223304703363 4.550000000000001
      vertex 58.25 -11.25 4.550000000000001
      vertex 60.5 -16.5 4.550000000000001
    endloop
  endfacet
  facet normal 0 0 -1
    outer loop
      vertex 58.25 -11.25 4.550000000000001
      vertex 58.25 -7.25 4.550000000000001
      vertex 60.5 -16.5 4.550000000000001
    endloop
  endfacet
  facet normal 0 0 -1
    outer loop
      vertex 60.5 -16.5 4.550000000000001
      vertex 64.73223304703363 -10.767766952966369 4.550000000000001
      vertex 62.26776695296637 -17.23223304703363 4.550000000000001
    endloop
  endfacet
  facet normal 0 0 -1
    outer loop
      vertex 62.51637547298399 -17.832427107781662 4.550000000000001
      vertex 62.26776695296637 -17.23223304703363 4.550000000000001
      vertex 67.13438192680947 -11.237230402191141 4.550000000000001
    endloop
  endfacet
  facet normal 0 0 -1
    outer loop
      vertex 62.26776695296637 -17.23223304703363 4.550000000000001
      vertex 64.73223304703363 -10.767766952966369 4.550000000000001
      vertex 66.5 -11.5 4.550000000000001
    endloop
  endfacet
  facet normal 0 0 -1
    outer loop
      vertex 62.26776695296637 -17.23223304703363 4.550000000000001
      vertex 66.5 -11.5 4.550000000000001
      vertex 67.13438192680947 -11.237230402191141 4.550000000000001
    endloop
  endfacet
  facet normal 0 0 -1
    outer loop
      vertex 58.25 -7.25 4.550000000000001
      vertex 64 -9 4.550000000000001
      vertex 60.5 -16.5 4.550000000000001
    endloop
  endfacet
  facet normal 0 0 -1
    outer loop
      vertex 60.5 -16.5 4.550000000000001
      vertex 64 -9 4.550000000000001
      vertex 64.73223304703363 -10.767766952966369 4.550000000000001
    endloop
  endfacet
  facet normal 0 0 -1
    outer loop
      vertex 64 -9 4.550000000000001
      vertex 63.8 -7 4.550000000000001
      vertex 64.73223304703363 -7.232233047033631 4.550000000000001
    endloop
  endfacet
  facet normal 0 0 -1
    outer loop
      vertex 63.8 -7 4.550000000000001
      vertex 65.29289321881345 -7 4.550000000000001
      vertex 64.73223304703363 -7.232233047033631 4.550000000000001
    endloop
  endfacet
  facet normal 0 0 -1
    outer loop
      vertex 67.70710678118655 -7 4.550000000000001
      vertex 68 -7 4.550000000000001
      vertex 68 -7.121320343559643 4.550000000000001
    endloop
  endfacet
  facet normal 0 0 -1
    outer loop
      vertex 48 30 4.550000000000001
      vertex 58.25 -7.25 4.550000000000001
      vertex 52.25 -7.25 4.550000000000001
    endloop
  endfacet
  facet normal 0 0 -1
    outer loop
      vertex 48 30 4.550000000000001
      vertex 64 -9 4.550000000000001
      vertex 58.25 -7.25 4.550000000000001
    endloop
  endfacet
  facet normal 0 0 -1
    outer loop
      vertex 48 30 4.550000000000001
      vertex 63.8 -7 4.550000000000001
      vertex 64 -9 4.550000000000001
    endloop
  endfacet
  facet normal 0 0 -1
    outer loop
      vertex 48 30 4.550000000000001
      vertex 63.8 -2 4.550000000000001
      vertex 63.8 -7 4.550000000000001
    endloop
  endfacet
  facet normal 0 0 -1
    outer loop
      vertex 48 30 4.550000000000001
      vertex 64 28.5 4.550000000000001
      vertex 63.8 -2 4.550000000000001
    endloop
  endfacet
  facet normal 0 0 -1
    outer loop
      vertex 63.8 -2 4.550000000000001
      vertex 68 26.621320343559642 4.550000000000001
      vertex 68 -2 4.550000000000001
    endloop
  endfacet
  facet normal 0 0 -1
    outer loop
      vertex 63.8 -2 4.550000000000001
      vertex 64.73223304703363 26.73223304703363 4.550000000000001
      vertex 66.5 26 4.550000000000001
    endloop
  endfacet
  facet normal 0 0 -1
    outer loop
      vertex 63.8 -2 4.550000000000001
      vertex 66.5 26 4.550000000000001
      vertex 68 26.621320343559642 4.550000000000001
    endloop
  endfacet
  facet normal 0 0 -1
    outer loop
      vertex 63.8 -2 4.550000000000001
      vertex 64 28.5 4.550000000000001
      vertex 64.73223304703363 26.73223304703363 4.550000000000001
    endloop
  endfacet
  facet normal 0 -1 0
    outer loop
      vertex 63.65112712429687 30 2.7750000000000004
      vertex 64.62132034355965 30 4.550000000000001
      vertex 63.65112712429687 30 4.275
    endloop
  endfacet
  facet normal 0 -1 0
    outer loop
      vertex 48 30 4.383253175473055
      vertex 63.60056356214844 30 4.383253175473055
      vertex 48 30 4.550000000000001
    endloop
  endfacet
  facet normal 0 -1 0
    outer loop
      vertex 48 30 4.550000000000001
      vertex 63.60056356214844 30 4.383253175473055
      vertex 64.62132034355965 30 4.550000000000001
    endloop
  endfacet
  facet normal 0 0 -1
    outer loop
      vertex 48 30 4.550000000000001
      vertex 64.62132034355965 30 4.550000000000001
      vertex 64 28.5 4.550000000000001
    endloop
  endfacet
  facet normal 0 -1 0
    outer loop
      vertex 63.65112712429687 30 4.275
      vertex 64.62132034355965 30 4.550000000000001
      vertex 63.60056356214844 30 4.383253175473055
    endloop
  endfacet
  facet normal -0.3826834323650882 -0.9238795325112875 0
    outer loop
      vertex -50.5 -36.378679656440355 4.550000000000001
      vertex -50.5 -36.378679656440355 0.25
      vertex -50.20710678118654 -36.5 0.25
    endloop
  endfacet
  facet normal -0.3826834323650913 0.9238795325112861 0
    outer loop
      vertex -49 -32 4.550000000000001
      vertex -49 -32 0.25
      vertex -50.5 -32.621320343559645 0.25
    endloop
  endfacet
  facet normal 0.38268343236508884 -0.9238795325112871 0
    outer loop
      vertex -47.792893218813454 -36.5 4.550000000000001
      vertex -47.792893218813454 -36.5 0.25
      vertex -47.23223304703363 -36.26776695296637 0.25
    endloop
  endfacet
  facet normal 0.9238795325112868 -0.3826834323650898 0
    outer loop
      vertex -47.23223304703363 -36.26776695296637 4.550000000000001
      vertex -47.23223304703363 -36.26776695296637 0.25
      vertex -46.5 -34.5 0.25
    endloop
  endfacet
  facet normal 0.9238795325112868 0.3826834323650898 0
    outer loop
      vertex -46.5 -34.5 4.550000000000001
      vertex -46.5 -34.5 0.25
      vertex -47.23223304703363 -32.73223304703363 0.25
    endloop
  endfacet
  facet normal 0.3826834323650898 0.9238795325112868 0
    outer loop
      vertex -47.23223304703363 -32.73223304703363 4.550000000000001
      vertex -47.23223304703363 -32.73223304703363 0.25
      vertex -49 -32 0.25
    endloop
  endfacet
  facet normal -0.3826834323650882 -0.9238795325112875 0
    outer loop
      vertex -50.20710678118654 -36.5 4.550000000000001
      vertex -50.5 -36.378679656440355 4.550000000000001
      vertex -50.20710678118654 -36.5 0.25
    endloop
  endfacet
  facet normal -0.3826834323650913 0.9238795325112861 0
    outer loop
      vertex -50.5 -32.621320343559645 4.550000000000001
      vertex -49 -32 4.550000000000001
      vertex -50.5 -32.621320343559645 0.25
    endloop
  endfacet
  facet normal 0.3826834323650898 0.9238795325112868 0
    outer loop
      vertex -47.23223304703363 -32.73223304703363 4.550000000000001
      vertex -49 -32 0.25
      vertex -49 -32 4.550000000000001
    endloop
  endfacet
  facet normal 0.38268343236508884 -0.9238795325112871 0
    outer loop
      vertex -47.792893218813454 -36.5 4.550000000000001
      vertex -47.23223304703363 -36.26776695296637 0.25
      vertex -47.23223304703363 -36.26776695296637 4.550000000000001
    endloop
  endfacet
  facet normal 0.9238795325112868 -0.3826834323650898 0
    outer loop
      vertex -47.23223304703363 -36.26776695296637 4.550000000000001
      vertex -46.5 -34.5 0.25
      vertex -46.5 -34.5 4.550000000000001
    endloop
  endfacet
  facet normal 0.9238795325112868 0.3826834323650898 0
    outer loop
      vertex -46.5 -34.5 4.550000000000001
      vertex -47.23223304703363 -32.73223304703363 0.25
      vertex -47.23223304703363 -32.73223304703363 4.550000000000001
    endloop
  endfacet
  facet normal -0.9238795325112875 -0.38268343236508795 0
    outer loop
      vertex -51.5 -34.5 6.253209665578012
      vertex -51.27764959178656 -35.036801371108076 6.5
      vertex -51.5 -34.5 6.5
    endloop
  endfacet
  facet normal -0.9238795325112875 0.38268343236508795 0
    outer loop
      vertex -51.5 -34.5 6.253209665578012
      vertex -51.5 -34.5 6.5
      vertex -51.27764959178656 -33.963198628891924 6.5
    endloop
  endfacet
  facet normal 0 0 1
    outer loop
      vertex -51.27764959178656 -35.036801371108076 6.5
      vertex -51.27764959178656 -33.963198628891924 6.5
      vertex -51.5 -34.5 6.5
    endloop
  endfacet
  facet normal -0.38268343236508945 -0.923879532511287 0
    outer loop
      vertex -50.5 18.621320343559642 4.550000000000001
      vertex -50.5 18.621320343559642 0.25
      vertex -49 18 0.25
    endloop
  endfacet
  facet normal 0.3826834323650898 -0.9238795325112868 0
    outer loop
      vertex -49 18 4.550000000000001
      vertex -49 18 0.25
      vertex -47.23223304703363 18.73223304703363 0.25
    endloop
  endfacet
  facet normal -0.3826834323650895 0.9238795325112868 0
    outer loop
      vertex -49.72389166444496 22.700154254898063 4.550000000000001
      vertex -49.72389166444496 22.700154254898063 0.25
      vertex -50.5 22.378679656440358 0.25
    endloop
  endfacet
  facet normal 0.9238795325112868 -0.3826834323650898 0
    outer loop
      vertex -47.23223304703363 18.73223304703363 4.550000000000001
      vertex -47.23223304703363 18.73223304703363 0.25
      vertex -46.5 20.5 0.25
    endloop
  endfacet
  facet normal 0.9238795325112868 0.3826834323650898 0
    outer loop
      vertex -46.5 20.5 4.550000000000001
      vertex -46.5 20.5 0.25
      vertex -47.23223304703363 22.26776695296637 0.25
    endloop
  endfacet
  facet normal 0.38268343236508984 0.9238795325112867 0
    outer loop
      vertex -47.23223304703363 22.26776695296637 4.550000000000001
      vertex -47.23223304703363 22.26776695296637 0.25
      vertex -48.83163740873336 22.93026193130108 0.25
    endloop
  endfacet
  facet normal -0.38268343236508945 -0.923879532511287 0
    outer loop
      vertex -50.5 18.621320343559642 4.550000000000001
      vertex -49 18 0.25
      vertex -49 18 4.550000000000001
    endloop
  endfacet
  facet normal 0.3826834323650898 -0.9238795325112868 0
    outer loop
      vertex -49 18 4.550000000000001
      vertex -47.23223304703363 18.73223304703363 0.25
      vertex -47.23223304703363 18.73223304703363 4.550000000000001
    endloop
  endfacet
  facet normal -0.3826834323650895 0.9238795325112868 0
    outer loop
      vertex -50.5 22.378679656440358 4.550000000000001
      vertex -49.72389166444496 22.700154254898063 4.550000000000001
      vertex -50.5 22.378679656440358 0.25
    endloop
  endfacet
  facet normal 0.38268343236508984 0.9238795325112867 0
    outer loop
      vertex -48.83163740873336 22.93026193130108 4.550000000000001
      vertex -47.23223304703363 22.26776695296637 4.550000000000001
      vertex -48.83163740873336 22.93026193130108 0.25
    endloop
  endfacet
  facet normal 0.9238795325112868 -0.3826834323650898 0
    outer loop
      vertex -47.23223304703363 18.73223304703363 4.550000000000001
      vertex -46.5 20.5 0.25
      vertex -46.5 20.5 4.550000000000001
    endloop
  endfacet
  facet normal 0.9238795325112868 0.3826834323650898 0
    outer loop
      vertex -46.5 20.5 4.550000000000001
      vertex -47.23223304703363 22.26776695296637 0.25
      vertex -47.23223304703363 22.26776695296637 4.550000000000001
    endloop
  endfacet
  facet normal -0.9238795325112875 -0.38268343236508795 0
    outer loop
      vertex -51.5 20.5 6.253209665578012
      vertex -51.27764959178656 19.963198628891924 6.5
      vertex -51.5 20.5 6.5
    endloop
  endfacet
  facet normal 0 0 1
    outer loop
      vertex -51.27764959178656 19.963198628891924 6.5
      vertex -51.27764959178656 21.036801371108076 6.5
      vertex -51.5 20.5 6.5
    endloop
  endfacet
  facet normal -0.9238795325112875 0.38268343236508795 0
    outer loop
      vertex -51.5 20.5 6.253209665578012
      vertex -51.5 20.5 6.5
      vertex -51.27764959178656 21.036801371108076 6.5
    endloop
  endfacet
  facet normal 0.38268343236508906 -0.923879532511287 0
    outer loop
      vertex -14.692978402075912 -39.87282749019838 4.550000000000001
      vertex -14.692978402075912 -39.87282749019838 0.25
      vertex -13.232233047033631 -39.26776695296637 0.25
    endloop
  endfacet
  facet normal 0.9238795325112868 -0.3826834323650898 0
    outer loop
      vertex -13.232233047033631 -39.26776695296637 4.550000000000001
      vertex -13.232233047033631 -39.26776695296637 0.25
      vertex -12.5 -37.5 0.25
    endloop
  endfacet
  facet normal -0.9238795325112864 -0.3826834323650907 0
    outer loop
      vertex -17.5 -37.5 4.550000000000001
      vertex -17.5 -37.5 0.25
      vertex -16.864167550376596 -39.035035323277725 0.25
    endloop
  endfacet
  facet normal -0.9238795325112868 0.3826834323650898 0
    outer loop
      vertex -16.76776695296637 -35.73223304703363 4.550000000000001
      vertex -16.76776695296637 -35.73223304703363 0.25
      vertex -17.5 -37.5 0.25
    endloop
  endfacet
  facet normal 0.3826834323650898 0.9238795325112868 0
    outer loop
      vertex -13.232233047033631 -35.73223304703363 4.550000000000001
      vertex -13.232233047033631 -35.73223304703363 0.25
      vertex -15 -35 0.25
    endloop
  endfacet
  facet normal -0.3826834323650898 0.9238795325112868 0
    outer loop
      vertex -15 -35 4.550000000000001
      vertex -15 -35 0.25
      vertex -16.76776695296637 -35.73223304703363 0.25
    endloop
  endfacet
  facet normal 0.9238795325112868 0.3826834323650898 0
    outer loop
      vertex -12.5 -37.5 4.550000000000001
      vertex -12.5 -37.5 0.25
      vertex -13.232233047033631 -35.73223304703363 0.25
    endloop
  endfacet
  facet normal -0.9238795325112864 -0.3826834323650907 0
    outer loop
      vertex -16.864167550376596 -39.035035323277725 4.550000000000001
      vertex -17.5 -37.5 4.550000000000001
      vertex -16.864167550376596 -39.035035323277725 0.25
    endloop
  endfacet
  facet normal 0.38268343236508906 -0.923879532511287 0
    outer loop
      vertex -14.692978402075912 -39.87282749019838 4.550000000000001
      vertex -13.232233047033631 -39.26776695296637 0.25
      vertex -13.232233047033631 -39.26776695296637 4.550000000000001
    endloop
  endfacet
  facet normal -0.9238795325112868 0.3826834323650898 0
    outer loop
      vertex -17.5 -37.5 4.550000000000001
      vertex -16.76776695296637 -35.73223304703363 4.550000000000001
      vertex -17.5 -37.5 0.25
    endloop
  endfacet
  facet normal -0.3826834323650898 0.9238795325112868 0
    outer loop
      vertex -16.76776695296637 -35.73223304703363 4.550000000000001
      vertex -15 -35 4.550000000000001
      vertex -16.76776695296637 -35.73223304703363 0.25
    endloop
  endfacet
  facet normal 0.3826834323650898 0.9238795325112868 0
    outer loop
      vertex -15 -35 4.550000000000001
      vertex -13.232233047033631 -35.73223304703363 4.550000000000001
      vertex -15 -35 0.25
    endloop
  endfacet
  facet normal 0.9238795325112868 -0.3826834323650898 0
    outer loop
      vertex -13.232233047033631 -39.26776695296637 4.550000000000001
      vertex -12.5 -37.5 0.25
      vertex -12.5 -37.5 4.550000000000001
    endloop
  endfacet
  facet normal 0.9238795325112868 0.3826834323650898 0
    outer loop
      vertex -12.5 -37.5 4.550000000000001
      vertex -13.232233047033631 -35.73223304703363 0.25
      vertex -13.232233047033631 -35.73223304703363 4.550000000000001
    endloop
  endfacet
  facet normal -0.9238795325112868 -0.38268343236508956 0
    outer loop
      vertex 15.5 -50.5 4.550000000000001
      vertex 15.5 -50.5 0.25
      vertex 15.99321820671935 -51.69073408387119 0.25
    endloop
  endfacet
  facet normal -0.9238795325112868 0.3826834323650898 0
    outer loop
      vertex 16.23223304703363 -48.73223304703363 4.550000000000001
      vertex 16.23223304703363 -48.73223304703363 0.25
      vertex 15.5 -50.5 0.25
    endloop
  endfacet
  facet normal -0.9238795325112868 -0.38268343236508956 0
    outer loop
      vertex 15.99321820671935 -51.69073408387119 4.550000000000001
      vertex 15.5 -50.5 4.550000000000001
      vertex 15.99321820671935 -51.69073408387119 0.25
    endloop
  endfacet
  facet normal -0.9238795325112868 0.3826834323650898 0
    outer loop
      vertex 15.5 -50.5 4.550000000000001
      vertex 16.23223304703363 -48.73223304703363 4.550000000000001
      vertex 15.5 -50.5 0.25
    endloop
  endfacet
  facet normal 0.3826834323650872 -0.9238795325112878 0
    outer loop
      vertex 18.681812148922685 -52.717584160925476 4.550000000000001
      vertex 18.681812148922685 -52.717584160925476 0.25
      vertex 19.76776695296637 -52.26776695296637 0.25
    endloop
  endfacet
  facet normal 0.9238795325112868 -0.3826834323650898 0
    outer loop
      vertex 19.76776695296637 -52.26776695296637 4.550000000000001
      vertex 19.76776695296637 -52.26776695296637 0.25
      vertex 20.5 -50.5 0.25
    endloop
  endfacet
  facet normal -0.3826834323650898 0.9238795325112868 0
    outer loop
      vertex 18 -48 4.550000000000001
      vertex 18 -48 0.25
      vertex 16.23223304703363 -48.73223304703363 0.25
    endloop
  endfacet
  facet normal 0.9238795325112868 0.3826834323650898 0
    outer loop
      vertex 20.5 -50.5 4.550000000000001
      vertex 20.5 -50.5 0.25
      vertex 19.76776695296637 -48.73223304703363 0.25
    endloop
  endfacet
  facet normal 0.3826834323650898 0.9238795325112868 0
    outer loop
      vertex 19.76776695296637 -48.73223304703363 4.550000000000001
      vertex 19.76776695296637 -48.73223304703363 0.25
      vertex 18 -48 0.25
    endloop
  endfacet
  facet normal 0.3826834323650872 -0.9238795325112878 0
    outer loop
      vertex 18.681812148922685 -52.717584160925476 4.550000000000001
      vertex 19.76776695296637 -52.26776695296637 0.25
      vertex 19.76776695296637 -52.26776695296637 4.550000000000001
    endloop
  endfacet
  facet normal -0.3826834323650898 0.9238795325112868 0
    outer loop
      vertex 16.23223304703363 -48.73223304703363 4.550000000000001
      vertex 18 -48 4.550000000000001
      vertex 16.23223304703363 -48.73223304703363 0.25
    endloop
  endfacet
  facet normal 0.3826834323650898 0.9238795325112868 0
    outer loop
      vertex 19.76776695296637 -48.73223304703363 4.550000000000001
      vertex 18 -48 0.25
      vertex 18 -48 4.550000000000001
    endloop
  endfacet
  facet normal 0.9238795325112868 -0.3826834323650898 0
    outer loop
      vertex 19.76776695296637 -52.26776695296637 4.550000000000001
      vertex 20.5 -50.5 0.25
      vertex 20.5 -50.5 4.550000000000001
    endloop
  endfacet
  facet normal 0.9238795325112868 0.3826834323650898 0
    outer loop
      vertex 20.5 -50.5 4.550000000000001
      vertex 19.76776695296637 -48.73223304703363 0.25
      vertex 19.76776695296637 -48.73223304703363 4.550000000000001
    endloop
  endfacet
  facet normal -0.3826834323650907 -0.9238795325112863 0
    outer loop
      vertex 58.23223304703363 -67.76776695296637 4.550000000000001
      vertex 58.23223304703363 -67.76776695296637 0.25
      vertex 59.94328195447108 -68.47650661631063 0.25
    endloop
  endfacet
  facet normal -0.9238795325112868 -0.3826834323650898 0
    outer loop
      vertex 57.5 -66 4.550000000000001
      vertex 57.5 -66 0.25
      vertex 58.23223304703363 -67.76776695296637 0.25
    endloop
  endfacet
  facet normal -0.9238795325112868 0.3826834323650898 0
    outer loop
      vertex 58.23223304703363 -64.23223304703363 4.550000000000001
      vertex 58.23223304703363 -64.23223304703363 0.25
      vertex 57.5 -66 0.25
    endloop
  endfacet
  facet normal -0.3826834323650898 0.9238795325112868 0
    outer loop
      vertex 60 -63.5 4.550000000000001
      vertex 60 -63.5 0.25
      vertex 58.23223304703363 -64.23223304703363 0.25
    endloop
  endfacet
  facet normal 0.38268343236510544 -0.9238795325112803 0
    outer loop
      vertex 60.00230003956951 -68.49904729241632 4.550000000000001
      vertex 60.00230003956951 -68.49904729241632 0.25
      vertex 60.58471072329887 -68.25780488834462 0.25
    endloop
  endfacet
  facet normal 0.9238795325112868 0.38268343236508956 0
    outer loop
      vertex 62.37572442959064 -65.69997223244607 4.550000000000001
      vertex 62.37572442959064 -65.69997223244607 0.25
      vertex 61.76776695296637 -64.23223304703363 0.25
    endloop
  endfacet
  facet normal 0.3826834323650898 0.9238795325112868 0
    outer loop
      vertex 61.76776695296637 -64.23223304703363 4.550000000000001
      vertex 61.76776695296637 -64.23223304703363 0.25
      vertex 60 -63.5 0.25
    endloop
  endfacet
  facet normal -0.3826834323650907 -0.9238795325112863 0
    outer loop
      vertex 58.23223304703363 -67.76776695296637 4.550000000000001
      vertex 59.94328195447108 -68.47650661631063 0.25
      vertex 59.94328195447108 -68.47650661631063 4.550000000000001
    endloop
  endfacet
  facet normal -0.9238795325112868 -0.3826834323650898 0
    outer loop
      vertex 58.23223304703363 -67.76776695296637 4.550000000000001
      vertex 57.5 -66 4.550000000000001
      vertex 58.23223304703363 -67.76776695296637 0.25
    endloop
  endfacet
  facet normal -0.9238795325112868 0.3826834323650898 0
    outer loop
      vertex 57.5 -66 4.550000000000001
      vertex 58.23223304703363 -64.23223304703363 4.550000000000001
      vertex 57.5 -66 0.25
    endloop
  endfacet
  facet normal -0.38268343236508834 0.9238795325112873 0
    outer loop
      vertex 58.23223304703363 -64.23223304703363 4.550000000000001
      vertex 59.442859540160065 -63.730775134612486 4.550000000000001
      vertex 58.23223304703363 -64.23223304703363 0.25
    endloop
  endfacet
  facet normal -0.38268343236504393 0.9238795325113056 -1.4655397450953052e-14
    outer loop
      vertex 59.442859540160065 -63.730775134612486 4.550000000000001
      vertex 59.4977925375123 -63.70802114208739 4.550000000000001
      vertex 58.23223304703363 -64.23223304703363 0.25
    endloop
  endfacet
  facet normal -0.382683432365098 0.9238795325112833 3.9898194619362724e-15
    outer loop
      vertex 59.4977925375123 -63.70802114208739 4.550000000000001
      vertex 60 -63.5 4.550000000000001
      vertex 58.23223304703363 -64.23223304703363 0.25
    endloop
  endfacet
  facet normal 0.38268343236510544 -0.9238795325112803 0
    outer loop
      vertex 60.00230003956951 -68.49904729241632 4.550000000000001
      vertex 60.58471072329887 -68.25780488834462 0.25
      vertex 60.58471072329887 -68.25780488834462 4.550000000000001
    endloop
  endfacet
  facet normal 0.9238795325112868 0.38268343236508956 0
    outer loop
      vertex 61.76776695296637 -64.23223304703363 4.550000000000001
      vertex 62.37572442959064 -65.69997223244607 4.550000000000001
      vertex 61.76776695296637 -64.23223304703363 0.25
    endloop
  endfacet
  facet normal 0.3826834323650898 0.9238795325112868 0
    outer loop
      vertex 61.76776695296637 -64.23223304703363 4.550000000000001
      vertex 60 -63.5 0.25
      vertex 60 -63.5 4.550000000000001
    endloop
  endfacet
  facet normal -0.38268343236504393 0.9238795325113057 0
    outer loop
      vertex 59.442859540160065 -63.730775134612486 4.550000000000001
      vertex 59.4977925375123 -63.70802114208739 6.5
      vertex 59.4977925375123 -63.70802114208739 4.550000000000001
    endloop
  endfacet
  facet normal -0.38268343236504393 0.9238795325113057 0
    outer loop
      vertex 59.442859540160065 -63.730775134612486 4.550000000000001
      vertex 59.442859540160065 -63.730775134612486 6.5
      vertex 59.4977925375123 -63.70802114208739 6.5
    endloop
  endfacet
  facet normal 0 0 1
    outer loop
      vertex 59.46902925521135 -63.74909936636686 6.5
      vertex 59.4977925375123 -63.70802114208739 6.5
      vertex 59.442859540160065 -63.730775134612486 6.5
    endloop
  endfacet
  facet normal -0.9238795325112868 -0.3826834323650898 0
    outer loop
      vertex 78.7 -35.6 4.550000000000001
      vertex 78.7 -35.6 0.25
      vertex 79.43223304703363 -37.36776695296637 0.25
    endloop
  endfacet
  facet normal -0.3826834323650898 -0.9238795325112868 0
    outer loop
      vertex 79.43223304703363 -37.36776695296637 4.550000000000001
      vertex 79.43223304703363 -37.36776695296637 0.25
      vertex 81.2 -38.1 0.25
    endloop
  endfacet
  facet normal -0.9238795325112868 0.3826834323650898 0
    outer loop
      vertex 79.43223304703363 -33.83223304703363 4.550000000000001
      vertex 79.43223304703363 -33.83223304703363 0.25
      vertex 78.7 -35.6 0.25
    endloop
  endfacet
  facet normal -0.38268343236508945 0.9238795325112868 0
    outer loop
      vertex 81.02334434464076 -33.17317316831971 4.550000000000001
      vertex 81.02334434464076 -33.17317316831971 0.25
      vertex 79.43223304703363 -33.83223304703363 0.25
    endloop
  endfacet
  facet normal 0.38268343236509633 -0.923879532511284 0
    outer loop
      vertex 81.2 -38.1 4.550000000000001
      vertex 81.2 -38.1 0.25
      vertex 81.89913223082922 -37.810409948098375 0.25
    endloop
  endfacet
  facet normal 0.923879532511287 0.3826834323650894 0
    outer loop
      vertex 83.6059183370961 -35.372866773446766 4.550000000000001
      vertex 83.6059183370961 -35.372866773446766 0.25
      vertex 83.37759018562953 -34.82163385350459 0.25
    endloop
  endfacet
  facet normal -0.3826834323650898 -0.9238795325112868 0
    outer loop
      vertex 79.43223304703363 -37.36776695296637 4.550000000000001
      vertex 81.2 -38.1 0.25
      vertex 81.2 -38.1 4.550000000000001
    endloop
  endfacet
  facet normal -0.9238795325112868 -0.3826834323650898 0
    outer loop
      vertex 78.7 -35.6 4.550000000000001
      vertex 79.43223304703363 -37.36776695296637 0.25
      vertex 79.43223304703363 -37.36776695296637 4.550000000000001
    endloop
  endfacet
  facet normal -0.9238795325112868 0.3826834323650898 0
    outer loop
      vertex 78.7 -35.6 4.550000000000001
      vertex 79.43223304703363 -33.83223304703363 4.550000000000001
      vertex 78.7 -35.6 0.25
    endloop
  endfacet
  facet normal -0.38268343236508945 0.9238795325112868 0
    outer loop
      vertex 79.43223304703363 -33.83223304703363 4.550000000000001
      vertex 81.02334434464076 -33.17317316831971 4.550000000000001
      vertex 79.43223304703363 -33.83223304703363 0.25
    endloop
  endfacet
  facet normal 0.38268343236509633 -0.923879532511284 0
    outer loop
      vertex 81.2 -38.1 4.550000000000001
      vertex 81.89913223082922 -37.810409948098375 0.25
      vertex 81.89913223082922 -37.810409948098375 4.550000000000001
    endloop
  endfacet
  facet normal 0.923879532511287 0.3826834323650894 0
    outer loop
      vertex 83.6059183370961 -35.372866773446766 4.550000000000001
      vertex 83.37759018562953 -34.82163385350459 0.25
      vertex 83.37759018562953 -34.82163385350459 4.550000000000001
    endloop
  endfacet
  facet normal -0.3826834323650898 -0.9238795325112868 0
    outer loop
      vertex 58.73223304703363 -20.76776695296637 4.550000000000001
      vertex 58.73223304703363 -20.76776695296637 0.25
      vertex 60.5 -21.5 0.25
    endloop
  endfacet
  facet normal -0.9238795325112868 -0.3826834323650898 0
    outer loop
      vertex 58 -19 4.550000000000001
      vertex 58 -19 0.25
      vertex 58.73223304703363 -20.76776695296637 0.25
    endloop
  endfacet
  facet normal 0.3826834323650898 -0.9238795325112868 0
    outer loop
      vertex 60.5 -21.5 4.550000000000001
      vertex 60.5 -21.5 0.25
      vertex 62.26776695296637 -20.76776695296637 0.25
    endloop
  endfacet
  facet normal 0.9238795325112864 -0.3826834323650905 0
    outer loop
      vertex 62.26776695296637 -20.76776695296637 4.550000000000001
      vertex 62.26776695296637 -20.76776695296637 0.25
      vertex 62.501322544332105 -20.203913876723142 0.25
    endloop
  endfacet
  facet normal -0.9238795325112868 -0.3826834323650898 0
    outer loop
      vertex 58.73223304703363 -20.76776695296637 4.550000000000001
      vertex 58 -19 4.550000000000001
      vertex 58.73223304703363 -20.76776695296637 0.25
    endloop
  endfacet
  facet normal -0.3826834323650898 -0.9238795325112868 0
    outer loop
      vertex 58.73223304703363 -20.76776695296637 4.550000000000001
      vertex 60.5 -21.5 0.25
      vertex 60.5 -21.5 4.550000000000001
    endloop
  endfacet
  facet normal 0.3826834323650898 -0.9238795325112868 0
    outer loop
      vertex 60.5 -21.5 4.550000000000001
      vertex 62.26776695296637 -20.76776695296637 0.25
      vertex 62.26776695296637 -20.76776695296637 4.550000000000001
    endloop
  endfacet
  facet normal 0.9238795325112864 -0.3826834323650905 0
    outer loop
      vertex 62.26776695296637 -20.76776695296637 4.550000000000001
      vertex 62.501322544332105 -20.203913876723142 0.25
      vertex 62.501322544332105 -20.203913876723142 4.550000000000001
    endloop
  endfacet
  facet normal -0.9238795325112868 0.3826834323650898 0
    outer loop
      vertex 58.73223304703363 -17.23223304703363 4.550000000000001
      vertex 58.73223304703363 -17.23223304703363 0.25
      vertex 58 -19 0.25
    endloop
  endfacet
  facet normal -0.3826834323650898 0.9238795325112868 0
    outer loop
      vertex 60.5 -16.5 4.550000000000001
      vertex 60.5 -16.5 0.25
      vertex 58.73223304703363 -17.23223304703363 0.25
    endloop
  endfacet
  facet normal 0.3826834323650898 0.9238795325112868 0
    outer loop
      vertex 62.26776695296637 -17.23223304703363 4.550000000000001
      vertex 62.26776695296637 -17.23223304703363 0.25
      vertex 60.5 -16.5 0.25
    endloop
  endfacet
  facet normal 0.9238795325112847 0.3826834323650944 0
    outer loop
      vertex 62.51637547298399 -17.832427107781662 4.550000000000001
      vertex 62.51637547298399 -17.832427107781662 0.25
      vertex 62.26776695296637 -17.23223304703363 0.25
    endloop
  endfacet
  facet normal -0.9238795325112868 0.3826834323650898 0
    outer loop
      vertex 58 -19 4.550000000000001
      vertex 58.73223304703363 -17.23223304703363 4.550000000000001
      vertex 58 -19 0.25
    endloop
  endfacet
  facet normal -0.3826834323650898 0.9238795325112868 0
    outer loop
      vertex 58.73223304703363 -17.23223304703363 4.550000000000001
      vertex 60.5 -16.5 4.550000000000001
      vertex 58.73223304703363 -17.23223304703363 0.25
    endloop
  endfacet
  facet normal 0.3826834323650898 0.9238795325112868 0
    outer loop
      vertex 60.5 -16.5 4.550000000000001
      vertex 62.26776695296637 -17.23223304703363 4.550000000000001
      vertex 60.5 -16.5 0.25
    endloop
  endfacet
  facet normal 0.9238795325112847 0.3826834323650944 0
    outer loop
      vertex 62.51637547298399 -17.832427107781662 4.550000000000001
      vertex 62.26776695296637 -17.23223304703363 0.25
      vertex 62.26776695296637 -17.23223304703363 4.550000000000001
    endloop
  endfacet
  facet normal 0.923879532511283 -0.3826834323650988 0
    outer loop
      vertex 62.94803507642009 -19.125454423274295 6.22126228626207
      vertex 63 -19 6.251903813727001
      vertex 63 -19 6.5
    endloop
  endfacet
  facet normal 0.923879532511287 -0.38268343236508945 -4.9108537800796385e-15
    outer loop
      vertex 62.83898910529902 -19.38871468567693 6.5
      vertex 62.94803507642009 -19.125454423274295 6.22126228626207
      vertex 63 -19 6.5
    endloop
  endfacet
  facet normal 0.9238795325112837 0.38268343236509694 0
    outer loop
      vertex 63 -19 6.251903813727001
      vertex 62.892023926620645 -18.739322699235775 6.5
      vertex 63 -19 6.5
    endloop
  endfacet
  facet normal 0 0 1
    outer loop
      vertex 62.83898910529902 -19.38871468567693 6.5
      vertex 63 -19 6.5
      vertex 62.56946157553944 -19.199989477524053 6.5
    endloop
  endfacet
  facet normal 0 0 1
    outer loop
      vertex 62.56946157553944 -19.199989477524053 6.5
      vertex 63 -19 6.5
      vertex 62.892023926620645 -18.739322699235775 6.5
    endloop
  endfacet
  facet normal -0.3826834323650897 0.9238795325112867 0
    outer loop
      vertex 66.5 -6.5 1.75
      vertex 66.5 -6.5 0.25
      vertex 64.73223304703363 -7.232233047033631 0.25
    endloop
  endfacet
  facet normal 0.3826834323650899 0.9238795325112866 -1.5841557080819992e-15
    outer loop
      vertex 67.70710678118655 -7 1.75
      vertex 68 -7.121320343559643 0.25
      vertex 66.5 -6.5 0.25
    endloop
  endfacet
  facet normal -0.3826834323650882 0.9238795325112874 -2.0676712610709498e-15
    outer loop
      vertex 65.29289321881345 -7 1.75
      vertex 66.5 -6.5 1.75
      vertex 64.73223304703363 -7.232233047033631 0.25
    endloop
  endfacet
  facet normal 0.3826834323650882 0.9238795325112874 0
    outer loop
      vertex 67.70710678118655 -7 1.75
      vertex 66.5 -6.5 0.25
      vertex 66.5 -6.5 1.75
    endloop
  endfacet
  facet normal -0.3826834323650898 -0.9238795325112868 0
    outer loop
      vertex 64.73223304703363 -10.767766952966369 4.550000000000001
      vertex 64.73223304703363 -10.767766952966369 0.25
      vertex 66.5 -11.5 0.25
    endloop
  endfacet
  facet normal 0.3826834323650913 -0.9238795325112861 0
    outer loop
      vertex 66.5 -11.5 4.550000000000001
      vertex 66.5 -11.5 0.25
      vertex 67.13438192680947 -11.237230402191141 0.25
    endloop
  endfacet
  facet normal -0.9238795325112868 -0.3826834323650898 0
    outer loop
      vertex 64 -9 4.550000000000001
      vertex 64 -9 0.25
      vertex 64.73223304703363 -10.767766952966369 0.25
    endloop
  endfacet
  facet normal -0.9238795325112868 0.3826834323650898 0
    outer loop
      vertex 64.73223304703363 -7.232233047033631 4.550000000000001
      vertex 64.73223304703363 -7.232233047033631 0.25
      vertex 64 -9 0.25
    endloop
  endfacet
  facet normal -0.3826834323650929 0.9238795325112854 0
    outer loop
      vertex 65.29289321881345 -7 1.75
      vertex 64.73223304703363 -7.232233047033631 0.25
      vertex 64.73223304703363 -7.232233047033631 4.550000000000001
    endloop
  endfacet
  facet normal 0.38268343236509683 0.9238795325112839 0
    outer loop
      vertex 67.70710678118655 -7 1.75
      vertex 67.70710678118655 -7 4.550000000000001
      vertex 68 -7.121320343559643 0.25
    endloop
  endfacet
  facet normal -0.9238795325112868 -0.3826834323650898 0
    outer loop
      vertex 64 -9 4.550000000000001
      vertex 64.73223304703363 -10.767766952966369 0.25
      vertex 64.73223304703363 -10.767766952966369 4.550000000000001
    endloop
  endfacet
  facet normal -0.3826834323650898 -0.9238795325112868 0
    outer loop
      vertex 64.73223304703363 -10.767766952966369 4.550000000000001
      vertex 66.5 -11.5 0.25
      vertex 66.5 -11.5 4.550000000000001
    endloop
  endfacet
  facet normal 0.3826834323650913 -0.9238795325112861 0
    outer loop
      vertex 66.5 -11.5 4.550000000000001
      vertex 67.13438192680947 -11.237230402191141 0.25
      vertex 67.13438192680947 -11.237230402191141 4.550000000000001
    endloop
  endfacet
  facet normal -0.9238795325112868 0.3826834323650898 0
    outer loop
      vertex 64 -9 4.550000000000001
      vertex 64.73223304703363 -7.232233047033631 4.550000000000001
      vertex 64 -9 0.25
    endloop
  endfacet
  facet normal 0.3826834323650969 0.923879532511284 0
    outer loop
      vertex 67.70710678118655 -7 4.550000000000001
      vertex 68 -7.121320343559643 4.550000000000001
      vertex 68 -7.121320343559643 0.25
    endloop
  endfacet
  facet normal -0.38268343236509295 0.9238795325112854 0
    outer loop
      vertex 65.29289321881345 -7 1.75
      vertex 64.73223304703363 -7.232233047033631 4.550000000000001
      vertex 65.29289321881345 -7 4.550000000000001
    endloop
  endfacet
  facet normal 0.9238795325112851 -0.3826834323650938 0
    outer loop
      vertex 69 -9 6.363125929752756
      vertex 69 -9 6.5
      vertex 68.86312592975275 -9.330443236728103 6.5
    endloop
  endfacet
  facet normal 0.9238795325112851 0.3826834323650938 0
    outer loop
      vertex 69 -9 6.363125929752756
      vertex 68.86312592975275 -8.669556763271897 6.5
      vertex 69 -9 6.5
    endloop
  endfacet
  facet normal 0 0 1
    outer loop
      vertex 68.86312592975275 -9.330443236728103 6.5
      vertex 69 -9 6.5
      vertex 68.86312592975275 -8.669556763271897 6.5
    endloop
  endfacet
  facet normal -0.3826834323650898 -0.9238795325112868 0
    outer loop
      vertex 64.73223304703363 26.73223304703363 4.550000000000001
      vertex 64.73223304703363 26.73223304703363 0.25
      vertex 66.5 26 0.25
    endloop
  endfacet
  facet normal -0.9238795325112868 -0.3826834323650898 0
    outer loop
      vertex 64 28.5 4.550000000000001
      vertex 64 28.5 0.25
      vertex 64.73223304703363 26.73223304703363 0.25
    endloop
  endfacet
  facet normal 0.38268343236508945 -0.923879532511287 0
    outer loop
      vertex 66.5 26 4.550000000000001
      vertex 66.5 26 0.25
      vertex 68 26.621320343559642 0.25
    endloop
  endfacet
  facet normal -0.9238795325112861 0.3826834323650913 0
    outer loop
      vertex 64.62132034355965 30 4.550000000000001
      vertex 64.62132034355965 30 0.25
      vertex 64 28.5 0.25
    endloop
  endfacet
  facet normal -0.3826834323650898 -0.9238795325112868 0
    outer loop
      vertex 64.73223304703363 26.73223304703363 4.550000000000001
      vertex 66.5 26 0.25
      vertex 66.5 26 4.550000000000001
    endloop
  endfacet
  facet normal -0.9238795325112868 -0.3826834323650898 0
    outer loop
      vertex 64 28.5 4.550000000000001
      vertex 64.73223304703363 26.73223304703363 0.25
      vertex 64.73223304703363 26.73223304703363 4.550000000000001
    endloop
  endfacet
  facet normal 0.38268343236508945 -0.923879532511287 0
    outer loop
      vertex 66.5 26 4.550000000000001
      vertex 68 26.621320343559642 0.25
      vertex 68 26.621320343559642 4.550000000000001
    endloop
  endfacet
  facet normal -0.9238795325112861 0.3826834323650913 0
    outer loop
      vertex 64 28.5 4.550000000000001
      vertex 64.62132034355965 30 4.550000000000001
      vertex 64 28.5 0.25
    endloop
  endfacet
  facet normal -0.38268343236509356 0.9238795325112852 0
    outer loop
      vertex 66.11731229067442 30.84148556064385 6.5
      vertex 66.5 31 6.5
      vertex 66.5 31 6.337409066480202
    endloop
  endfacet
  facet normal 0.38268343236509356 0.9238795325112852 0
    outer loop
      vertex 66.5 31 6.337409066480202
      vertex 66.5 31 6.5
      vertex 66.88268770932558 30.84148556064385 6.5
    endloop
  endfacet
  facet normal 0 0 1
    outer loop
      vertex 66.11731229067442 30.84148556064385 6.5
      vertex 66.88268770932558 30.84148556064385 6.5
      vertex 66.5 31 6.5
    endloop
  endfacet
  facet normal 0.9238795325112859 -0.382683432365092 0
    outer loop
      vertex 69 28.5 6.363125929752756
      vertex 69 28.5 6.5
      vertex 68.86312592975275 28.169556763271896 6.5
    endloop
  endfacet
  facet normal 0 0 1
    outer loop
      vertex 68.86312592975275 28.169556763271896 6.5
      vertex 69 28.5 6.5
      vertex 68.86312592975275 28.830443236728104 6.5
    endloop
  endfacet
  facet normal 0.9238795325112859 0.382683432365092 0
    outer loop
      vertex 69 28.5 6.363125929752756
      vertex 68.86312592975275 28.830443236728104 6.5
      vertex 69 28.5 6.5
    endloop
  endfacet
  facet normal -0.9238795325112868 -0.3826834323650898 0
    outer loop
      vertex 40 28.5 4.550000000000001
      vertex 40 28.5 0.25
      vertex 40.73223304703363 26.73223304703363 0.25
    endloop
  endfacet
  facet normal -0.3826834323650898 -0.9238795325112868 0
    outer loop
      vertex 40.73223304703363 26.73223304703363 4.550000000000001
      vertex 40.73223304703363 26.73223304703363 0.25
      vertex 42.5 26 0.25
    endloop
  endfacet
  facet normal -0.9238795325112874 0.38268343236508834 0
    outer loop
      vertex 40.59597449413248 29.938809706563077 4.550000000000001
      vertex 40.59597449413248 29.938809706563077 0.25
      vertex 40 28.5 0.25
    endloop
  endfacet
  facet normal 0.3826834323650898 -0.9238795325112868 0
    outer loop
      vertex 42.5 26 4.550000000000001
      vertex 42.5 26 0.25
      vertex 44.26776695296637 26.73223304703363 0.25
    endloop
  endfacet
  facet normal 0.9238795325112868 -0.3826834323650898 0
    outer loop
      vertex 44.26776695296637 26.73223304703363 4.550000000000001
      vertex 44.26776695296637 26.73223304703363 0.25
      vertex 45 28.5 0.25
    endloop
  endfacet
  facet normal 0.9238795325112863 0.3826834323650909 0
    outer loop
      vertex 45 28.5 4.550000000000001
      vertex 45 28.5 0.25
      vertex 44.39103405841677 29.970173835193528 0.25
    endloop
  endfacet
  facet normal -0.3826834323650898 -0.9238795325112868 0
    outer loop
      vertex 40.73223304703363 26.73223304703363 4.550000000000001
      vertex 42.5 26 0.25
      vertex 42.5 26 4.550000000000001
    endloop
  endfacet
  facet normal -0.9238795325112868 -0.3826834323650898 0
    outer loop
      vertex 40 28.5 4.550000000000001
      vertex 40.73223304703363 26.73223304703363 0.25
      vertex 40.73223304703363 26.73223304703363 4.550000000000001
    endloop
  endfacet
  facet normal -0.9238795325112874 0.38268343236508834 0
    outer loop
      vertex 40 28.5 4.550000000000001
      vertex 40.59597449413248 29.938809706563077 4.550000000000001
      vertex 40 28.5 0.25
    endloop
  endfacet
  facet normal 0.3826834323650898 -0.9238795325112868 0
    outer loop
      vertex 42.5 26 4.550000000000001
      vertex 44.26776695296637 26.73223304703363 0.25
      vertex 44.26776695296637 26.73223304703363 4.550000000000001
    endloop
  endfacet
  facet normal 0.9238795325112868 -0.3826834323650898 0
    outer loop
      vertex 44.26776695296637 26.73223304703363 4.550000000000001
      vertex 45 28.5 0.25
      vertex 45 28.5 4.550000000000001
    endloop
  endfacet
  facet normal 0.9238795325112863 0.3826834323650909 0
    outer loop
      vertex 45 28.5 4.550000000000001
      vertex 44.39103405841677 29.970173835193528 0.25
      vertex 44.39103405841677 29.970173835193528 4.550000000000001
    endloop
  endfacet
  facet normal -0.3826834323650861 0.9238795325112884 0
    outer loop
      vertex 42.5 31 6.292804530339021
      vertex 42.00146044750877 30.79349815597872 6.5
      vertex 42.5 31 6.5
    endloop
  endfacet
  facet normal 0 0 1
    outer loop
      vertex 42.00146044750877 30.79349815597872 6.5
      vertex 42.97903481451556 30.801577282978773 6.5
      vertex 42.5 31 6.5
    endloop
  endfacet
  facet normal 0.382683432365095 0.9238795325112846 0
    outer loop
      vertex 42.5 31 6.292804530339021
      vertex 42.5 31 6.5
      vertex 42.97903481451556 30.801577282978773 6.5
    endloop
  endfacet
  facet normal -0.9238795325112868 -0.3826834323650898 0
    outer loop
      vertex 20 28 4.550000000000001
      vertex 20 28 0.25
      vertex 20.73223304703363 26.23223304703363 0.25
    endloop
  endfacet
  facet normal -0.9238795325112868 0.3826834323650898 0
    outer loop
      vertex 20.73223304703363 29.76776695296637 4.550000000000001
      vertex 20.73223304703363 29.76776695296637 0.25
      vertex 20 28 0.25
    endloop
  endfacet
  facet normal -0.38268343236517555 0.9238795325112513 0
    outer loop
      vertex 20.74918000207984 29.774786611587437 4.550000000000001
      vertex 20.74918000207984 29.774786611587437 0.25
      vertex 20.73223304703363 29.76776695296637 0.25
    endloop
  endfacet
  facet normal -0.3826834323650898 -0.9238795325112868 0
    outer loop
      vertex 20.73223304703363 26.23223304703363 4.550000000000001
      vertex 20.73223304703363 26.23223304703363 0.25
      vertex 22.5 25.5 0.25
    endloop
  endfacet
  facet normal 0.3826834323650898 -0.9238795325112868 0
    outer loop
      vertex 22.5 25.5 4.550000000000001
      vertex 22.5 25.5 0.25
      vertex 24.26776695296637 26.23223304703363 0.25
    endloop
  endfacet
  facet normal 0.9238795325112868 -0.3826834323650898 0
    outer loop
      vertex 24.26776695296637 26.23223304703363 4.550000000000001
      vertex 24.26776695296637 26.23223304703363 0.25
      vertex 25 28 0.25
    endloop
  endfacet
  facet normal 0.9238795325112868 0.3826834323650898 0
    outer loop
      vertex 25 28 4.550000000000001
      vertex 25 28 0.25
      vertex 24.26776695296637 29.76776695296637 0.25
    endloop
  endfacet
  facet normal 0.38268343236508084 0.9238795325112904 0
    outer loop
      vertex 24.26776695296637 29.76776695296637 4.550000000000001
      vertex 24.26776695296637 29.76776695296637 0.25
      vertex 24.182321349956617 29.803159680578155 0.25
    endloop
  endfacet
  facet normal -0.9238795325112868 -0.3826834323650898 0
    outer loop
      vertex 20.73223304703363 26.23223304703363 4.550000000000001
      vertex 20 28 4.550000000000001
      vertex 20.73223304703363 26.23223304703363 0.25
    endloop
  endfacet
  facet normal -0.9238795325112868 0.3826834323650898 0
    outer loop
      vertex 20 28 4.550000000000001
      vertex 20.73223304703363 29.76776695296637 4.550000000000001
      vertex 20 28 0.25
    endloop
  endfacet
  facet normal -0.38268343236517555 0.9238795325112513 0
    outer loop
      vertex 20.74918000207984 29.774786611587437 4.550000000000001
      vertex 20.73223304703363 29.76776695296637 0.25
      vertex 20.73223304703363 29.76776695296637 4.550000000000001
    endloop
  endfacet
  facet normal -0.3826834323650898 -0.9238795325112868 0
    outer loop
      vertex 20.73223304703363 26.23223304703363 4.550000000000001
      vertex 22.5 25.5 0.25
      vertex 22.5 25.5 4.550000000000001
    endloop
  endfacet
  facet normal 0.3826834323650898 -0.9238795325112868 0
    outer loop
      vertex 22.5 25.5 4.550000000000001
      vertex 24.26776695296637 26.23223304703363 0.25
      vertex 24.26776695296637 26.23223304703363 4.550000000000001
    endloop
  endfacet
  facet normal 0.9238795325112868 -0.3826834323650898 0
    outer loop
      vertex 24.26776695296637 26.23223304703363 4.550000000000001
      vertex 25 28 0.25
      vertex 25 28 4.550000000000001
    endloop
  endfacet
  facet normal 0.38268343236508084 0.9238795325112904 0
    outer loop
      vertex 24.182321349956617 29.803159680578155 4.550000000000001
      vertex 24.26776695296637 29.76776695296637 4.550000000000001
      vertex 24.182321349956617 29.803159680578155 0.25
    endloop
  endfacet
  facet normal 0.9238795325112868 0.3826834323650898 0
    outer loop
      vertex 25 28 4.550000000000001
      vertex 24.26776695296637 29.76776695296637 0.25
      vertex 24.26776695296637 29.76776695296637 4.550000000000001
    endloop
  endfacet
  facet normal -0.9238795325112868 -0.3826834323650898 0
    outer loop
      vertex -14.5 28 4.550000000000001
      vertex -14.5 28 0.25
      vertex -13.767766952966369 26.23223304703363 0.25
    endloop
  endfacet
  facet normal -0.923879532511287 0.38268343236508917 0
    outer loop
      vertex -13.944825954476059 29.34030871018144 4.550000000000001
      vertex -13.944825954476059 29.34030871018144 0.25
      vertex -14.5 28 0.25
    endloop
  endfacet
  facet normal -0.3826834323650898 -0.9238795325112868 0
    outer loop
      vertex -13.767766952966369 26.23223304703363 4.550000000000001
      vertex -13.767766952966369 26.23223304703363 0.25
      vertex -12 25.5 0.25
    endloop
  endfacet
  facet normal 0.3826834323650898 -0.9238795325112868 0
    outer loop
      vertex -12 25.5 4.550000000000001
      vertex -12 25.5 0.25
      vertex -10.232233047033631 26.23223304703363 0.25
    endloop
  endfacet
  facet normal 0.9238795325112868 -0.3826834323650898 0
    outer loop
      vertex -10.232233047033631 26.23223304703363 4.550000000000001
      vertex -10.232233047033631 26.23223304703363 0.25
      vertex -9.5 28 0.25
    endloop
  endfacet
  facet normal 0.923879532511287 0.3826834323650892 0
    outer loop
      vertex -9.5 28 4.550000000000001
      vertex -9.5 28 0.25
      vertex -10.129435384997787 29.51959144309919 0.25
    endloop
  endfacet
  facet normal -0.9238795325112868 -0.3826834323650898 0
    outer loop
      vertex -13.767766952966369 26.23223304703363 4.550000000000001
      vertex -14.5 28 4.550000000000001
      vertex -13.767766952966369 26.23223304703363 0.25
    endloop
  endfacet
  facet normal -0.923879532511287 0.38268343236508917 0
    outer loop
      vertex -14.5 28 4.550000000000001
      vertex -13.944825954476059 29.34030871018144 4.550000000000001
      vertex -14.5 28 0.25
    endloop
  endfacet
  facet normal -0.3826834323650898 -0.9238795325112868 0
    outer loop
      vertex -13.767766952966369 26.23223304703363 4.550000000000001
      vertex -12 25.5 0.25
      vertex -12 25.5 4.550000000000001
    endloop
  endfacet
  facet normal 0.3826834323650898 -0.9238795325112868 0
    outer loop
      vertex -12 25.5 4.550000000000001
      vertex -10.232233047033631 26.23223304703363 0.25
      vertex -10.232233047033631 26.23223304703363 4.550000000000001
    endloop
  endfacet
  facet normal 0.9238795325112868 -0.3826834323650898 0
    outer loop
      vertex -10.232233047033631 26.23223304703363 4.550000000000001
      vertex -9.5 28 0.25
      vertex -9.5 28 4.550000000000001
    endloop
  endfacet
  facet normal 0.923879532511287 0.3826834323650892 0
    outer loop
      vertex -9.5 28 4.550000000000001
      vertex -10.129435384997787 29.51959144309919 0.25
      vertex -10.129435384997787 29.51959144309919 4.550000000000001
    endloop
  endfacet
  facet normal -0.38268343236509345 0.9238795325112854 0
    outer loop
      vertex -12 30.5 6.343570762722282
      vertex -12.376389320078195 30.344094438891222 6.5
      vertex -12 30.5 6.5
    endloop
  endfacet
  facet normal 0.3826834323650886 0.9238795325112873 0
    outer loop
      vertex -12 30.5 6.343570762722282
      vertex -12 30.5 6.5
      vertex -11.638336442458158 30.350194049450067 6.5
    endloop
  endfacet
  facet normal 0 0 1
    outer loop
      vertex -12.376389320078195 30.344094438891222 6.5
      vertex -11.638336442458158 30.350194049450067 6.5
      vertex -12 30.5 6.5
    endloop
  endfacet
  facet normal 0.3826834323650898 -0.9238795325112868 0
    outer loop
      vertex 8 -32.5 4.550000000000001
      vertex 8 -32.5 0.25
      vertex 9.767766952966369 -31.76776695296637 0.25
    endloop
  endfacet
  facet normal -0.9238795325112868 -0.3826834323650898 0
    outer loop
      vertex 5.5 -30 4.550000000000001
      vertex 5.5 -30 0.25
      vertex 6.232233047033631 -31.76776695296637 0.25
    endloop
  endfacet
  facet normal -0.3826834323650898 -0.9238795325112868 0
    outer loop
      vertex 6.232233047033631 -31.76776695296637 4.550000000000001
      vertex 6.232233047033631 -31.76776695296637 0.25
      vertex 8 -32.5 0.25
    endloop
  endfacet
  facet normal -0.9238795325112868 0.3826834323650898 0
    outer loop
      vertex 6.232233047033631 -28.23223304703363 4.550000000000001
      vertex 6.232233047033631 -28.23223304703363 0.25
      vertex 5.5 -30 0.25
    endloop
  endfacet
  facet normal -0.3826834323650898 0.9238795325112868 0
    outer loop
      vertex 8 -27.5 4.550000000000001
      vertex 8 -27.5 0.25
      vertex 6.232233047033631 -28.23223304703363 0.25
    endloop
  endfacet
  facet normal 0.9238795325112868 -0.3826834323650898 0
    outer loop
      vertex 9.767766952966369 -31.76776695296637 4.550000000000001
      vertex 9.767766952966369 -31.76776695296637 0.25
      vertex 10.5 -30 0.25
    endloop
  endfacet
  facet normal 0.9238795325112868 0.3826834323650898 0
    outer loop
      vertex 10.5 -30 4.550000000000001
      vertex 10.5 -30 0.25
      vertex 9.767766952966369 -28.23223304703363 0.25
    endloop
  endfacet
  facet normal 0.3826834323650898 0.9238795325112868 0
    outer loop
      vertex 9.767766952966369 -28.23223304703363 4.550000000000001
      vertex 9.767766952966369 -28.23223304703363 0.25
      vertex 8 -27.5 0.25
    endloop
  endfacet
  facet normal -0.3826834323650898 -0.9238795325112868 0
    outer loop
      vertex 8 -32.5 4.550000000000001
      vertex 6.232233047033631 -31.76776695296637 4.550000000000001
      vertex 8 -32.5 0.25
    endloop
  endfacet
  facet normal -0.9238795325112868 0.3826834323650898 0
    outer loop
      vertex 5.5 -30 4.550000000000001
      vertex 6.232233047033631 -28.23223304703363 4.550000000000001
      vertex 5.5 -30 0.25
    endloop
  endfacet
  facet normal -0.9238795325112868 -0.3826834323650898 0
    outer loop
      vertex 5.5 -30 4.550000000000001
      vertex 6.232233047033631 -31.76776695296637 0.25
      vertex 6.232233047033631 -31.76776695296637 4.550000000000001
    endloop
  endfacet
  facet normal -0.3826834323650898 0.9238795325112868 0
    outer loop
      vertex 6.232233047033631 -28.23223304703363 4.550000000000001
      vertex 8 -27.5 4.550000000000001
      vertex 6.232233047033631 -28.23223304703363 0.25
    endloop
  endfacet
  facet normal 0.3826834323650898 -0.9238795325112868 0
    outer loop
      vertex 8 -32.5 4.550000000000001
      vertex 9.767766952966369 -31.76776695296637 0.25
      vertex 9.767766952966369 -31.76776695296637 4.550000000000001
    endloop
  endfacet
  facet normal 0.9238795325112868 -0.3826834323650898 0
    outer loop
      vertex 9.767766952966369 -31.76776695296637 4.550000000000001
      vertex 10.5 -30 0.25
      vertex 10.5 -30 4.550000000000001
    endloop
  endfacet
  facet normal 0.3826834323650898 0.9238795325112868 0
    outer loop
      vertex 8 -27.5 4.550000000000001
      vertex 9.767766952966369 -28.23223304703363 4.550000000000001
      vertex 8 -27.5 0.25
    endloop
  endfacet
  facet normal 0.9238795325112868 0.3826834323650898 0
    outer loop
      vertex 10.5 -30 4.550000000000001
      vertex 9.767766952966369 -28.23223304703363 0.25
      vertex 9.767766952966369 -28.23223304703363 4.550000000000001
    endloop
  endfacet
  facet normal -0.9238795325112868 -0.3826834323650898 0
    outer loop
      vertex 37.5 -32.5 4.550000000000001
      vertex 37.5 -32.5 0.25
      vertex 38.23223304703363 -34.26776695296637 0.25
    endloop
  endfacet
  facet normal -0.3826834323650898 -0.9238795325112868 0
    outer loop
      vertex 38.23223304703363 -34.26776695296637 4.550000000000001
      vertex 38.23223304703363 -34.26776695296637 0.25
      vertex 40 -35 0.25
    endloop
  endfacet
  facet normal 0.3826834323650898 -0.9238795325112868 0
    outer loop
      vertex 40 -35 4.550000000000001
      vertex 40 -35 0.25
      vertex 41.76776695296637 -34.26776695296637 0.25
    endloop
  endfacet
  facet normal 0.9238795325112868 -0.3826834323650898 0
    outer loop
      vertex 41.76776695296637 -34.26776695296637 4.550000000000001
      vertex 41.76776695296637 -34.26776695296637 0.25
      vertex 42.5 -32.5 0.25
    endloop
  endfacet
  facet normal -0.9238795325112868 0.3826834323650898 0
    outer loop
      vertex 38.23223304703363 -30.73223304703363 4.550000000000001
      vertex 38.23223304703363 -30.73223304703363 0.25
      vertex 37.5 -32.5 0.25
    endloop
  endfacet
  facet normal -0.3826834323650898 0.9238795325112868 0
    outer loop
      vertex 40 -30 4.550000000000001
      vertex 40 -30 0.25
      vertex 38.23223304703363 -30.73223304703363 0.25
    endloop
  endfacet
  facet normal 0.9238795325112868 0.3826834323650898 0
    outer loop
      vertex 42.5 -32.5 4.550000000000001
      vertex 42.5 -32.5 0.25
      vertex 41.76776695296637 -30.73223304703363 0.25
    endloop
  endfacet
  facet normal 0.3826834323650898 0.9238795325112868 0
    outer loop
      vertex 41.76776695296637 -30.73223304703363 4.550000000000001
      vertex 41.76776695296637 -30.73223304703363 0.25
      vertex 40 -30 0.25
    endloop
  endfacet
  facet normal -0.9238795325112868 -0.3826834323650898 0
    outer loop
      vertex 38.23223304703363 -34.26776695296637 4.550000000000001
      vertex 37.5 -32.5 4.550000000000001
      vertex 38.23223304703363 -34.26776695296637 0.25
    endloop
  endfacet
  facet normal -0.3826834323650898 -0.9238795325112868 0
    outer loop
      vertex 38.23223304703363 -34.26776695296637 4.550000000000001
      vertex 40 -35 0.25
      vertex 40 -35 4.550000000000001
    endloop
  endfacet
  facet normal 0.3826834323650898 -0.9238795325112868 0
    outer loop
      vertex 40 -35 4.550000000000001
      vertex 41.76776695296637 -34.26776695296637 0.25
      vertex 41.76776695296637 -34.26776695296637 4.550000000000001
    endloop
  endfacet
  facet normal 0.9238795325112868 -0.3826834323650898 0
    outer loop
      vertex 41.76776695296637 -34.26776695296637 4.550000000000001
      vertex 42.5 -32.5 0.25
      vertex 42.5 -32.5 4.550000000000001
    endloop
  endfacet
  facet normal -0.9238795325112868 0.3826834323650898 0
    outer loop
      vertex 37.5 -32.5 4.550000000000001
      vertex 38.23223304703363 -30.73223304703363 4.550000000000001
      vertex 37.5 -32.5 0.25
    endloop
  endfacet
  facet normal -0.3826834323650898 0.9238795325112868 0
    outer loop
      vertex 38.23223304703363 -30.73223304703363 4.550000000000001
      vertex 40 -30 4.550000000000001
      vertex 38.23223304703363 -30.73223304703363 0.25
    endloop
  endfacet
  facet normal 0.9238795325112868 0.3826834323650898 0
    outer loop
      vertex 42.5 -32.5 4.550000000000001
      vertex 41.76776695296637 -30.73223304703363 0.25
      vertex 41.76776695296637 -30.73223304703363 4.550000000000001
    endloop
  endfacet
  facet normal 0.3826834323650898 0.9238795325112868 0
    outer loop
      vertex 40 -30 4.550000000000001
      vertex 41.76776695296637 -30.73223304703363 4.550000000000001
      vertex 40 -30 0.25
    endloop
  endfacet
  facet normal 0 0 -1
    outer loop
      vertex 63.8 -7 1.75
      vertex 68 -2 1.75
      vertex 65.29289321881345 -7 1.75
    endloop
  endfacet
  facet normal 0 0 -1
    outer loop
      vertex 63.8 -7 1.75
      vertex 63.8 -2 1.75
      vertex 68 -2 1.75
    endloop
  endfacet
  facet normal 0 0 -1
    outer loop
      vertex 65.29289321881345 -7 1.75
      vertex 68 -2 1.75
      vertex 66.5 -6.5 1.75
    endloop
  endfacet
  facet normal 0 0 -1
    outer loop
      vertex 67.70710678118655 -7 1.75
      vertex 66.5 -6.5 1.75
      vertex 68 -2 1.75
    endloop
  endfacet
  facet normal 0 0 -1
    outer loop
      vertex 67.70710678118655 -7 1.75
      vertex 68 -2 1.75
      vertex 68 -7 1.75
    endloop
  endfacet
  facet normal 0 -1 0
    outer loop
      vertex 63.8 -7 1.75
      vertex 65.29289321881345 -7 1.75
      vertex 65.29289321881345 -7 4.550000000000001
    endloop
  endfacet
  facet normal 0 -1 0
    outer loop
      vertex 67.70710678118655 -7 1.75
      vertex 68 -7 1.75
      vertex 67.70710678118655 -7 4.550000000000001
    endloop
  endfacet
  facet normal -1 0 0
    outer loop
      vertex 63.8 -7 1.75
      vertex 63.8 -7 4.550000000000001
      vertex 63.8 -2 1.75
    endloop
  endfacet
  facet normal 0 1 0
    outer loop
      vertex 63.8 -2 1.75
      vertex 68 -2 4.550000000000001
      vertex 68 -2 1.75
    endloop
  endfacet
  facet normal 0 -1 0
    outer loop
      vertex 63.8 -7 1.75
      vertex 65.29289321881345 -7 4.550000000000001
      vertex 63.8 -7 4.550000000000001
    endloop
  endfacet
  facet normal 0 -1 0
    outer loop
      vertex 68 -7 1.75
      vertex 68 -7 4.550000000000001
      vertex 67.70710678118655 -7 4.550000000000001
    endloop
  endfacet
  facet normal -1 0 0
    outer loop
      vertex 63.8 -2 1.75
      vertex 63.8 -7 4.550000000000001
      vertex 63.8 -2 4.550000000000001
    endloop
  endfacet
  facet normal 0 1 0
    outer loop
      vertex 63.8 -2 1.75
      vertex 63.8 -2 4.550000000000001
      vertex 68 -2 4.550000000000001
    endloop
  endfacet
  facet normal 0 0 -1
    outer loop
      vertex 43.25 -7 1.75
      vertex 45.25 -2 1.75
      vertex 45.25 -7 1.75
    endloop
  endfacet
  facet normal 0 0 -1
    outer loop
      vertex 43.25 -7 1.75
      vertex 43.25 -2 1.75
      vertex 45.25 -2 1.75
    endloop
  endfacet
  facet normal 0 -1 0
    outer loop
      vertex 43.25 -7 1.75
      vertex 45.25 -7 1.75
      vertex 45.25 -7 4.550000000000001
    endloop
  endfacet
  facet normal -1 0 0
    outer loop
      vertex 43.25 -7 1.75
      vertex 43.25 -7 4.550000000000001
      vertex 43.25 -2 1.75
    endloop
  endfacet
  facet normal 1 0 0
    outer loop
      vertex 45.25 -7 1.75
      vertex 45.25 -2 1.75
      vertex 45.25 -2 4.550000000000001
    endloop
  endfacet
  facet normal 0 1 0
    outer loop
      vertex 43.25 -2 1.75
      vertex 43.25 -2 4.550000000000001
      vertex 45.25 -2 1.75
    endloop
  endfacet
  facet normal 0 -1 0
    outer loop
      vertex 43.25 -7 1.75
      vertex 45.25 -7 4.550000000000001
      vertex 43.25 -7 4.550000000000001
    endloop
  endfacet
  facet normal -1 0 0
    outer loop
      vertex 43.25 -2 1.75
      vertex 43.25 -7 4.550000000000001
      vertex 43.25 -2 4.550000000000001
    endloop
  endfacet
  facet normal 1 0 0
    outer loop
      vertex 45.25 -7 1.75
      vertex 45.25 -2 4.550000000000001
      vertex 45.25 -7 4.550000000000001
    endloop
  endfacet
  facet normal 0 1 0
    outer loop
      vertex 45.25 -2 1.75
      vertex 43.25 -2 4.550000000000001
      vertex 45.25 -2 4.550000000000001
    endloop
  endfacet
  facet normal 0 0 -1
    outer loop
      vertex 52.25 -11.25 1.75
      vertex 52.25 -7.25 1.75
      vertex 58.25 -7.25 1.75
    endloop
  endfacet
  facet normal 0 0 -1
    outer loop
      vertex 52.25 -11.25 1.75
      vertex 58.25 -7.25 1.75
      vertex 58.25 -11.25 1.75
    endloop
  endfacet
  facet normal -1 0 0
    outer loop
      vertex 52.25 -11.25 1.75
      vertex 52.25 -11.25 4.550000000000001
      vertex 52.25 -7.25 1.75
    endloop
  endfacet
  facet normal 0 1 0
    outer loop
      vertex 52.25 -7.25 1.75
      vertex 52.25 -7.25 4.550000000000001
      vertex 58.25 -7.25 1.75
    endloop
  endfacet
  facet normal 0 -1 0
    outer loop
      vertex 52.25 -11.25 1.75
      vertex 58.25 -11.25 1.75
      vertex 58.25 -11.25 4.550000000000001
    endloop
  endfacet
  facet normal 1 0 0
    outer loop
      vertex 58.25 -11.25 1.75
      vertex 58.25 -7.25 1.75
      vertex 58.25 -7.25 4.550000000000001
    endloop
  endfacet
  facet normal 0 -1 0
    outer loop
      vertex 52.25 -11.25 1.75
      vertex 58.25 -11.25 4.550000000000001
      vertex 52.25 -11.25 4.550000000000001
    endloop
  endfacet
  facet normal -1 0 0
    outer loop
      vertex 52.25 -7.25 1.75
      vertex 52.25 -11.25 4.550000000000001
      vertex 52.25 -7.25 4.550000000000001
    endloop
  endfacet
  facet normal 1 0 0
    outer loop
      vertex 58.25 -11.25 1.75
      vertex 58.25 -7.25 4.550000000000001
      vertex 58.25 -11.25 4.550000000000001
    endloop
  endfacet
  facet normal 0 1 0
    outer loop
      vertex 58.25 -7.25 1.75
      vertex 52.25 -7.25 4.550000000000001
      vertex 58.25 -7.25 4.550000000000001
    endloop
  endfacet
  facet normal -0.819152044288992 0.5735764363510459 0
    outer loop
      vertex 50 -35 1.75
      vertex 50 -35 4.550000000000001
      vertex 53.441458618106275 -30.08508773426605 1.75
    endloop
  endfacet
  facet normal 0 0 -1
    outer loop
      vertex 50 -35 1.75
      vertex 53.441458618106275 -30.08508773426605 1.75
      vertex 53.276608177155964 -37.29430574540419 1.75
    endloop
  endfacet
  facet normal 0 0 -1
    outer loop
      vertex 53.276608177155964 -37.29430574540419 1.75
      vertex 53.441458618106275 -30.08508773426605 1.75
      vertex 56.718066795262246 -32.379393479670235 1.75
    endloop
  endfacet
  facet normal -0.573576436351047 -0.8191520442889911 0
    outer loop
      vertex 50 -35 1.75
      vertex 53.276608177155964 -37.29430574540419 1.75
      vertex 53.276608177155964 -37.29430574540419 4.550000000000001
    endloop
  endfacet
  facet normal 0.8191520442889915 -0.5735764363510465 0
    outer loop
      vertex 53.276608177155964 -37.29430574540419 1.75
      vertex 56.718066795262246 -32.379393479670235 1.75
      vertex 56.718066795262246 -32.379393479670235 4.550000000000001
    endloop
  endfacet
  facet normal 0.5735764363510456 0.8191520442889922 0
    outer loop
      vertex 56.718066795262246 -32.379393479670235 1.75
      vertex 53.441458618106275 -30.08508773426605 1.75
      vertex 53.441458618106275 -30.08508773426605 4.550000000000001
    endloop
  endfacet
  facet normal -0.573576436351047 -0.8191520442889911 0
    outer loop
      vertex 50 -35 1.75
      vertex 53.276608177155964 -37.29430574540419 4.550000000000001
      vertex 50 -35 4.550000000000001
    endloop
  endfacet
  facet normal 0.8191520442889915 -0.5735764363510465 0
    outer loop
      vertex 53.276608177155964 -37.29430574540419 1.75
      vertex 56.718066795262246 -32.379393479670235 4.550000000000001
      vertex 53.276608177155964 -37.29430574540419 4.550000000000001
    endloop
  endfacet
  facet normal -0.819152044288992 0.5735764363510459 0
    outer loop
      vertex 53.441458618106275 -30.08508773426605 1.75
      vertex 50 -35 4.550000000000001
      vertex 53.441458618106275 -30.08508773426605 4.550000000000001
    endloop
  endfacet
  facet normal 0.5735764363510456 0.8191520442889922 0
    outer loop
      vertex 56.718066795262246 -32.379393479670235 1.75
      vertex 53.441458618106275 -30.08508773426605 4.550000000000001
      vertex 56.718066795262246 -32.379393479670235 4.550000000000001
    endloop
  endfacet
  facet normal 0 0 -1
    outer loop
      vertex 68 -49 1.75
      vertex 71.44145861810628 -44.08508773426605 1.75
      vertex 71.27660817715596 -51.29430574540419 1.75
    endloop
  endfacet
  facet normal 0 0 -1
    outer loop
      vertex 71.27660817715596 -51.29430574540419 1.75
      vertex 71.44145861810628 -44.08508773426605 1.75
      vertex 74.71806679526225 -46.379393479670235 1.75
    endloop
  endfacet
  facet normal -0.573576436351047 -0.8191520442889911 0
    outer loop
      vertex 68 -49 1.75
      vertex 71.27660817715596 -51.29430574540419 1.75
      vertex 71.27660817715596 -51.29430574540419 4.550000000000001
    endloop
  endfacet
  facet normal -0.8191520442889915 0.5735764363510465 0
    outer loop
      vertex 68 -49 1.75
      vertex 68 -49 4.550000000000001
      vertex 71.44145861810628 -44.08508773426605 1.75
    endloop
  endfacet
  facet normal 0.8191520442889915 -0.5735764363510465 0
    outer loop
      vertex 71.27660817715596 -51.29430574540419 1.75
      vertex 74.71806679526225 -46.379393479670235 1.75
      vertex 74.71806679526225 -46.379393479670235 4.550000000000001
    endloop
  endfacet
  facet normal 0.573576436351047 0.8191520442889911 0
    outer loop
      vertex 74.71806679526225 -46.379393479670235 1.75
      vertex 71.44145861810628 -44.08508773426605 1.75
      vertex 71.44145861810628 -44.08508773426605 4.550000000000001
    endloop
  endfacet
  facet normal -0.573576436351047 -0.8191520442889911 0
    outer loop
      vertex 68 -49 1.75
      vertex 71.27660817715596 -51.29430574540419 4.550000000000001
      vertex 68 -49 4.550000000000001
    endloop
  endfacet
  facet normal 0.8191520442889915 -0.5735764363510465 0
    outer loop
      vertex 71.27660817715596 -51.29430574540419 1.75
      vertex 74.71806679526225 -46.379393479670235 4.550000000000001
      vertex 71.27660817715596 -51.29430574540419 4.550000000000001
    endloop
  endfacet
  facet normal -0.8191520442889915 0.5735764363510465 0
    outer loop
      vertex 71.44145861810628 -44.08508773426605 1.75
      vertex 68 -49 4.550000000000001
      vertex 71.44145861810628 -44.08508773426605 4.550000000000001
    endloop
  endfacet
  facet normal 0.573576436351047 0.8191520442889911 0
    outer loop
      vertex 74.71806679526225 -46.379393479670235 1.75
      vertex 71.44145861810628 -44.08508773426605 4.550000000000001
      vertex 74.71806679526225 -46.379393479670235 4.550000000000001
    endloop
  endfacet
  facet normal 0 0 -1
    outer loop
      vertex 63.71812862004589 -49.53007010891464 1.75
      vertex 53.397152872702094 -39.86169591142202 1.75
      vertex 64.86528149274798 -47.89176602033666 1.75
    endloop
  endfacet
  facet normal -0.5735764363510458 -0.8191520442889919 0
    outer loop
      vertex 63.71812862004589 -49.53007010891464 1.75
      vertex 63.71812862004589 -49.53007010891464 4.550000000000001
      vertex 52.25 -41.5 1.75
    endloop
  endfacet
  facet normal 0.5735764363510458 0.8191520442889919 0
    outer loop
      vertex 64.86528149274798 -47.89176602033666 1.75
      vertex 53.397152872702094 -39.86169591142202 1.75
      vertex 64.86528149274798 -47.89176602033666 4.550000000000001
    endloop
  endfacet
  facet normal 0.8191520442889911 -0.573576436351047 0
    outer loop
      vertex 63.71812862004589 -49.53007010891464 1.75
      vertex 64.86528149274798 -47.89176602033666 1.75
      vertex 64.86528149274798 -47.89176602033666 4.550000000000001
    endloop
  endfacet
  facet normal 0 0 -1
    outer loop
      vertex 63.71812862004589 -49.53007010891464 1.75
      vertex 52.25 -41.5 1.75
      vertex 53.397152872702094 -39.86169591142202 1.75
    endloop
  endfacet
  facet normal -0.8191520442889911 0.573576436351047 0
    outer loop
      vertex 52.25 -41.5 1.75
      vertex 52.25 -41.5 4.550000000000001
      vertex 53.397152872702094 -39.86169591142202 1.75
    endloop
  endfacet
  facet normal 0.8191520442889911 -0.573576436351047 0
    outer loop
      vertex 63.71812862004589 -49.53007010891464 1.75
      vertex 64.86528149274798 -47.89176602033666 4.550000000000001
      vertex 63.71812862004589 -49.53007010891464 4.550000000000001
    endloop
  endfacet
  facet normal -0.8191520442889911 0.573576436351047 0
    outer loop
      vertex 53.397152872702094 -39.86169591142202 1.75
      vertex 52.25 -41.5 4.550000000000001
      vertex 53.397152872702094 -39.86169591142202 4.550000000000001
    endloop
  endfacet
  facet normal -0.5735764363510458 -0.8191520442889919 0
    outer loop
      vertex 52.25 -41.5 1.75
      vertex 63.71812862004589 -49.53007010891464 4.550000000000001
      vertex 52.25 -41.5 4.550000000000001
    endloop
  endfacet
  facet normal 0.5735764363510458 0.8191520442889919 0
    outer loop
      vertex 53.397152872702094 -39.86169591142202 1.75
      vertex 53.397152872702094 -39.86169591142202 4.550000000000001
      vertex 64.86528149274798 -47.89176602033666 4.550000000000001
    endloop
  endfacet
  facet normal 1 0 0
    outer loop
      vertex 39.211208430484426 -33.07309062098516 5
      vertex 39.211208430484426 -33.07309062098516 0.25
      vertex 39.211208430484426 -31.926909379014837 0.25
    endloop
  endfacet
  facet normal 0.30901699437494395 0.9510565162951548 0
    outer loop
      vertex 40.30129156951558 -33.42728010338777 5
      vertex 40.30129156951558 -33.42728010338777 0.25
      vertex 39.211208430484426 -33.07309062098516 0.25
    endloop
  endfacet
  facet normal -0.8090169943749475 0.587785252292473 0
    outer loop
      vertex 40.975 -32.5 5
      vertex 40.975 -32.5 0.25
      vertex 40.30129156951558 -33.42728010338777 0.25
    endloop
  endfacet
  facet normal 0.3090169943749468 -0.9510565162951539 0
    outer loop
      vertex 39.211208430484426 -31.926909379014837 5
      vertex 39.211208430484426 -31.926909379014837 0.25
      vertex 40.30129156951558 -31.572719896612224 0.25
    endloop
  endfacet
  facet normal -0.8090169943749486 -0.5877852522924716 0
    outer loop
      vertex 40.30129156951558 -31.572719896612224 5
      vertex 40.30129156951558 -31.572719896612224 0.25
      vertex 40.975 -32.5 0.25
    endloop
  endfacet
  facet normal 1 0 0
    outer loop
      vertex 39.211208430484426 -33.07309062098516 5
      vertex 39.211208430484426 -31.926909379014837 0.25
      vertex 39.211208430484426 -31.926909379014837 5
    endloop
  endfacet
  facet normal 0.30901699437494395 0.9510565162951548 0
    outer loop
      vertex 39.211208430484426 -33.07309062098516 5
      vertex 40.30129156951558 -33.42728010338777 5
      vertex 39.211208430484426 -33.07309062098516 0.25
    endloop
  endfacet
  facet normal -0.8090169943749475 0.587785252292473 0
    outer loop
      vertex 40.30129156951558 -33.42728010338777 5
      vertex 40.975 -32.5 5
      vertex 40.30129156951558 -33.42728010338777 0.25
    endloop
  endfacet
  facet normal -0.8090169943749486 -0.5877852522924716 0
    outer loop
      vertex 40.975 -32.5 5
      vertex 40.30129156951558 -31.572719896612224 5
      vertex 40.975 -32.5 0.25
    endloop
  endfacet
  facet normal 0.3090169943749468 -0.9510565162951539 0
    outer loop
      vertex 39.211208430484426 -31.926909379014837 5
      vertex 40.30129156951558 -31.572719896612224 0.25
      vertex 40.30129156951558 -31.572719896612224 5
    endloop
  endfacet
  facet normal 0 0 -1
    outer loop
      vertex 39.211208430484426 -33.07309062098516 5
      vertex 39.211208430484426 -31.926909379014837 5
      vertex 40.30129156951558 -33.42728010338777 5
    endloop
  endfacet
  facet normal 0 0 -1
    outer loop
      vertex 40.30129156951558 -33.42728010338777 5
      vertex 39.211208430484426 -31.926909379014837 5
      vertex 40.30129156951558 -31.572719896612224 5
    endloop
  endfacet
  facet normal 0 0 -1
    outer loop
      vertex 40.30129156951558 -33.42728010338777 5
      vertex 40.30129156951558 -31.572719896612224 5
      vertex 40.975 -32.5 5
    endloop
  endfacet
  facet normal 0.3090169943749477 0.9510565162951535 0
    outer loop
      vertex 8.301291569515573 -30.927280103387776 5
      vertex 8.301291569515573 -30.927280103387776 0.25
      vertex 7.211208430484426 -30.573090620985163 0.25
    endloop
  endfacet
  facet normal 1 0 0
    outer loop
      vertex 7.211208430484426 -30.573090620985163 5
      vertex 7.211208430484426 -30.573090620985163 0.25
      vertex 7.211208430484426 -29.426909379014837 0.25
    endloop
  endfacet
  facet normal 0.3090169943749477 -0.9510565162951535 0
    outer loop
      vertex 7.211208430484426 -29.426909379014837 5
      vertex 7.211208430484426 -29.426909379014837 0.25
      vertex 8.301291569515573 -29.072719896612224 0.25
    endloop
  endfacet
  facet normal -0.809016994374948 0.5877852522924726 0
    outer loop
      vertex 8.975 -30 5
      vertex 8.975 -30 0.25
      vertex 8.301291569515573 -30.927280103387776 0.25
    endloop
  endfacet
  facet normal -0.809016994374948 -0.5877852522924726 0
    outer loop
      vertex 8.301291569515573 -29.072719896612224 5
      vertex 8.301291569515573 -29.072719896612224 0.25
      vertex 8.975 -30 0.25
    endloop
  endfacet
  facet normal 0.3090169943749477 0.9510565162951535 0
    outer loop
      vertex 7.211208430484426 -30.573090620985163 5
      vertex 8.301291569515573 -30.927280103387776 5
      vertex 7.211208430484426 -30.573090620985163 0.25
    endloop
  endfacet
  facet normal 1 0 0
    outer loop
      vertex 7.211208430484426 -30.573090620985163 5
      vertex 7.211208430484426 -29.426909379014837 0.25
      vertex 7.211208430484426 -29.426909379014837 5
    endloop
  endfacet
  facet normal 0.3090169943749477 -0.9510565162951535 0
    outer loop
      vertex 7.211208430484426 -29.426909379014837 5
      vertex 8.301291569515573 -29.072719896612224 0.25
      vertex 8.301291569515573 -29.072719896612224 5
    endloop
  endfacet
  facet normal -0.809016994374948 0.5877852522924726 0
    outer loop
      vertex 8.301291569515573 -30.927280103387776 5
      vertex 8.975 -30 5
      vertex 8.301291569515573 -30.927280103387776 0.25
    endloop
  endfacet
  facet normal -0.809016994374948 -0.5877852522924726 0
    outer loop
      vertex 8.975 -30 5
      vertex 8.301291569515573 -29.072719896612224 5
      vertex 8.975 -30 0.25
    endloop
  endfacet
  facet normal 0 0 -1
    outer loop
      vertex 7.211208430484426 -30.573090620985163 5
      vertex 7.211208430484426 -29.426909379014837 5
      vertex 8.301291569515573 -30.927280103387776 5
    endloop
  endfacet
  facet normal 0 0 -1
    outer loop
      vertex 7.211208430484426 -29.426909379014837 5
      vertex 8.301291569515573 -29.072719896612224 5
      vertex 8.301291569515573 -30.927280103387776 5
    endloop
  endfacet
  facet normal 0 0 -1
    outer loop
      vertex 8.301291569515573 -30.927280103387776 5
      vertex 8.301291569515573 -29.072719896612224 5
      vertex 8.975 -30 5
    endloop
  endfacet
  facet normal 1 0 0
    outer loop
      vertex -12.788791569515574 27.426909379014837 5
      vertex -12.788791569515574 27.426909379014837 0.25
      vertex -12.788791569515574 28.573090620985163 0.25
    endloop
  endfacet
  facet normal 0.3090169943749477 0.9510565162951535 0
    outer loop
      vertex -11.698708430484427 27.072719896612224 5
      vertex -11.698708430484427 27.072719896612224 0.25
      vertex -12.788791569515574 27.426909379014837 0.25
    endloop
  endfacet
  facet normal -0.809016994374948 0.5877852522924726 0
    outer loop
      vertex -11.025 28 5
      vertex -11.025 28 0.25
      vertex -11.698708430484427 27.072719896612224 0.25
    endloop
  endfacet
  facet normal 0.3090169943749477 -0.9510565162951535 0
    outer loop
      vertex -12.788791569515574 28.573090620985163 5
      vertex -12.788791569515574 28.573090620985163 0.25
      vertex -11.698708430484427 28.927280103387776 0.25
    endloop
  endfacet
  facet normal -0.809016994374948 -0.5877852522924726 0
    outer loop
      vertex -11.698708430484427 28.927280103387776 5
      vertex -11.698708430484427 28.927280103387776 0.25
      vertex -11.025 28 0.25
    endloop
  endfacet
  facet normal 0.3090169943749477 0.9510565162951535 0
    outer loop
      vertex -12.788791569515574 27.426909379014837 5
      vertex -11.698708430484427 27.072719896612224 5
      vertex -12.788791569515574 27.426909379014837 0.25
    endloop
  endfacet
  facet normal 1 0 0
    outer loop
      vertex -12.788791569515574 27.426909379014837 5
      vertex -12.788791569515574 28.573090620985163 0.25
      vertex -12.788791569515574 28.573090620985163 5
    endloop
  endfacet
  facet normal -0.809016994374948 0.5877852522924726 0
    outer loop
      vertex -11.698708430484427 27.072719896612224 5
      vertex -11.025 28 5
      vertex -11.698708430484427 27.072719896612224 0.25
    endloop
  endfacet
  facet normal -0.809016994374948 -0.5877852522924726 0
    outer loop
      vertex -11.025 28 5
      vertex -11.698708430484427 28.927280103387776 5
      vertex -11.025 28 0.25
    endloop
  endfacet
  facet normal 0.3090169943749477 -0.9510565162951535 0
    outer loop
      vertex -12.788791569515574 28.573090620985163 5
      vertex -11.698708430484427 28.927280103387776 0.25
      vertex -11.698708430484427 28.927280103387776 5
    endloop
  endfacet
  facet normal 0 0 -1
    outer loop
      vertex -12.788791569515574 27.426909379014837 5
      vertex -12.788791569515574 28.573090620985163 5
      vertex -11.698708430484427 27.072719896612224 5
    endloop
  endfacet
  facet normal 0 0 -1
    outer loop
      vertex -12.788791569515574 28.573090620985163 5
      vertex -11.698708430484427 28.927280103387776 5
      vertex -11.698708430484427 27.072719896612224 5
    endloop
  endfacet
  facet normal 0 0 -1
    outer loop
      vertex -11.698708430484427 27.072719896612224 5
      vertex -11.698708430484427 28.927280103387776 5
      vertex -11.025 28 5
    endloop
  endfacet
  facet normal 1 0 0
    outer loop
      vertex 21.711208430484426 27.426909379014837 5
      vertex 21.711208430484426 27.426909379014837 0.25
      vertex 21.711208430484426 28.573090620985163 0.25
    endloop
  endfacet
  facet normal 0.3090169943749477 0.9510565162951535 0
    outer loop
      vertex 22.801291569515573 27.072719896612224 5
      vertex 22.801291569515573 27.072719896612224 0.25
      vertex 21.711208430484426 27.426909379014837 0.25
    endloop
  endfacet
  facet normal -0.8090169943749471 0.5877852522924736 0
    outer loop
      vertex 23.475 28 5
      vertex 23.475 28 0.25
      vertex 22.801291569515573 27.072719896612224 0.25
    endloop
  endfacet
  facet normal 0.3090169943749477 -0.9510565162951535 0
    outer loop
      vertex 21.711208430484426 28.573090620985163 5
      vertex 21.711208430484426 28.573090620985163 0.25
      vertex 22.801291569515573 28.927280103387776 0.25
    endloop
  endfacet
  facet normal -0.8090169943749471 -0.5877852522924736 0
    outer loop
      vertex 22.801291569515573 28.927280103387776 5
      vertex 22.801291569515573 28.927280103387776 0.25
      vertex 23.475 28 0.25
    endloop
  endfacet
  facet normal 0.3090169943749477 0.9510565162951535 0
    outer loop
      vertex 21.711208430484426 27.426909379014837 5
      vertex 22.801291569515573 27.072719896612224 5
      vertex 21.711208430484426 27.426909379014837 0.25
    endloop
  endfacet
  facet normal 1 0 0
    outer loop
      vertex 21.711208430484426 27.426909379014837 5
      vertex 21.711208430484426 28.573090620985163 0.25
      vertex 21.711208430484426 28.573090620985163 5
    endloop
  endfacet
  facet normal -0.8090169943749471 0.5877852522924736 0
    outer loop
      vertex 22.801291569515573 27.072719896612224 5
      vertex 23.475 28 5
      vertex 22.801291569515573 27.072719896612224 0.25
    endloop
  endfacet
  facet normal -0.8090169943749471 -0.5877852522924736 0
    outer loop
      vertex 23.475 28 5
      vertex 22.801291569515573 28.927280103387776 5
      vertex 23.475 28 0.25
    endloop
  endfacet
  facet normal 0.3090169943749477 -0.9510565162951535 0
    outer loop
      vertex 21.711208430484426 28.573090620985163 5
      vertex 22.801291569515573 28.927280103387776 0.25
      vertex 22.801291569515573 28.927280103387776 5
    endloop
  endfacet
  facet normal 0 0 -1
    outer loop
      vertex 21.711208430484426 27.426909379014837 5
      vertex 21.711208430484426 28.573090620985163 5
      vertex 22.801291569515573 27.072719896612224 5
    endloop
  endfacet
  facet normal 0 0 -1
    outer loop
      vertex 21.711208430484426 28.573090620985163 5
      vertex 22.801291569515573 28.927280103387776 5
      vertex 22.801291569515573 27.072719896612224 5
    endloop
  endfacet
  facet normal 0 0 -1
    outer loop
      vertex 22.801291569515573 27.072719896612224 5
      vertex 22.801291569515573 28.927280103387776 5
      vertex 23.475 28 5
    endloop
  endfacet
  facet normal 0.3090169943749468 0.9510565162951539 0
    outer loop
      vertex 42.80129156951558 27.572719896612224 5
      vertex 42.80129156951558 27.572719896612224 0.25
      vertex 41.711208430484426 27.926909379014837 0.25
    endloop
  endfacet
  facet normal 1 0 0
    outer loop
      vertex 41.711208430484426 27.926909379014837 5
      vertex 41.711208430484426 27.926909379014837 0.25
      vertex 41.711208430484426 29.073090620985163 0.25
    endloop
  endfacet
  facet normal 0.3090169943749468 -0.9510565162951539 0
    outer loop
      vertex 41.711208430484426 29.073090620985163 5
      vertex 41.711208430484426 29.073090620985163 0.25
      vertex 42.80129156951558 29.427280103387776 0.25
    endloop
  endfacet
  facet normal -0.8090169943749486 0.5877852522924716 0
    outer loop
      vertex 43.475 28.5 5
      vertex 43.475 28.5 0.25
      vertex 42.80129156951558 27.572719896612224 0.25
    endloop
  endfacet
  facet normal -0.8090169943749486 -0.5877852522924716 0
    outer loop
      vertex 42.80129156951558 29.427280103387776 5
      vertex 42.80129156951558 29.427280103387776 0.25
      vertex 43.475 28.5 0.25
    endloop
  endfacet
  facet normal 0.3090169943749468 0.9510565162951539 0
    outer loop
      vertex 41.711208430484426 27.926909379014837 5
      vertex 42.80129156951558 27.572719896612224 5
      vertex 41.711208430484426 27.926909379014837 0.25
    endloop
  endfacet
  facet normal 1 0 0
    outer loop
      vertex 41.711208430484426 27.926909379014837 5
      vertex 41.711208430484426 29.073090620985163 0.25
      vertex 41.711208430484426 29.073090620985163 5
    endloop
  endfacet
  facet normal 0.3090169943749468 -0.9510565162951539 0
    outer loop
      vertex 41.711208430484426 29.073090620985163 5
      vertex 42.80129156951558 29.427280103387776 0.25
      vertex 42.80129156951558 29.427280103387776 5
    endloop
  endfacet
  facet normal -0.8090169943749486 0.5877852522924716 0
    outer loop
      vertex 42.80129156951558 27.572719896612224 5
      vertex 43.475 28.5 5
      vertex 42.80129156951558 27.572719896612224 0.25
    endloop
  endfacet
  facet normal -0.8090169943749486 -0.5877852522924716 0
    outer loop
      vertex 43.475 28.5 5
      vertex 42.80129156951558 29.427280103387776 5
      vertex 43.475 28.5 0.25
    endloop
  endfacet
  facet normal 0 0 -1
    outer loop
      vertex 41.711208430484426 27.926909379014837 5
      vertex 41.711208430484426 29.073090620985163 5
      vertex 42.80129156951558 27.572719896612224 5
    endloop
  endfacet
  facet normal 0 0 -1
    outer loop
      vertex 41.711208430484426 29.073090620985163 5
      vertex 42.80129156951558 29.427280103387776 5
      vertex 42.80129156951558 27.572719896612224 5
    endloop
  endfacet
  facet normal 0 0 -1
    outer loop
      vertex 42.80129156951558 27.572719896612224 5
      vertex 42.80129156951558 29.427280103387776 5
      vertex 43.475 28.5 5
    endloop
  endfacet
  facet normal 1 0 0
    outer loop
      vertex 65.71120843048443 27.926909379014837 5
      vertex 65.71120843048443 27.926909379014837 0.25
      vertex 65.71120843048443 29.073090620985163 0.25
    endloop
  endfacet
  facet normal 0.3090169943749504 0.9510565162951526 0
    outer loop
      vertex 66.80129156951557 27.572719896612224 5
      vertex 66.80129156951557 27.572719896612224 0.25
      vertex 65.71120843048443 27.926909379014837 0.25
    endloop
  endfacet
  facet normal -0.8090169943749486 0.5877852522924716 0
    outer loop
      vertex 67.475 28.5 5
      vertex 67.475 28.5 0.25
      vertex 66.80129156951557 27.572719896612224 0.25
    endloop
  endfacet
  facet normal 0.3090169943749504 -0.9510565162951526 0
    outer loop
      vertex 65.71120843048443 29.073090620985163 5
      vertex 65.71120843048443 29.073090620985163 0.25
      vertex 66.80129156951557 29.427280103387776 0.25
    endloop
  endfacet
  facet normal -0.8090169943749486 -0.5877852522924716 0
    outer loop
      vertex 66.80129156951557 29.427280103387776 5
      vertex 66.80129156951557 29.427280103387776 0.25
      vertex 67.475 28.5 0.25
    endloop
  endfacet
  facet normal 0.3090169943749504 0.9510565162951526 0
    outer loop
      vertex 65.71120843048443 27.926909379014837 5
      vertex 66.80129156951557 27.572719896612224 5
      vertex 65.71120843048443 27.926909379014837 0.25
    endloop
  endfacet
  facet normal -0.8090169943749486 0.5877852522924716 0
    outer loop
      vertex 66.80129156951557 27.572719896612224 5
      vertex 67.475 28.5 5
      vertex 66.80129156951557 27.572719896612224 0.25
    endloop
  endfacet
  facet normal 1 0 0
    outer loop
      vertex 65.71120843048443 27.926909379014837 5
      vertex 65.71120843048443 29.073090620985163 0.25
      vertex 65.71120843048443 29.073090620985163 5
    endloop
  endfacet
  facet normal 0.3090169943749504 -0.9510565162951526 0
    outer loop
      vertex 65.71120843048443 29.073090620985163 5
      vertex 66.80129156951557 29.427280103387776 0.25
      vertex 66.80129156951557 29.427280103387776 5
    endloop
  endfacet
  facet normal -0.8090169943749486 -0.5877852522924716 0
    outer loop
      vertex 67.475 28.5 5
      vertex 66.80129156951557 29.427280103387776 5
      vertex 67.475 28.5 0.25
    endloop
  endfacet
  facet normal 0 0 -1
    outer loop
      vertex 65.71120843048443 27.926909379014837 5
      vertex 65.71120843048443 29.073090620985163 5
      vertex 66.80129156951557 27.572719896612224 5
    endloop
  endfacet
  facet normal 0 0 -1
    outer loop
      vertex 66.80129156951557 27.572719896612224 5
      vertex 66.80129156951557 29.427280103387776 5
      vertex 67.475 28.5 5
    endloop
  endfacet
  facet normal 0 0 -1
    outer loop
      vertex 66.80129156951557 27.572719896612224 5
      vertex 65.71120843048443 29.073090620985163 5
      vertex 66.80129156951557 29.427280103387776 5
    endloop
  endfacet
  facet normal 0.3090169943749504 0.9510565162951526 0
    outer loop
      vertex 66.80129156951557 -9.927280103387774 5
      vertex 66.80129156951557 -9.927280103387774 0.25
      vertex 65.71120843048443 -9.57309062098516 0.25
    endloop
  endfacet
  facet normal 1 0 0
    outer loop
      vertex 65.71120843048443 -9.57309062098516 5
      vertex 65.71120843048443 -9.57309062098516 0.25
      vertex 65.71120843048443 -8.42690937901484 0.25
    endloop
  endfacet
  facet normal 0.3090169943749504 -0.9510565162951526 0
    outer loop
      vertex 65.71120843048443 -8.42690937901484 5
      vertex 65.71120843048443 -8.42690937901484 0.25
      vertex 66.80129156951557 -8.072719896612226 0.25
    endloop
  endfacet
  facet normal -0.8090169943749481 0.5877852522924722 0
    outer loop
      vertex 67.475 -9 5
      vertex 67.475 -9 0.25
      vertex 66.80129156951557 -9.927280103387774 0.25
    endloop
  endfacet
  facet normal -0.8090169943749481 -0.5877852522924722 0
    outer loop
      vertex 66.80129156951557 -8.072719896612226 5
      vertex 66.80129156951557 -8.072719896612226 0.25
      vertex 67.475 -9 0.25
    endloop
  endfacet
  facet normal 0.3090169943749504 0.9510565162951526 0
    outer loop
      vertex 66.80129156951557 -9.927280103387774 5
      vertex 65.71120843048443 -9.57309062098516 0.25
      vertex 65.71120843048443 -9.57309062098516 5
    endloop
  endfacet
  facet normal 1 0 0
    outer loop
      vertex 65.71120843048443 -9.57309062098516 5
      vertex 65.71120843048443 -8.42690937901484 0.25
      vertex 65.71120843048443 -8.42690937901484 5
    endloop
  endfacet
  facet normal -0.8090169943749481 0.5877852522924722 0
    outer loop
      vertex 66.80129156951557 -9.927280103387774 5
      vertex 67.475 -9 5
      vertex 66.80129156951557 -9.927280103387774 0.25
    endloop
  endfacet
  facet normal 0.3090169943749504 -0.9510565162951526 0
    outer loop
      vertex 65.71120843048443 -8.42690937901484 5
      vertex 66.80129156951557 -8.072719896612226 0.25
      vertex 66.80129156951557 -8.072719896612226 5
    endloop
  endfacet
  facet normal -0.8090169943749481 -0.5877852522924722 0
    outer loop
      vertex 67.475 -9 5
      vertex 66.80129156951557 -8.072719896612226 5
      vertex 67.475 -9 0.25
    endloop
  endfacet
  facet normal 0 0 -1
    outer loop
      vertex 66.80129156951557 -9.927280103387774 5
      vertex 65.71120843048443 -9.57309062098516 5
      vertex 65.71120843048443 -8.42690937901484 5
    endloop
  endfacet
  facet normal 0 0 -1
    outer loop
      vertex 66.80129156951557 -9.927280103387774 5
      vertex 66.80129156951557 -8.072719896612226 5
      vertex 67.475 -9 5
    endloop
  endfacet
  facet normal 0 0 -1
    outer loop
      vertex 66.80129156951557 -9.927280103387774 5
      vertex 65.71120843048443 -8.42690937901484 5
      vertex 66.80129156951557 -8.072719896612226 5
    endloop
  endfacet
  facet normal 0.3090169943749468 0.9510565162951539 0
    outer loop
      vertex 60.80129156951558 -19.927280103387776 5
      vertex 60.80129156951558 -19.927280103387776 0.25
      vertex 59.711208430484426 -19.573090620985163 0.25
    endloop
  endfacet
  facet normal 0.3090169943749468 0.9510565162951539 0
    outer loop
      vertex 59.711208430484426 -19.573090620985163 5
      vertex 60.80129156951558 -19.927280103387776 5
      vertex 59.711208430484426 -19.573090620985163 0.25
    endloop
  endfacet
  facet normal -0.8090169943749486 0.5877852522924716 0
    outer loop
      vertex 60.80129156951558 -19.927280103387776 5
      vertex 61.475 -19 5
      vertex 60.80129156951558 -19.927280103387776 0.25
    endloop
  endfacet
  facet normal 1 0 0
    outer loop
      vertex 59.711208430484426 -19.573090620985163 5
      vertex 59.711208430484426 -19.573090620985163 0.25
      vertex 59.711208430484426 -18.426909379014837 0.25
    endloop
  endfacet
  facet normal 0.3090169943749468 -0.9510565162951539 0
    outer loop
      vertex 59.711208430484426 -18.426909379014837 5
      vertex 59.711208430484426 -18.426909379014837 0.25
      vertex 60.80129156951558 -18.072719896612224 0.25
    endloop
  endfacet
  facet normal -0.8090169943749486 0.5877852522924716 0
    outer loop
      vertex 61.475 -19 5
      vertex 61.475 -19 0.25
      vertex 60.80129156951558 -19.927280103387776 0.25
    endloop
  endfacet
  facet normal -0.8090169943749486 -0.5877852522924716 0
    outer loop
      vertex 60.80129156951558 -18.072719896612224 5
      vertex 60.80129156951558 -18.072719896612224 0.25
      vertex 61.475 -19 0.25
    endloop
  endfacet
  facet normal 1 0 0
    outer loop
      vertex 59.711208430484426 -19.573090620985163 5
      vertex 59.711208430484426 -18.426909379014837 0.25
      vertex 59.711208430484426 -18.426909379014837 5
    endloop
  endfacet
  facet normal 0.3090169943749468 -0.9510565162951539 0
    outer loop
      vertex 59.711208430484426 -18.426909379014837 5
      vertex 60.80129156951558 -18.072719896612224 0.25
      vertex 60.80129156951558 -18.072719896612224 5
    endloop
  endfacet
  facet normal -0.8090169943749486 -0.5877852522924716 0
    outer loop
      vertex 60.80129156951558 -18.072719896612224 5
      vertex 61.475 -19 0.25
      vertex 61.475 -19 5
    endloop
  endfacet
  facet normal 0 0 -1
    outer loop
      vertex 59.711208430484426 -19.573090620985163 5
      vertex 59.711208430484426 -18.426909379014837 5
      vertex 60.80129156951558 -19.927280103387776 5
    endloop
  endfacet
  facet normal 0 0 -1
    outer loop
      vertex 60.80129156951558 -19.927280103387776 5
      vertex 59.711208430484426 -18.426909379014837 5
      vertex 60.80129156951558 -18.072719896612224 5
    endloop
  endfacet
  facet normal 0 0 -1
    outer loop
      vertex 60.80129156951558 -19.927280103387776 5
      vertex 60.80129156951558 -18.072719896612224 5
      vertex 61.475 -19 5
    endloop
  endfacet
  facet normal 0.3090169943749476 0.9510565162951535 0
    outer loop
      vertex 81.50129156951557 -36.527280103387774 5
      vertex 81.50129156951557 -36.527280103387774 0.25
      vertex 80.41120843048444 -36.173090620985164 0.25
    endloop
  endfacet
  facet normal 1 0 0
    outer loop
      vertex 80.41120843048444 -36.173090620985164 5
      vertex 80.41120843048444 -36.173090620985164 0.25
      vertex 80.41120843048444 -35.02690937901484 0.25
    endloop
  endfacet
  facet normal 0.3090169943749476 -0.9510565162951535 0
    outer loop
      vertex 80.41120843048444 -35.02690937901484 5
      vertex 80.41120843048444 -35.02690937901484 0.25
      vertex 81.50129156951557 -34.67271989661223 0.25
    endloop
  endfacet
  facet normal -0.8090169943749475 0.587785252292473 0
    outer loop
      vertex 82.175 -35.6 5
      vertex 82.175 -35.6 0.25
      vertex 81.50129156951557 -36.527280103387774 0.25
    endloop
  endfacet
  facet normal -0.8090169943749475 -0.587785252292473 0
    outer loop
      vertex 81.50129156951557 -34.67271989661223 5
      vertex 81.50129156951557 -34.67271989661223 0.25
      vertex 82.175 -35.6 0.25
    endloop
  endfacet
  facet normal 0.3090169943749476 0.9510565162951535 0
    outer loop
      vertex 80.41120843048444 -36.173090620985164 5
      vertex 81.50129156951557 -36.527280103387774 5
      vertex 80.41120843048444 -36.173090620985164 0.25
    endloop
  endfacet
  facet normal 1 0 0
    outer loop
      vertex 80.41120843048444 -36.173090620985164 5
      vertex 80.41120843048444 -35.02690937901484 0.25
      vertex 80.41120843048444 -35.02690937901484 5
    endloop
  endfacet
  facet normal 0.3090169943749476 -0.9510565162951535 0
    outer loop
      vertex 80.41120843048444 -35.02690937901484 5
      vertex 81.50129156951557 -34.67271989661223 0.25
      vertex 81.50129156951557 -34.67271989661223 5
    endloop
  endfacet
  facet normal -0.8090169943749475 0.587785252292473 0
    outer loop
      vertex 81.50129156951557 -36.527280103387774 5
      vertex 82.175 -35.6 5
      vertex 81.50129156951557 -36.527280103387774 0.25
    endloop
  endfacet
  facet normal -0.8090169943749475 -0.587785252292473 0
    outer loop
      vertex 82.175 -35.6 5
      vertex 81.50129156951557 -34.67271989661223 5
      vertex 82.175 -35.6 0.25
    endloop
  endfacet
  facet normal 0 0 -1
    outer loop
      vertex 80.41120843048444 -36.173090620985164 5
      vertex 80.41120843048444 -35.02690937901484 5
      vertex 81.50129156951557 -36.527280103387774 5
    endloop
  endfacet
  facet normal 0 0 -1
    outer loop
      vertex 80.41120843048444 -35.02690937901484 5
      vertex 81.50129156951557 -34.67271989661223 5
      vertex 81.50129156951557 -36.527280103387774 5
    endloop
  endfacet
  facet normal 0 0 -1
    outer loop
      vertex 81.50129156951557 -36.527280103387774 5
      vertex 81.50129156951557 -34.67271989661223 5
      vertex 82.175 -35.6 5
    endloop
  endfacet
  facet normal 1 0 0
    outer loop
      vertex 59.211208430484426 -66.57309062098516 5
      vertex 59.211208430484426 -66.57309062098516 0.25
      vertex 59.211208430484426 -65.42690937901484 0.25
    endloop
  endfacet
  facet normal 0.30901699437494956 -0.9510565162951529 0
    outer loop
      vertex 59.211208430484426 -65.42690937901484 5
      vertex 59.211208430484426 -65.42690937901484 0.25
      vertex 60.30129156951558 -65.07271989661223 0.25
    endloop
  endfacet
  facet normal 0.30901699437494956 0.9510565162951529 0
    outer loop
      vertex 60.30129156951558 -66.92728010338777 5
      vertex 60.30129156951558 -66.92728010338777 0.25
      vertex 59.211208430484426 -66.57309062098516 0.25
    endloop
  endfacet
  facet normal -0.8090169943749475 0.587785252292473 0
    outer loop
      vertex 60.975 -66 5
      vertex 60.975 -66 0.25
      vertex 60.30129156951558 -66.92728010338777 0.25
    endloop
  endfacet
  facet normal -0.8090169943749475 -0.587785252292473 0
    outer loop
      vertex 60.30129156951558 -65.07271989661223 5
      vertex 60.30129156951558 -65.07271989661223 0.25
      vertex 60.975 -66 0.25
    endloop
  endfacet
  facet normal 0.30901699437494956 0.9510565162951529 0
    outer loop
      vertex 59.211208430484426 -66.57309062098516 5
      vertex 60.30129156951558 -66.92728010338777 5
      vertex 59.211208430484426 -66.57309062098516 0.25
    endloop
  endfacet
  facet normal 1 0 0
    outer loop
      vertex 59.211208430484426 -66.57309062098516 5
      vertex 59.211208430484426 -65.42690937901484 0.25
      vertex 59.211208430484426 -65.42690937901484 5
    endloop
  endfacet
  facet normal -0.8090169943749475 0.587785252292473 0
    outer loop
      vertex 60.30129156951558 -66.92728010338777 5
      vertex 60.975 -66 5
      vertex 60.30129156951558 -66.92728010338777 0.25
    endloop
  endfacet
  facet normal -0.8090169943749475 -0.587785252292473 0
    outer loop
      vertex 60.975 -66 5
      vertex 60.30129156951558 -65.07271989661223 5
      vertex 60.975 -66 0.25
    endloop
  endfacet
  facet normal 0.30901699437494956 -0.9510565162951529 0
    outer loop
      vertex 59.211208430484426 -65.42690937901484 5
      vertex 60.30129156951558 -65.07271989661223 0.25
      vertex 60.30129156951558 -65.07271989661223 5
    endloop
  endfacet
  facet normal 0 0 -1
    outer loop
      vertex 59.211208430484426 -66.57309062098516 5
      vertex 59.211208430484426 -65.42690937901484 5
      vertex 60.30129156951558 -66.92728010338777 5
    endloop
  endfacet
  facet normal 0 0 -1
    outer loop
      vertex 59.211208430484426 -65.42690937901484 5
      vertex 60.30129156951558 -65.07271989661223 5
      vertex 60.30129156951558 -66.92728010338777 5
    endloop
  endfacet
  facet normal 0 0 -1
    outer loop
      vertex 60.30129156951558 -66.92728010338777 5
      vertex 60.30129156951558 -65.07271989661223 5
      vertex 60.975 -66 5
    endloop
  endfacet
  facet normal 0.3090169943749449 0.9510565162951544 0
    outer loop
      vertex 18.301291569515573 -51.42728010338777 5
      vertex 18.301291569515573 -51.42728010338777 0.25
      vertex 17.211208430484426 -51.07309062098516 0.25
    endloop
  endfacet
  facet normal 1 0 0
    outer loop
      vertex 17.211208430484426 -51.07309062098516 5
      vertex 17.211208430484426 -51.07309062098516 0.25
      vertex 17.211208430484426 -49.92690937901484 0.25
    endloop
  endfacet
  facet normal 0.3090169943749449 -0.9510565162951544 0
    outer loop
      vertex 17.211208430484426 -49.92690937901484 5
      vertex 17.211208430484426 -49.92690937901484 0.25
      vertex 18.301291569515573 -49.57271989661223 0.25
    endloop
  endfacet
  facet normal -0.809016994374946 0.587785252292475 0
    outer loop
      vertex 18.975 -50.5 5
      vertex 18.975 -50.5 0.25
      vertex 18.301291569515573 -51.42728010338777 0.25
    endloop
  endfacet
  facet normal -0.809016994374946 -0.587785252292475 0
    outer loop
      vertex 18.301291569515573 -49.57271989661223 5
      vertex 18.301291569515573 -49.57271989661223 0.25
      vertex 18.975 -50.5 0.25
    endloop
  endfacet
  facet normal 0.3090169943749449 0.9510565162951544 0
    outer loop
      vertex 18.301291569515573 -51.42728010338777 5
      vertex 17.211208430484426 -51.07309062098516 0.25
      vertex 17.211208430484426 -51.07309062098516 5
    endloop
  endfacet
  facet normal 1 0 0
    outer loop
      vertex 17.211208430484426 -51.07309062098516 5
      vertex 17.211208430484426 -49.92690937901484 0.25
      vertex 17.211208430484426 -49.92690937901484 5
    endloop
  endfacet
  facet normal -0.809016994374946 0.587785252292475 0
    outer loop
      vertex 18.301291569515573 -51.42728010338777 5
      vertex 18.975 -50.5 5
      vertex 18.301291569515573 -51.42728010338777 0.25
    endloop
  endfacet
  facet normal 0.3090169943749449 -0.9510565162951544 0
    outer loop
      vertex 17.211208430484426 -49.92690937901484 5
      vertex 18.301291569515573 -49.57271989661223 0.25
      vertex 18.301291569515573 -49.57271989661223 5
    endloop
  endfacet
  facet normal -0.809016994374946 -0.587785252292475 0
    outer loop
      vertex 18.301291569515573 -49.57271989661223 5
      vertex 18.975 -50.5 0.25
      vertex 18.975 -50.5 5
    endloop
  endfacet
  facet normal 0 0 -1
    outer loop
      vertex 18.301291569515573 -51.42728010338777 5
      vertex 17.211208430484426 -51.07309062098516 5
      vertex 17.211208430484426 -49.92690937901484 5
    endloop
  endfacet
  facet normal 0 0 -1
    outer loop
      vertex 18.301291569515573 -51.42728010338777 5
      vertex 18.301291569515573 -49.57271989661223 5
      vertex 18.975 -50.5 5
    endloop
  endfacet
  facet normal 0 0 -1
    outer loop
      vertex 18.301291569515573 -51.42728010338777 5
      vertex 17.211208430484426 -49.92690937901484 5
      vertex 18.301291569515573 -49.57271989661223 5
    endloop
  endfacet
  facet normal 1 0 0
    outer loop
      vertex -15.788791569515574 -38.07309062098516 5
      vertex -15.788791569515574 -38.07309062098516 0.25
      vertex -15.788791569515574 -36.92690937901484 0.25
    endloop
  endfacet
  facet normal 0.3090169943749449 0.9510565162951544 0
    outer loop
      vertex -14.698708430484427 -38.42728010338777 5
      vertex -14.698708430484427 -38.42728010338777 0.25
      vertex -15.788791569515574 -38.07309062098516 0.25
    endloop
  endfacet
  facet normal -0.8090169943749468 0.587785252292474 0
    outer loop
      vertex -14.025 -37.5 5
      vertex -14.025 -37.5 0.25
      vertex -14.698708430484427 -38.42728010338777 0.25
    endloop
  endfacet
  facet normal 0.3090169943749449 -0.9510565162951544 0
    outer loop
      vertex -15.788791569515574 -36.92690937901484 5
      vertex -15.788791569515574 -36.92690937901484 0.25
      vertex -14.698708430484427 -36.57271989661223 0.25
    endloop
  endfacet
  facet normal -0.8090169943749468 -0.587785252292474 0
    outer loop
      vertex -14.698708430484427 -36.57271989661223 5
      vertex -14.698708430484427 -36.57271989661223 0.25
      vertex -14.025 -37.5 0.25
    endloop
  endfacet
  facet normal 1 0 0
    outer loop
      vertex -15.788791569515574 -38.07309062098516 5
      vertex -15.788791569515574 -36.92690937901484 0.25
      vertex -15.788791569515574 -36.92690937901484 5
    endloop
  endfacet
  facet normal 0.3090169943749449 0.9510565162951544 0
    outer loop
      vertex -15.788791569515574 -38.07309062098516 5
      vertex -14.698708430484427 -38.42728010338777 5
      vertex -15.788791569515574 -38.07309062098516 0.25
    endloop
  endfacet
  facet normal -0.8090169943749468 0.587785252292474 0
    outer loop
      vertex -14.698708430484427 -38.42728010338777 5
      vertex -14.025 -37.5 5
      vertex -14.698708430484427 -38.42728010338777 0.25
    endloop
  endfacet
  facet normal -0.8090169943749468 -0.587785252292474 0
    outer loop
      vertex -14.025 -37.5 5
      vertex -14.698708430484427 -36.57271989661223 5
      vertex -14.025 -37.5 0.25
    endloop
  endfacet
  facet normal 0.3090169943749449 -0.9510565162951544 0
    outer loop
      vertex -15.788791569515574 -36.92690937901484 5
      vertex -14.698708430484427 -36.57271989661223 0.25
      vertex -14.698708430484427 -36.57271989661223 5
    endloop
  endfacet
  facet normal 0 0 -1
    outer loop
      vertex -15.788791569515574 -38.07309062098516 5
      vertex -15.788791569515574 -36.92690937901484 5
      vertex -14.698708430484427 -38.42728010338777 5
    endloop
  endfacet
  facet normal 0 0 -1
    outer loop
      vertex -15.788791569515574 -36.92690937901484 5
      vertex -14.698708430484427 -36.57271989661223 5
      vertex -14.698708430484427 -38.42728010338777 5
    endloop
  endfacet
  facet normal 0 0 -1
    outer loop
      vertex -14.698708430484427 -38.42728010338777 5
      vertex -14.698708430484427 -36.57271989661223 5
      vertex -14.025 -37.5 5
    endloop
  endfacet
  facet normal 0.30901699437494395 0.9510565162951548 0
    outer loop
      vertex -48.69870843048442 -35.42728010338777 5
      vertex -48.69870843048442 -35.42728010338777 0.25
      vertex -49.788791569515574 -35.07309062098516 0.25
    endloop
  endfacet
  facet normal 1 0 0
    outer loop
      vertex -49.788791569515574 -35.07309062098516 5
      vertex -49.788791569515574 -35.07309062098516 0.25
      vertex -49.788791569515574 -33.92690937901484 0.25
    endloop
  endfacet
  facet normal 0.30901699437494395 -0.9510565162951548 0
    outer loop
      vertex -49.788791569515574 -33.92690937901484 5
      vertex -49.788791569515574 -33.92690937901484 0.25
      vertex -48.69870843048442 -33.57271989661223 0.25
    endloop
  endfacet
  facet normal -0.8090169943749475 0.587785252292473 0
    outer loop
      vertex -48.025 -34.5 5
      vertex -48.025 -34.5 0.25
      vertex -48.69870843048442 -35.42728010338777 0.25
    endloop
  endfacet
  facet normal -0.8090169943749475 -0.587785252292473 0
    outer loop
      vertex -48.69870843048442 -33.57271989661223 5
      vertex -48.69870843048442 -33.57271989661223 0.25
      vertex -48.025 -34.5 0.25
    endloop
  endfacet
  facet normal 0.30901699437494395 0.9510565162951548 0
    outer loop
      vertex -48.69870843048442 -35.42728010338777 5
      vertex -49.788791569515574 -35.07309062098516 0.25
      vertex -49.788791569515574 -35.07309062098516 5
    endloop
  endfacet
  facet normal 1 0 0
    outer loop
      vertex -49.788791569515574 -35.07309062098516 5
      vertex -49.788791569515574 -33.92690937901484 0.25
      vertex -49.788791569515574 -33.92690937901484 5
    endloop
  endfacet
  facet normal 0.30901699437494395 -0.9510565162951548 0
    outer loop
      vertex -49.788791569515574 -33.92690937901484 5
      vertex -48.69870843048442 -33.57271989661223 0.25
      vertex -48.69870843048442 -33.57271989661223 5
    endloop
  endfacet
  facet normal -0.8090169943749475 0.587785252292473 0
    outer loop
      vertex -48.69870843048442 -35.42728010338777 5
      vertex -48.025 -34.5 5
      vertex -48.69870843048442 -35.42728010338777 0.25
    endloop
  endfacet
  facet normal -0.8090169943749475 -0.587785252292473 0
    outer loop
      vertex -48.025 -34.5 5
      vertex -48.69870843048442 -33.57271989661223 5
      vertex -48.025 -34.5 0.25
    endloop
  endfacet
  facet normal 0 0 -1
    outer loop
      vertex -48.69870843048442 -35.42728010338777 5
      vertex -49.788791569515574 -35.07309062098516 5
      vertex -49.788791569515574 -33.92690937901484 5
    endloop
  endfacet
  facet normal 0 0 -1
    outer loop
      vertex -48.69870843048442 -35.42728010338777 5
      vertex -49.788791569515574 -33.92690937901484 5
      vertex -48.69870843048442 -33.57271989661223 5
    endloop
  endfacet
  facet normal 0 0 -1
    outer loop
      vertex -48.69870843048442 -35.42728010338777 5
      vertex -48.69870843048442 -33.57271989661223 5
      vertex -48.025 -34.5 5
    endloop
  endfacet
  facet normal 0.3090169943749468 0.9510565162951539 0
    outer loop
      vertex -48.69870843048442 19.572719896612224 5
      vertex -48.69870843048442 19.572719896612224 0.25
      vertex -49.788791569515574 19.926909379014837 0.25
    endloop
  endfacet
  facet normal 1 0 0
    outer loop
      vertex -49.788791569515574 19.926909379014837 5
      vertex -49.788791569515574 19.926909379014837 0.25
      vertex -49.788791569515574 21.073090620985163 0.25
    endloop
  endfacet
  facet normal -0.8090169943749486 0.5877852522924716 0
    outer loop
      vertex -48.025 20.5 5
      vertex -48.025 20.5 0.25
      vertex -48.69870843048442 19.572719896612224 0.25
    endloop
  endfacet
  facet normal 0.3090169943749468 -0.9510565162951539 0
    outer loop
      vertex -49.788791569515574 21.073090620985163 5
      vertex -49.788791569515574 21.073090620985163 0.25
      vertex -48.69870843048442 21.427280103387776 0.25
    endloop
  endfacet
  facet normal -0.8090169943749486 -0.5877852522924716 0
    outer loop
      vertex -48.69870843048442 21.427280103387776 5
      vertex -48.69870843048442 21.427280103387776 0.25
      vertex -48.025 20.5 0.25
    endloop
  endfacet
  facet normal 0.3090169943749468 0.9510565162951539 0
    outer loop
      vertex -49.788791569515574 19.926909379014837 5
      vertex -48.69870843048442 19.572719896612224 5
      vertex -49.788791569515574 19.926909379014837 0.25
    endloop
  endfacet
  facet normal -0.8090169943749486 0.5877852522924716 0
    outer loop
      vertex -48.69870843048442 19.572719896612224 5
      vertex -48.025 20.5 5
      vertex -48.69870843048442 19.572719896612224 0.25
    endloop
  endfacet
  facet normal 1 0 0
    outer loop
      vertex -49.788791569515574 19.926909379014837 5
      vertex -49.788791569515574 21.073090620985163 0.25
      vertex -49.788791569515574 21.073090620985163 5
    endloop
  endfacet
  facet normal 0.3090169943749468 -0.9510565162951539 0
    outer loop
      vertex -49.788791569515574 21.073090620985163 5
      vertex -48.69870843048442 21.427280103387776 0.25
      vertex -48.69870843048442 21.427280103387776 5
    endloop
  endfacet
  facet normal -0.8090169943749486 -0.5877852522924716 0
    outer loop
      vertex -48.025 20.5 5
      vertex -48.69870843048442 21.427280103387776 5
      vertex -48.025 20.5 0.25
    endloop
  endfacet
  facet normal 0 0 -1
    outer loop
      vertex -49.788791569515574 19.926909379014837 5
      vertex -49.788791569515574 21.073090620985163 5
      vertex -48.69870843048442 19.572719896612224 5
    endloop
  endfacet
  facet normal 0 0 -1
    outer loop
      vertex -48.69870843048442 19.572719896612224 5
      vertex -48.69870843048442 21.427280103387776 5
      vertex -48.025 20.5 5
    endloop
  endfacet
  facet normal 0 0 -1
    outer loop
      vertex -48.69870843048442 19.572719896612224 5
      vertex -49.788791569515574 21.073090620985163 5
      vertex -48.69870843048442 21.427280103387776 5
    endloop
  endfacet
  facet normal 0.8090169943749441 0 0.5877852522924775
    outer loop
      vertex 49.9775 30 0.6217468245269457
      vertex 50.247589877669775 30 0.25
      vertex 50.247589877669775 31.801431887477495 0.25
    endloop
  endfacet
  facet normal 0.8090169943749441 0 0.5877852522924775
    outer loop
      vertex 49.9775 30 0.6217468245269457
      vertex 50.247589877669775 31.801431887477495 0.25
      vertex 49.9775 31.801431887477495 0.6217468245269457
    endloop
  endfacet
  facet normal 0.8660254037844383 0 0.5000000000000004
    outer loop
      vertex 49.9775 30 0.6217468245269457
      vertex 49.9775 31.801431887477495 0.6217468245269457
      vertex 49.915 30 0.7300000000000004
    endloop
  endfacet
  facet normal 0.8660254037844383 0 0.5000000000000004
    outer loop
      vertex 49.915 30 0.7300000000000004
      vertex 49.9775 31.801431887477495 0.6217468245269457
      vertex 49.915 31.801431887477495 0.7300000000000004
    endloop
  endfacet
  facet normal 1 0 0
    outer loop
      vertex 49.915 30 0.7300000000000004
      vertex 49.915 31.801431887477495 0.7300000000000004
      vertex 49.915 30 1.67
    endloop
  endfacet
  facet normal 1 0 0
    outer loop
      vertex 49.915 31.801431887477495 0.7300000000000004
      vertex 49.915 31.801431887477495 1.67
      vertex 49.915 30 1.67
    endloop
  endfacet
  facet normal 0.8660254037844388 0 -0.49999999999999967
    outer loop
      vertex 49.915 30 1.67
      vertex 49.915 31.801431887477495 1.67
      vertex 49.9775 30 1.7782531754730548
    endloop
  endfacet
  facet normal 0.8660254037844388 0 -0.49999999999999967
    outer loop
      vertex 49.9775 30 1.7782531754730548
      vertex 49.915 31.801431887477495 1.67
      vertex 49.9775 31.801431887477495 1.7782531754730548
    endloop
  endfacet
  facet normal 0.8090169943749466 0 -0.5877852522924741
    outer loop
      vertex 49.9775 30 1.7782531754730548
      vertex 49.9775 31.801431887477495 1.7782531754730548
      vertex 50.62302842190032 30 2.6667468245269452
    endloop
  endfacet
  facet normal 0.8090169943749466 0 -0.5877852522924742
    outer loop
      vertex 49.9775 31.801431887477495 1.7782531754730548
      vertex 50.62302842190032 30.309441032268445 2.6667468245269452
      vertex 50.62302842190032 30 2.6667468245269452
    endloop
  endfacet
  facet normal 0.8090169943749461 -4.1907675054896834e-16 -0.5877852522924748
    outer loop
      vertex 49.9775 31.801431887477495 1.7782531754730548
      vertex 50.701678957673124 30.368882064536894 2.7750000000000004
      vertex 50.62302842190032 30.309441032268445 2.6667468245269452
    endloop
  endfacet
  facet normal 0.809016994374951 7.448175333529302e-15 -0.5877852522924681
    outer loop
      vertex 49.9775 31.801431887477495 1.7782531754730548
      vertex 50.74449113624381 30.368882064536894 2.8339259085606754
      vertex 50.701678957673124 30.368882064536894 2.7750000000000004
    endloop
  endfacet
  facet normal 0.8090169943749468 0 -0.5877852522924739
    outer loop
      vertex 49.9775 31.801431887477495 1.7782531754730548
      vertex 50.74449113624381 31.801431887477495 2.8339259085606754
      vertex 50.74449113624381 30.368882064536894 2.8339259085606754
    endloop
  endfacet
  facet normal 0 0 1
    outer loop
      vertex 45.3875 29.978409090909093 2.6667468245269452
      vertex 45.43068643785156 30.309441032268445 2.6667468245269452
      vertex 45.3875 30.25 2.6667468245269452
    endloop
  endfacet
  facet normal 0.8660254037844393 0 0.499999999999999
    outer loop
      vertex 45.3875 29.978409090909093 2.6667468245269452
      vertex 45.3875 30.25 2.6667468245269452
      vertex 45.325 30.25 2.7750000000000004
    endloop
  endfacet
  facet normal 0.8660254037844394 0 0.499999999999999
    outer loop
      vertex 45.3875 29.978409090909093 2.6667468245269452
      vertex 45.325 30.25 2.7750000000000004
      vertex 45.325 29.97789256198347 2.7750000000000004
    endloop
  endfacet
  facet normal 0.7329996781371718 -0.5325554391808394 0.42319756148837345
    outer loop
      vertex 45.3875 30.25 2.6667468245269452
      vertex 45.43068643785156 30.309441032268445 2.6667468245269452
      vertex 45.41137287570313 30.368882064536894 2.7750000000000004
    endloop
  endfacet
  facet normal 0.7329996781371516 -0.5325554391808525 0.4231975614883923
    outer loop
      vertex 45.3875 30.25 2.6667468245269452
      vertex 45.41137287570313 30.368882064536894 2.7750000000000004
      vertex 45.325 30.25 2.7750000000000004
    endloop
  endfacet
  facet normal 0 0 1
    outer loop
      vertex 45.3875 29.978409090909093 2.6667468245269452
      vertex 50.62302842190032 30.309441032268445 2.6667468245269452
      vertex 45.43068643785156 30.309441032268445 2.6667468245269452
    endloop
  endfacet
  facet normal 0 0 1
    outer loop
      vertex 45.3875 29.978409090909093 2.6667468245269452
      vertex 48 30 2.6667468245269452
      vertex 50.62302842190032 30.309441032268445 2.6667468245269452
    endloop
  endfacet
  facet normal 0 -0.8765515079563064 0.4813080654835582
    outer loop
      vertex 45.43068643785156 30.309441032268445 2.6667468245269452
      vertex 50.62302842190032 30.309441032268445 2.6667468245269452
      vertex 45.41137287570313 30.368882064536894 2.7750000000000004
    endloop
  endfacet
  facet normal 0 -0.8765515079563064 0.4813080654835583
    outer loop
      vertex 45.41137287570313 30.368882064536894 2.7750000000000004
      vertex 50.62302842190032 30.309441032268445 2.6667468245269452
      vertex 50.701678957673124 30.368882064536894 2.7750000000000004
    endloop
  endfacet
  facet normal 0 0 1
    outer loop
      vertex 48 30 2.6667468245269452
      vertex 50.62302842190032 30 2.6667468245269452
      vertex 50.62302842190032 30.309441032268445 2.6667468245269452
    endloop
  endfacet
  facet normal 1 0 0
    outer loop
      vertex 45.325 29.97789256198347 2.7750000000000004
      vertex 45.325 30.25 2.7750000000000004
      vertex 45.325 29.97789256198347 4.275
    endloop
  endfacet
  facet normal 0.809016994374963 -0.5877852522924518 0
    outer loop
      vertex 45.325 30.25 2.7750000000000004
      vertex 45.41137287570313 30.368882064536894 2.7750000000000004
      vertex 45.41137287570313 30.368882064536894 4.275
    endloop
  endfacet
  facet normal 0 -1 0
    outer loop
      vertex 45.41137287570313 30.368882064536894 2.7750000000000004
      vertex 50.701678957673124 30.368882064536894 2.7750000000000004
      vertex 45.41137287570313 30.368882064536894 4.275
    endloop
  endfacet
  facet normal 0 -1 0
    outer loop
      vertex 50.701678957673124 30.368882064536894 2.7750000000000004
      vertex 50.74449113624381 30.368882064536894 2.8339259085606754
      vertex 45.41137287570313 30.368882064536894 4.275
    endloop
  endfacet
  facet normal -0.8090169940678859 0 0.5877852527151071
    outer loop
      vertex 59.0105635630425 31.801431887477495 0.6217468257190384
      vertex 58.74047368420991 31.801431887477495 0.25
      vertex 58.74047368420991 30 0.25
    endloop
  endfacet
  facet normal -0.8090169940678859 0 0.5877852527151071
    outer loop
      vertex 59.0105635630425 30 0.6217468257190384
      vertex 59.0105635630425 31.801431887477495 0.6217468257190384
      vertex 58.74047368420991 30 0.25
    endloop
  endfacet
  facet normal -0.9060374296629746 0 0.42319756148837917
    outer loop
      vertex 59.0105635630425 30 0.6217468257190384
      vertex 59.061127125190936 30 0.7300000011920931
      vertex 59.061127125190936 31.801431887477495 0.7300000011920931
    endloop
  endfacet
  facet normal -0.9060374296629746 0 0.42319756148837917
    outer loop
      vertex 59.0105635630425 30 0.6217468257190384
      vertex 59.061127125190936 31.801431887477495 0.7300000011920931
      vertex 59.0105635630425 31.801431887477495 0.6217468257190384
    endloop
  endfacet
  facet normal -1 0 0
    outer loop
      vertex 59.061127125190936 30 0.7300000011920931
      vertex 59.061127125190936 31.801431887477495 1.6699999988079073
      vertex 59.061127125190936 31.801431887477495 0.7300000011920931
    endloop
  endfacet
  facet normal -1 0 0
    outer loop
      vertex 59.061127125190936 30 0.7300000011920931
      vertex 59.061127125190936 30 1.6699999988079073
      vertex 59.061127125190936 31.801431887477495 1.6699999988079073
    endloop
  endfacet
  facet normal -0.906037429662975 0 -0.4231975614883784
    outer loop
      vertex 59.061127125190936 30 1.6699999988079073
      vertex 59.0105635630425 31.801431887477495 1.7782531742809622
      vertex 59.061127125190936 31.801431887477495 1.6699999988079073
    endloop
  endfacet
  facet normal -0.906037429662975 0 -0.4231975614883784
    outer loop
      vertex 59.061127125190936 30 1.6699999988079073
      vertex 59.0105635630425 30 1.7782531742809622
      vertex 59.0105635630425 31.801431887477495 1.7782531742809622
    endloop
  endfacet
  facet normal -0.8090169940678889 0 -0.5877852527151028
    outer loop
      vertex 59.0105635630425 30 1.7782531742809622
      vertex 58.24357242458425 31.801431887477495 2.833925909256777
      vertex 59.0105635630425 31.801431887477495 1.7782531742809622
    endloop
  endfacet
  facet normal -0.8090169940678893 0 -0.5877852527151025
    outer loop
      vertex 59.0105635630425 30 1.7782531742809622
      vertex 58.36503513956692 30 2.6667468245269452
      vertex 58.36503513956692 30.309441032268445 2.6667468245269452
    endloop
  endfacet
  facet normal -0.8090169940678893 -4.230448388112886e-16 -0.5877852527151024
    outer loop
      vertex 59.0105635630425 30 1.7782531742809622
      vertex 58.36503513956692 30.309441032268445 2.6667468245269452
      vertex 58.24357242458425 31.801431887477495 2.833925909256777
    endloop
  endfacet
  facet normal 9.282489040721338e-11 0 -1
    outer loop
      vertex 50.74449113624381 30.368882064536894 2.8339259085606754
      vertex 50.74449113624381 31.801431887477495 2.8339259085606754
      vertex 58.24357242458425 30.368882064536894 2.833925909256777
    endloop
  endfacet
  facet normal -0.8090169940678906 -7.407113843835576e-16 -0.5877852527151006
    outer loop
      vertex 58.36503513956692 30.309441032268445 2.6667468245269452
      vertex 58.28638460370772 30.368882064536894 2.7750000000000004
      vertex 58.24357242458425 31.801431887477495 2.833925909256777
    endloop
  endfacet
  facet normal -0.809016994067882 0 -0.5877852527151125
    outer loop
      vertex 58.28638460370772 30.368882064536894 2.7750000000000004
      vertex 58.24357242458425 30.368882064536894 2.833925909256777
      vertex 58.24357242458425 31.801431887477495 2.833925909256777
    endloop
  endfacet
  facet normal 9.282489040721338e-11 0 -1
    outer loop
      vertex 50.74449113624381 31.801431887477495 2.8339259085606754
      vertex 58.24357242458425 31.801431887477495 2.833925909256777
      vertex 58.24357242458425 30.368882064536894 2.833925909256777
    endloop
  endfacet
  facet normal 0 -1 0
    outer loop
      vertex 50.74449113624381 30.368882064536894 2.8339259085606754
      vertex 58.24357242458425 30.368882064536894 2.833925909256777
      vertex 45.41137287570313 30.368882064536894 4.275
    endloop
  endfacet
  facet normal 0 -1 0
    outer loop
      vertex 45.41137287570313 30.368882064536894 4.275
      vertex 58.24357242458425 30.368882064536894 2.833925909256777
      vertex 63.51137287570313 30.368882064536894 2.7750000000000004
    endloop
  endfacet
  facet normal 0 0 1
    outer loop
      vertex 58.36503513956692 30 2.6667468245269452
      vertex 63.60056356214844 30 2.6667468245269452
      vertex 63.60056356214844 30.28673657826828 2.6667468245269452
    endloop
  endfacet
  facet normal 0 0 1
    outer loop
      vertex 58.36503513956692 30 2.6667468245269452
      vertex 63.60056356214844 30.28673657826828 2.6667468245269452
      vertex 63.530686437851564 30.309441032268445 2.6667468245269452
    endloop
  endfacet
  facet normal 0 0 1
    outer loop
      vertex 58.36503513956692 30 2.6667468245269452
      vertex 63.530686437851564 30.309441032268445 2.6667468245269452
      vertex 58.36503513956692 30.309441032268445 2.6667468245269452
    endloop
  endfacet
  facet normal 0 -0.8765515079563064 0.4813080654835582
    outer loop
      vertex 58.36503513956692 30.309441032268445 2.6667468245269452
      vertex 63.530686437851564 30.309441032268445 2.6667468245269452
      vertex 58.28638460370772 30.368882064536894 2.7750000000000004
    endloop
  endfacet
  facet normal 0 -1 0
    outer loop
      vertex 58.28638460370772 30.368882064536894 2.7750000000000004
      vertex 63.51137287570313 30.368882064536894 2.7750000000000004
      vertex 58.24357242458425 30.368882064536894 2.833925909256777
    endloop
  endfacet
  facet normal 0 -0.8765515079563064 0.4813080654835582
    outer loop
      vertex 58.28638460370772 30.368882064536894 2.7750000000000004
      vertex 63.530686437851564 30.309441032268445 2.6667468245269452
      vertex 63.51137287570313 30.368882064536894 2.7750000000000004
    endloop
  endfacet
  facet normal -0.9060374296629752 0 0.4231975614883776
    outer loop
      vertex 63.60056356214844 30 2.6667468245269452
      vertex 63.65112712429687 30.323473156536558 2.7750000000000004
      vertex 63.60056356214844 30.28673657826828 2.6667468245269452
    endloop
  endfacet
  facet normal -0.9060374296629752 0 0.42319756148837767
    outer loop
      vertex 63.60056356214844 30 2.6667468245269452
      vertex 63.65112712429687 30 2.7750000000000004
      vertex 63.65112712429687 30.323473156536558 2.7750000000000004
    endloop
  endfacet
  facet normal -0.2799809633056212 -0.8616928014882804 0.4231975614884086
    outer loop
      vertex 63.530686437851564 30.309441032268445 2.6667468245269452
      vertex 63.60056356214844 30.28673657826828 2.6667468245269452
      vertex 63.51137287570313 30.368882064536894 2.7750000000000004
    endloop
  endfacet
  facet normal -0.27998096330565797 -0.8616928014882826 0.42319756148837984
    outer loop
      vertex 63.60056356214844 30.28673657826828 2.6667468245269452
      vertex 63.65112712429687 30.323473156536558 2.7750000000000004
      vertex 63.51137287570313 30.368882064536894 2.7750000000000004
    endloop
  endfacet
  facet normal -0.3090169943749506 -0.9510565162951525 0
    outer loop
      vertex 63.51137287570313 30.368882064536894 2.7750000000000004
      vertex 63.65112712429687 30.323473156536558 2.7750000000000004
      vertex 63.51137287570313 30.368882064536894 4.275
    endloop
  endfacet
  facet normal -1 0 0
    outer loop
      vertex 63.65112712429687 30 2.7750000000000004
      vertex 63.65112712429687 30.323473156536558 4.275
      vertex 63.65112712429687 30.323473156536558 2.7750000000000004
    endloop
  endfacet
  facet normal 1 0 0
    outer loop
      vertex 45.325 30.25 2.7750000000000004
      vertex 45.325 30.25 4.275
      vertex 45.325 29.97789256198347 4.275
    endloop
  endfacet
  facet normal 0.809016994374963 -0.5877852522924518 0
    outer loop
      vertex 45.325 30.25 2.7750000000000004
      vertex 45.41137287570313 30.368882064536894 4.275
      vertex 45.325 30.25 4.275
    endloop
  endfacet
  facet normal 0.8660254037844375 0 -0.500000000000002
    outer loop
      vertex 45.325 29.97789256198347 4.275
      vertex 45.325 30.25 4.275
      vertex 45.3875 29.978409090909093 4.383253175473055
    endloop
  endfacet
  facet normal 0.8660254037844375 0 -0.500000000000002
    outer loop
      vertex 45.3875 29.978409090909093 4.383253175473055
      vertex 45.325 30.25 4.275
      vertex 45.3875 30.25 4.383253175473055
    endloop
  endfacet
  facet normal 0 0 -1
    outer loop
      vertex 45.3875 29.978409090909093 4.383253175473055
      vertex 45.3875 30.25 4.383253175473055
      vertex 48 30 4.383253175473055
    endloop
  endfacet
  facet normal 0.7329996781371504 -0.5325554391808516 -0.4231975614883951
    outer loop
      vertex 45.325 30.25 4.275
      vertex 45.41137287570313 30.368882064536894 4.275
      vertex 45.3875 30.25 4.383253175473055
    endloop
  endfacet
  facet normal 0.7329996781371709 -0.5325554391808387 -0.42319756148837634
    outer loop
      vertex 45.41137287570313 30.368882064536894 4.275
      vertex 45.43068643785156 30.309441032268445 4.383253175473055
      vertex 45.3875 30.25 4.383253175473055
    endloop
  endfacet
  facet normal 0 -1 0
    outer loop
      vertex 45.41137287570313 30.368882064536894 4.275
      vertex 63.51137287570313 30.368882064536894 2.7750000000000004
      vertex 63.51137287570313 30.368882064536894 4.275
    endloop
  endfacet
  facet normal -1 0 0
    outer loop
      vertex 63.65112712429687 30 2.7750000000000004
      vertex 63.65112712429687 30 4.275
      vertex 63.65112712429687 30.323473156536558 4.275
    endloop
  endfacet
  facet normal -0.3090169943749506 -0.9510565162951525 0
    outer loop
      vertex 63.65112712429687 30.323473156536558 2.7750000000000004
      vertex 63.65112712429687 30.323473156536558 4.275
      vertex 63.51137287570313 30.368882064536894 4.275
    endloop
  endfacet
  facet normal 0 0 -1
    outer loop
      vertex 45.3875 30.25 4.383253175473055
      vertex 63.60056356214844 30.28673657826828 4.383253175473055
      vertex 48 30 4.383253175473055
    endloop
  endfacet
  facet normal 0 -0.8765515079563049 -0.4813080654835613
    outer loop
      vertex 45.41137287570313 30.368882064536894 4.275
      vertex 63.51137287570313 30.368882064536894 4.275
      vertex 45.43068643785156 30.309441032268445 4.383253175473055
    endloop
  endfacet
  facet normal 0 0 -1
    outer loop
      vertex 45.3875 30.25 4.383253175473055
      vertex 45.43068643785156 30.309441032268445 4.383253175473055
      vertex 63.60056356214844 30.28673657826828 4.383253175473055
    endloop
  endfacet
  facet normal 0 -0.8765515079563049 -0.4813080654835613
    outer loop
      vertex 45.43068643785156 30.309441032268445 4.383253175473055
      vertex 63.51137287570313 30.368882064536894 4.275
      vertex 63.530686437851564 30.309441032268445 4.383253175473055
    endloop
  endfacet
  facet normal 0 0 -1
    outer loop
      vertex 45.43068643785156 30.309441032268445 4.383253175473055
      vertex 63.530686437851564 30.309441032268445 4.383253175473055
      vertex 63.60056356214844 30.28673657826828 4.383253175473055
    endloop
  endfacet
  facet normal 0 0 -1
    outer loop
      vertex 48 30 4.383253175473055
      vertex 63.60056356214844 30.28673657826828 4.383253175473055
      vertex 63.60056356214844 30 4.383253175473055
    endloop
  endfacet
  facet normal -0.9060374296629738 0 -0.42319756148838045
    outer loop
      vertex 63.65112712429687 30 4.275
      vertex 63.60056356214844 30.28673657826828 4.383253175473055
      vertex 63.65112712429687 30.323473156536558 4.275
    endloop
  endfacet
  facet normal -0.9060374296629738 0 -0.42319756148838045
    outer loop
      vertex 63.65112712429687 30 4.275
      vertex 63.60056356214844 30 4.383253175473055
      vertex 63.60056356214844 30.28673657826828 4.383253175473055
    endloop
  endfacet
  facet normal -0.27998096330565764 -0.8616928014882813 -0.42319756148838267
    outer loop
      vertex 63.51137287570313 30.368882064536894 4.275
      vertex 63.65112712429687 30.323473156536558 4.275
      vertex 63.60056356214844 30.28673657826828 4.383253175473055
    endloop
  endfacet
  facet normal -0.27998096330562067 -0.8616928014882791 -0.42319756148841137
    outer loop
      vertex 63.51137287570313 30.368882064536894 4.275
      vertex 63.60056356214844 30.28673657826828 4.383253175473055
      vertex 63.530686437851564 30.309441032268445 4.383253175473055
    endloop
  endfacet
  facet normal -0.6627079245552385 0.4640330844048916 0.5877852527151146
    outer loop
      vertex 75.79123589605982 -29.50961139072432 0.6217468257190384
      vertex 76.84900867466969 -27.998955305366568 0.6217468257190384
      vertex 75.56999121969554 -29.354694200495885 0.25
    endloop
  endfacet
  facet normal -0.6627079245552385 0.4640330844048916 0.5877852527151146
    outer loop
      vertex 76.84900867466969 -27.998955305366568 0.6217468257190384
      vertex 76.62776399830541 -27.844038115138133 0.25
      vertex 75.56999121969554 -29.354694200495885 0.25
    endloop
  endfacet
  facet normal -0.742182412710791 0.519681720106768 0.42319756148831944
    outer loop
      vertex 75.79123589605982 -29.50961139072432 0.6217468257190384
      vertex 75.83265514135589 -29.538613458516835 0.7300000011920931
      vertex 76.89042791996576 -28.027957373159083 0.7300000011920931
    endloop
  endfacet
  facet normal -0.7421824127107912 0.5196817201067683 0.42319756148831905
    outer loop
      vertex 75.79123589605982 -29.50961139072432 0.6217468257190384
      vertex 76.89042791996576 -28.027957373159083 0.7300000011920931
      vertex 76.84900867466969 -27.998955305366568 0.6217468257190384
    endloop
  endfacet
  facet normal -0.8191520442889906 0.5735764363510478 0
    outer loop
      vertex 75.83265514135589 -29.538613458516835 0.7300000011920931
      vertex 76.89042791996576 -28.027957373159083 1.6699999988079073
      vertex 76.89042791996576 -28.027957373159083 0.7300000011920931
    endloop
  endfacet
  facet normal 0.6627079248067685 -0.4640330845810149 0.5877852522924807
    outer loop
      vertex 68.39178341297745 -24.328458981793233 0.6217468245269457
      vertex 68.6130280883892 -24.4833761713547 0.25
      vertex 69.67080086699907 -22.972720085996947 0.25
    endloop
  endfacet
  facet normal 0.6627079248067685 -0.4640330845810149 0.5877852522924806
    outer loop
      vertex 68.39178341297745 -24.328458981793233 0.6217468245269457
      vertex 69.67080086699907 -22.972720085996947 0.25
      vertex 69.44955619158732 -22.81780289643548 0.6217468245269457
    endloop
  endfacet
  facet normal 0.7094064799162245 -0.4967317648921577 0.49999999999999345
    outer loop
      vertex 68.39178341297745 -24.328458981793233 0.6217468245269457
      vertex 69.44955619158732 -22.81780289643548 0.6217468245269457
      vertex 68.34058641021475 -24.292610454513625 0.7300000000000004
    endloop
  endfacet
  facet normal 0.7094064799162194 -0.496731764892153 0.5000000000000056
    outer loop
      vertex 68.34058641021475 -24.292610454513625 0.7300000000000004
      vertex 69.44955619158732 -22.81780289643548 0.6217468245269457
      vertex 69.39835918882463 -22.78195436915587 0.7300000000000004
    endloop
  endfacet
  facet normal 0.8191520442889911 -0.5735764363510468 0
    outer loop
      vertex 68.34058641021475 -24.292610454513625 0.7300000000000004
      vertex 69.39835918882463 -22.78195436915587 0.7300000000000004
      vertex 68.34058641021475 -24.292610454513625 1.67
    endloop
  endfacet
  facet normal -0.8191520442889906 0.5735764363510478 0
    outer loop
      vertex 75.83265514135589 -29.538613458516835 0.7300000011920931
      vertex 75.83265514135589 -29.538613458516835 1.6699999988079073
      vertex 76.89042791996576 -28.027957373159083 1.6699999988079073
    endloop
  endfacet
  facet normal -0.7421824127107912 0.5196817201067683 -0.4231975614883187
    outer loop
      vertex 75.83265514135589 -29.538613458516835 1.6699999988079073
      vertex 75.79123589605982 -29.50961139072432 1.7782531742809622
      vertex 76.84900867466969 -27.998955305366568 1.7782531742809622
    endloop
  endfacet
  facet normal -0.7421824127107911 0.5196817201067682 -0.4231975614883191
    outer loop
      vertex 75.83265514135589 -29.538613458516835 1.6699999988079073
      vertex 76.84900867466969 -27.998955305366568 1.7782531742809622
      vertex 76.89042791996576 -28.027957373159083 1.6699999988079073
    endloop
  endfacet
  facet normal 0.8191520442889911 -0.5735764363510468 0
    outer loop
      vertex 68.34058641021475 -24.292610454513625 1.67
      vertex 69.39835918882463 -22.78195436915587 0.7300000000000004
      vertex 69.39835918882463 -22.78195436915587 1.67
    endloop
  endfacet
  facet normal 0.7094064799162254 -0.49673176489215715 -0.4999999999999927
    outer loop
      vertex 68.34058641021475 -24.292610454513625 1.67
      vertex 69.39835918882463 -22.78195436915587 1.67
      vertex 68.39178341297745 -24.328458981793233 1.7782531754730548
    endloop
  endfacet
  facet normal 0.7094064799162192 -0.496731764892154 -0.5000000000000047
    outer loop
      vertex 68.39178341297745 -24.328458981793233 1.7782531754730548
      vertex 69.39835918882463 -22.78195436915587 1.67
      vertex 69.44955619158732 -22.81780289643548 1.7782531754730548
    endloop
  endfacet
  facet normal 0 0 1
    outer loop
      vertex 64.63187553008545 -21.695743138378575 2.6667468245269452
      vertex 68.92056933936826 -24.69871887366936 2.6667468245269452
      vertex 69.47133609543191 -23.912142428817244 2.6667468245269452
    endloop
  endfacet
  facet normal -0.5027692902117186 -0.718028959667015 0.4813080654835416
    outer loop
      vertex 65.23629177609598 -20.874168370042955 2.7750000000000004
      vertex 69.47133609543191 -23.912142428817244 2.6667468245269452
      vertex 69.5698568180562 -23.908563279745568 2.7750000000000004
    endloop
  endfacet
  facet normal 0 0 1
    outer loop
      vertex 64.63187553008545 -21.695743138378575 2.6667468245269452
      vertex 65.21801854455082 -20.93393741729064 2.6667468245269452
      vertex 65.14854831023759 -20.95785793726639 2.6667468245269452
    endloop
  endfacet
  facet normal 0.7094064799162285 -0.49673176489215354 0.49999999999999195
    outer loop
      vertex 64.63187553008545 -21.695743138378575 2.6667468245269452
      vertex 65.14854831023759 -20.95785793726639 2.6667468245269452
      vertex 64.58067852732276 -21.659894611098967 2.7750000000000004
    endloop
  endfacet
  facet normal 0.29497693384450213 -0.8566752199345952 0.42319756148837795
    outer loop
      vertex 65.14854831023759 -20.95785793726639 2.6667468245269452
      vertex 65.21801854455082 -20.93393741729064 2.6667468245269452
      vertex 65.09735130746952 -20.922009409994452 2.7750000000000004
    endloop
  endfacet
  facet normal 0.709406479916227 -0.49673176489215143 0.4999999999999962
    outer loop
      vertex 65.14854831023759 -20.95785793726639 2.6667468245269452
      vertex 65.09735130746952 -20.922009409994452 2.7750000000000004
      vertex 64.58067852732276 -21.659894611098967 2.7750000000000004
    endloop
  endfacet
  facet normal 0.2949769338444852 -0.8566752199346095 0.4231975614883606
    outer loop
      vertex 65.21801854455082 -20.93393741729064 2.6667468245269452
      vertex 65.23629177609598 -20.874168370042955 2.7750000000000004
      vertex 65.09735130746952 -20.922009409994452 2.7750000000000004
    endloop
  endfacet
  facet normal 0 0 1
    outer loop
      vertex 64.63187553008545 -21.695743138378575 2.6667468245269452
      vertex 69.47133609543191 -23.912142428817244 2.6667468245269452
      vertex 65.21801854455082 -20.93393741729064 2.6667468245269452
    endloop
  endfacet
  facet normal -0.5027692902117323 -0.7180289596670327 0.4813080654835005
    outer loop
      vertex 65.21801854455082 -20.93393741729064 2.6667468245269452
      vertex 69.47133609543191 -23.912142428817244 2.6667468245269452
      vertex 65.23629177609598 -20.874168370042955 2.7750000000000004
    endloop
  endfacet
  facet normal -0.5735764363510637 -0.8191520442889794 -7.929017816786477e-14
    outer loop
      vertex 69.5698568180562 -23.908563279745568 2.7750000000000004
      vertex 69.60492650165283 -23.933119336562566 2.8339259085606754
      vertex 65.23629177609598 -20.874168370042955 4.275
    endloop
  endfacet
  facet normal 0.8191520442889948 -0.5735764363510417 0
    outer loop
      vertex 64.58067852732276 -21.659894611098967 2.7750000000000004
      vertex 65.09735130746952 -20.922009409994452 2.7750000000000004
      vertex 64.58067852732276 -21.659894611098967 4.275
    endloop
  endfacet
  facet normal 0.3255681544571587 -0.9455185755993161 0
    outer loop
      vertex 65.09735130746952 -20.922009409994452 2.7750000000000004
      vertex 65.23629177609598 -20.874168370042955 2.7750000000000004
      vertex 65.23629177609598 -20.874168370042955 4.275
    endloop
  endfacet
  facet normal -0.5735764363510454 -0.8191520442889924 0
    outer loop
      vertex 65.23629177609598 -20.874168370042955 2.7750000000000004
      vertex 69.5698568180562 -23.908563279745568 2.7750000000000004
      vertex 65.23629177609598 -20.874168370042955 4.275
    endloop
  endfacet
  facet normal -0.6627079245552426 0.4640330844048946 -0.5877852527151077
    outer loop
      vertex 75.79123589605982 -29.50961139072432 1.7782531742809622
      vertex 76.22072631571598 -27.55902726136271 2.833925909256777
      vertex 76.84900867466969 -27.998955305366568 1.7782531742809622
    endloop
  endfacet
  facet normal -0.6627079245552435 0.46403308440489743 -0.5877852527151042
    outer loop
      vertex 75.79123589605982 -29.50961139072432 1.7782531742809622
      vertex 75.26244996837862 -29.139351497944656 2.6667468245269452
      vertex 75.81321672510762 -28.352775052142317 2.6667468245269452
    endloop
  endfacet
  facet normal -0.6627079245552561 0.4640330844048909 -0.5877852527150953
    outer loop
      vertex 75.79123589605982 -29.50961139072432 1.7782531742809622
      vertex 75.81321672510762 -28.352775052142317 2.6667468245269452
      vertex 76.22072631571598 -27.55902726136271 2.833925909256777
    endloop
  endfacet
  facet normal 0.6627079248067759 -0.4640330845810201 -0.5877852522924685
    outer loop
      vertex 68.39178341297745 -24.328458981793233 1.7782531754730548
      vertex 69.44955619158732 -22.81780289643548 1.7782531754730548
      vertex 68.92056933936826 -24.69871887366936 2.6667468245269452
    endloop
  endfacet
  facet normal 0.6627079248067722 -0.4640330845810206 -0.5877852522924718
    outer loop
      vertex 69.44955619158732 -22.81780289643548 1.7782531754730548
      vertex 69.47133609543191 -23.912142428817244 2.6667468245269452
      vertex 68.92056933936826 -24.69871887366936 2.6667468245269452
    endloop
  endfacet
  facet normal 0.6627079248067247 -0.46403308458104775 -0.5877852522925042
    outer loop
      vertex 69.44955619158732 -22.81780289643548 1.7782531754730548
      vertex 69.5698568180562 -23.908563279745568 2.7750000000000004
      vertex 69.47133609543191 -23.912142428817244 2.6667468245269452
    endloop
  endfacet
  facet normal 0.6627079248069119 -0.4640330845809238 -0.5877852522923909
    outer loop
      vertex 69.44955619158732 -22.81780289643548 1.7782531754730548
      vertex 69.60492650165283 -23.933119336562566 2.8339259085606754
      vertex 69.5698568180562 -23.908563279745568 2.7750000000000004
    endloop
  endfacet
  facet normal 0.6627079248067708 -0.46403308458102105 -0.5877852522924731
    outer loop
      vertex 69.44955619158732 -22.81780289643548 1.7782531754730548
      vertex 70.07783854872706 -23.25773093916918 2.8339259085606754
      vertex 69.60492650165283 -23.933119336562566 2.8339259085606754
    endloop
  endfacet
  facet normal 0 0 1
    outer loop
      vertex 79.55114377821944 -32.14232723362616 2.6667468245269452
      vertex 75.81321672510762 -28.352775052142317 2.6667468245269452
      vertex 75.26244996837862 -29.139351497944656 2.6667468245269452
    endloop
  endfacet
  facet normal -0.6627079245552068 0.4640330844048792 -0.5877852527151601
    outer loop
      vertex 75.81321672510762 -28.352775052142317 2.6667468245269452
      vertex 75.78288395333568 -28.258971714969743 2.7750000000000004
      vertex 76.22072631571598 -27.55902726136271 2.833925909256777
    endloop
  endfacet
  facet normal -0.6627079245552865 0.46403308440491886 -0.5877852527150389
    outer loop
      vertex 75.78288395333568 -28.258971714969743 2.7750000000000004
      vertex 75.74781426928624 -28.234415657835687 2.833925909256777
      vertex 76.22072631571598 -27.55902726136271 2.833925909256777
    endloop
  endfacet
  facet normal 7.60376987379707e-11 -5.324216984444551e-11 -1
    outer loop
      vertex 75.74781426928624 -28.234415657835687 2.833925909256777
      vertex 70.07783854872706 -23.25773093916918 2.8339259085606754
      vertex 76.22072631571598 -27.55902726136271 2.833925909256777
    endloop
  endfacet
  facet normal -0.5735764363510458 -0.8191520442889919 -2.5988588275038386e-15
    outer loop
      vertex 75.74781426928624 -28.234415657835687 2.833925909256777
      vertex 80.06294377772674 -31.255901867996887 2.7750000000000004
      vertex 65.23629177609598 -20.874168370042955 4.275
    endloop
  endfacet
  facet normal 7.603769873797003e-11 -5.3242169844446295e-11 -1
    outer loop
      vertex 75.74781426928624 -28.234415657835687 2.833925909256777
      vertex 69.60492650165283 -23.933119336562566 2.8339259085606754
      vertex 70.07783854872706 -23.25773093916918 2.8339259085606754
    endloop
  endfacet
  facet normal -0.5735764363510453 -0.8191520442889924 4.602500794625148e-15
    outer loop
      vertex 75.74781426928624 -28.234415657835687 2.833925909256777
      vertex 65.23629177609598 -20.874168370042955 4.275
      vertex 69.60492650165283 -23.933119336562566 2.8339259085606754
    endloop
  endfacet
  facet normal 0 0 1
    outer loop
      vertex 79.55114377821944 -32.14232723362616 2.6667468245269452
      vertex 80.04467054618158 -31.315670915244578 2.6667468245269452
      vertex 75.81321672510762 -28.352775052142317 2.6667468245269452
    endloop
  endfacet
  facet normal -0.5027692902117205 -0.7180289596670171 0.4813080654835363
    outer loop
      vertex 75.81321672510762 -28.352775052142317 2.6667468245269452
      vertex 80.04467054618158 -31.315670915244578 2.6667468245269452
      vertex 75.78288395333568 -28.258971714969743 2.7750000000000004
    endloop
  endfacet
  facet normal -0.5735764363510458 -0.819152044288992 1.3702575820246048e-14
    outer loop
      vertex 75.78288395333568 -28.258971714969743 2.7750000000000004
      vertex 80.06294377772674 -31.255901867996887 2.7750000000000004
      vertex 75.74781426928624 -28.234415657835687 2.833925909256777
    endloop
  endfacet
  facet normal -0.5027692902117202 -0.7180289596670166 0.48130806548353694
    outer loop
      vertex 75.78288395333568 -28.258971714969743 2.7750000000000004
      vertex 80.04467054618158 -31.315670915244578 2.6667468245269452
      vertex 80.06294377772674 -31.255901867996887 2.7750000000000004
    endloop
  endfacet
  facet normal 0 0 1
    outer loop
      vertex 79.55114377821944 -32.14232723362616 2.6667468245269452
      vertex 80.08888779558367 -31.374349187089937 2.6667468245269452
      vertex 80.04467054618158 -31.315670915244578 2.6667468245269452
    endloop
  endfacet
  facet normal -0.742182412710767 0.5196817201067497 0.423197561488384
    outer loop
      vertex 79.55114377821944 -32.14232723362616 2.6667468245269452
      vertex 79.59256302351552 -32.17132930141867 2.7750000000000004
      vertex 80.08888779558367 -31.374349187089937 2.6667468245269452
    endloop
  endfacet
  facet normal -0.7235936647608489 -0.5452669367091628 0.4231975614884494
    outer loop
      vertex 80.08888779558367 -31.374349187089937 2.6667468245269452
      vertex 80.15137827653095 -31.373258411687598 2.7750000000000004
      vertex 80.04467054618158 -31.315670915244578 2.6667468245269452
    endloop
  endfacet
  facet normal -0.7421824127107802 0.5196817201067541 0.42319756148835563
    outer loop
      vertex 79.59256302351552 -32.17132930141867 2.7750000000000004
      vertex 80.15137827653095 -31.373258411687598 2.7750000000000004
      vertex 80.08888779558367 -31.374349187089937 2.6667468245269452
    endloop
  endfacet
  facet normal -0.723593664760821 -0.5452669367092624 0.4231975614883689
    outer loop
      vertex 80.04467054618158 -31.315670915244578 2.6667468245269452
      vertex 80.15137827653095 -31.373258411687598 2.7750000000000004
      vertex 80.06294377772674 -31.255901867996887 2.7750000000000004
    endloop
  endfacet
  facet normal -0.8191520442889939 0.573576436351043 0
    outer loop
      vertex 79.59256302351552 -32.17132930141867 2.7750000000000004
      vertex 80.15137827653095 -31.373258411687598 4.275
      vertex 80.15137827653095 -31.373258411687598 2.7750000000000004
    endloop
  endfacet
  facet normal -0.798635510047281 -0.6018150231520639 0
    outer loop
      vertex 80.15137827653095 -31.373258411687598 2.7750000000000004
      vertex 80.15137827653095 -31.373258411687598 4.275
      vertex 80.06294377772674 -31.255901867996887 2.7750000000000004
    endloop
  endfacet
  facet normal 0.8191520442889948 -0.5735764363510417 0
    outer loop
      vertex 65.09735130746952 -20.922009409994452 2.7750000000000004
      vertex 65.09735130746952 -20.922009409994452 4.275
      vertex 64.58067852732276 -21.659894611098967 4.275
    endloop
  endfacet
  facet normal 0.3255681544571587 -0.9455185755993161 0
    outer loop
      vertex 65.09735130746952 -20.922009409994452 2.7750000000000004
      vertex 65.23629177609598 -20.874168370042955 4.275
      vertex 65.09735130746952 -20.922009409994452 4.275
    endloop
  endfacet
  facet normal 0.7094064799162275 -0.496731764892152 -0.499999999999995
    outer loop
      vertex 64.58067852732276 -21.659894611098967 4.275
      vertex 65.09735130746952 -20.922009409994452 4.275
      vertex 64.63187553008545 -21.695743138378575 4.383253175473055
    endloop
  endfacet
  facet normal 0.2949769338444847 -0.8566752199346082 -0.42319756148836335
    outer loop
      vertex 65.09735130746952 -20.922009409994452 4.275
      vertex 65.23629177609598 -20.874168370042955 4.275
      vertex 65.21801854455082 -20.93393741729064 4.383253175473055
    endloop
  endfacet
  facet normal 0.7094064799162251 -0.4967317648921511 -0.4999999999999994
    outer loop
      vertex 65.09735130746952 -20.922009409994452 4.275
      vertex 65.14854831023759 -20.95785793726639 4.383253175473055
      vertex 64.63187553008545 -21.695743138378575 4.383253175473055
    endloop
  endfacet
  facet normal 0.2949769338445017 -0.8566752199345938 -0.4231975614883807
    outer loop
      vertex 65.09735130746952 -20.922009409994452 4.275
      vertex 65.21801854455082 -20.93393741729064 4.383253175473055
      vertex 65.14854831023759 -20.95785793726639 4.383253175473055
    endloop
  endfacet
  facet normal -0.5735764363510456 -0.819152044288992 0
    outer loop
      vertex 80.06294377772674 -31.255901867996887 2.7750000000000004
      vertex 80.06294377772674 -31.255901867996887 4.275
      vertex 65.23629177609598 -20.874168370042955 4.275
    endloop
  endfacet
  facet normal -0.8191520442889939 0.573576436351043 0
    outer loop
      vertex 79.59256302351552 -32.17132930141867 2.7750000000000004
      vertex 79.59256302351552 -32.17132930141867 4.275
      vertex 80.15137827653095 -31.373258411687598 4.275
    endloop
  endfacet
  facet normal -0.798635510047281 -0.6018150231520639 0
    outer loop
      vertex 80.06294377772674 -31.255901867996887 2.7750000000000004
      vertex 80.15137827653095 -31.373258411687598 4.275
      vertex 80.06294377772674 -31.255901867996887 4.275
    endloop
  endfacet
  facet normal -0.5027692902117203 -0.7180289596670167 -0.4813080654835368
    outer loop
      vertex 65.23629177609598 -20.874168370042955 4.275
      vertex 80.06294377772674 -31.255901867996887 4.275
      vertex 80.04467054618158 -31.315670915244578 4.383253175473055
    endloop
  endfacet
  facet normal 0 0 -1
    outer loop
      vertex 65.14854831023759 -20.95785793726639 4.383253175473055
      vertex 80.04467054618158 -31.315670915244578 4.383253175473055
      vertex 79.55114377821944 -32.14232723362616 4.383253175473055
    endloop
  endfacet
  facet normal 0 0 -1
    outer loop
      vertex 64.63187553008545 -21.695743138378575 4.383253175473055
      vertex 65.14854831023759 -20.95785793726639 4.383253175473055
      vertex 79.55114377821944 -32.14232723362616 4.383253175473055
    endloop
  endfacet
  facet normal -0.502769290211731 -0.7180289596670316 -0.48130806548350363
    outer loop
      vertex 65.21801854455082 -20.93393741729064 4.383253175473055
      vertex 65.23629177609598 -20.874168370042955 4.275
      vertex 80.04467054618158 -31.315670915244578 4.383253175473055
    endloop
  endfacet
  facet normal 0 0 -1
    outer loop
      vertex 65.14854831023759 -20.95785793726639 4.383253175473055
      vertex 65.21801854455082 -20.93393741729064 4.383253175473055
      vertex 80.04467054618158 -31.315670915244578 4.383253175473055
    endloop
  endfacet
  facet normal -0.742182412710779 0.5196817201067533 -0.4231975614883584
    outer loop
      vertex 79.59256302351552 -32.17132930141867 4.275
      vertex 80.08888779558367 -31.374349187089937 4.383253175473055
      vertex 80.15137827653095 -31.373258411687598 4.275
    endloop
  endfacet
  facet normal -0.72359366476082 -0.5452669367092617 -0.4231975614883718
    outer loop
      vertex 80.15137827653095 -31.373258411687598 4.275
      vertex 80.04467054618158 -31.315670915244578 4.383253175473055
      vertex 80.06294377772674 -31.255901867996887 4.275
    endloop
  endfacet
  facet normal -0.742182412710766 0.519681720106749 -0.42319756148838683
    outer loop
      vertex 79.59256302351552 -32.17132930141867 4.275
      vertex 79.55114377821944 -32.14232723362616 4.383253175473055
      vertex 80.08888779558367 -31.374349187089937 4.383253175473055
    endloop
  endfacet
  facet normal -0.723593664760848 -0.545266936709162 -0.42319756148845233
    outer loop
      vertex 80.15137827653095 -31.373258411687598 4.275
      vertex 80.08888779558367 -31.374349187089937 4.383253175473055
      vertex 80.04467054618158 -31.315670915244578 4.383253175473055
    endloop
  endfacet
  facet normal 0 0 -1
    outer loop
      vertex 79.55114377821944 -32.14232723362616 4.383253175473055
      vertex 80.04467054618158 -31.315670915244578 4.383253175473055
      vertex 80.08888779558367 -31.374349187089937 4.383253175473055
    endloop
  endfacet
  facet normal 0 0 -1
    outer loop
      vertex -50.5 -36.5 0.25
      vertex -50.91116507287507 -38.3014318874775 0.25
      vertex -52.16477339296982 -37.301712612120355 0.25
    endloop
  endfacet
  facet normal 0 0 -1
    outer loop
      vertex -50.91116507287507 -38.3014318874775 0.25
      vertex -50.5 -36.5 0.25
      vertex -50.20710678118654 -36.5 0.25
    endloop
  endfacet
  facet normal 0 0 -1
    outer loop
      vertex -50.5 -36.5 0.25
      vertex -52.16477339296982 -37.301712612120355 0.25
      vertex -50.5 -36.378679656440355 0.25
    endloop
  endfacet
  facet normal 0 0 -1
    outer loop
      vertex -50.5 -36.378679656440355 0.25
      vertex -52.16477339296982 -37.301712612120355 0.25
      vertex -49.788791569515574 -35.07309062098516 0.25
    endloop
  endfacet
  facet normal 0 0 -1
    outer loop
      vertex -49.788791569515574 -35.07309062098516 0.25
      vertex -52.16477339296982 -37.301712612120355 0.25
      vertex -49.788791569515574 -33.92690937901484 0.25
    endloop
  endfacet
  facet normal 0 0 -1
    outer loop
      vertex -50.5 -36.378679656440355 0.25
      vertex -49.788791569515574 -35.07309062098516 0.25
      vertex -50.20710678118654 -36.5 0.25
    endloop
  endfacet
  facet normal 0 0 -1
    outer loop
      vertex -47.792893218813454 -36.5 0.25
      vertex -50.91116507287507 -38.3014318874775 0.25
      vertex -50.20710678118654 -36.5 0.25
    endloop
  endfacet
  facet normal 0 0 -1
    outer loop
      vertex -49.788791569515574 -35.07309062098516 0.25
      vertex -48.69870843048442 -35.42728010338777 0.25
      vertex -50.20710678118654 -36.5 0.25
    endloop
  endfacet
  facet normal 0 0 -1
    outer loop
      vertex -48.69870843048442 -35.42728010338777 0.25
      vertex -47.792893218813454 -36.5 0.25
      vertex -50.20710678118654 -36.5 0.25
    endloop
  endfacet
  facet normal 0 0 -1
    outer loop
      vertex -48.69870843048442 -35.42728010338777 0.25
      vertex -47.23223304703363 -36.26776695296637 0.25
      vertex -47.792893218813454 -36.5 0.25
    endloop
  endfacet
  facet normal 0 0 -1
    outer loop
      vertex -50.5 -32.621320343559645 0.25
      vertex -49.788791569515574 -33.92690937901484 0.25
      vertex -52.16477339296982 -37.301712612120355 0.25
    endloop
  endfacet
  facet normal 0 0 -1
    outer loop
      vertex -50.5 -32.621320343559645 0.25
      vertex -48.69870843048442 -33.57271989661223 0.25
      vertex -49.788791569515574 -33.92690937901484 0.25
    endloop
  endfacet
  facet normal 0 0 -1
    outer loop
      vertex -48.69870843048442 -33.57271989661223 0.25
      vertex -50.5 -32.621320343559645 0.25
      vertex -49 -32 0.25
    endloop
  endfacet
  facet normal 0 0 -1
    outer loop
      vertex -48.69870843048442 -33.57271989661223 0.25
      vertex -49 -32 0.25
      vertex -48.025 -34.5 0.25
    endloop
  endfacet
  facet normal 0 0 -1
    outer loop
      vertex -47.23223304703363 -32.73223304703363 0.25
      vertex -48.025 -34.5 0.25
      vertex -49 -32 0.25
    endloop
  endfacet
  facet normal 0 0 -1
    outer loop
      vertex -48.69870843048442 -35.42728010338777 0.25
      vertex -46.5 -34.5 0.25
      vertex -47.23223304703363 -36.26776695296637 0.25
    endloop
  endfacet
  facet normal 0 0 -1
    outer loop
      vertex -48.025 -34.5 0.25
      vertex -46.5 -34.5 0.25
      vertex -48.69870843048442 -35.42728010338777 0.25
    endloop
  endfacet
  facet normal 0 0 -1
    outer loop
      vertex -48.025 -34.5 0.25
      vertex -47.23223304703363 -32.73223304703363 0.25
      vertex -46.5 -34.5 0.25
    endloop
  endfacet
  facet normal 0 0 -1
    outer loop
      vertex -47.792893218813454 -36.5 0.25
      vertex -29.911165072875068 -38.3014318874775 0.25
      vertex -50.91116507287507 -38.3014318874775 0.25
    endloop
  endfacet
  facet normal 0 0 -1
    outer loop
      vertex -29.911165072875068 -38.3014318874775 0.25
      vertex -47.792893218813454 -36.5 0.25
      vertex -29.5 -36.5 0.25
    endloop
  endfacet
  facet normal 0 0 -1
    outer loop
      vertex -29.911165072875068 -38.3014318874775 0.25
      vertex -29.5 -36.5 0.25
      vertex -24.491819306569145 -38.05185674938546 0.25
    endloop
  endfacet
  facet normal 0 0 -1
    outer loop
      vertex -24.080654233694077 -36.25042486190796 0.25
      vertex -24.491819306569145 -38.05185674938546 0.25
      vertex -29.5 -36.5 0.25
    endloop
  endfacet
  facet normal 0 0 -1
    outer loop
      vertex -14.692978402075912 -39.87282749019838 0.25
      vertex 11.246003308710762 -51.836105892078876 0.25
      vertex 11.236511670691922 -51.83827229651795 0.25
    endloop
  endfacet
  facet normal 0 0 -1
    outer loop
      vertex 11.64767674356699 -50.03684040904045 0.25
      vertex 11.246003308710762 -51.836105892078876 0.25
      vertex -14.692978402075912 -39.87282749019838 0.25
    endloop
  endfacet
  facet normal 0 0 -1
    outer loop
      vertex 11.64767674356699 -50.03684040904045 0.25
      vertex 11.649624459445477 -50.031792767345905 0.25
      vertex 11.246003308710762 -51.836105892078876 0.25
    endloop
  endfacet
  facet normal 0 0 -1
    outer loop
      vertex 15.99321820671935 -51.69073408387119 0.25
      vertex 15.5 -50.5 0.25
      vertex 17.211208430484426 -49.92690937901484 0.25
    endloop
  endfacet
  facet normal 0 0 -1
    outer loop
      vertex 15.5 -50.5 0.25
      vertex 16.23223304703363 -48.73223304703363 0.25
      vertex 17.211208430484426 -49.92690937901484 0.25
    endloop
  endfacet
  facet normal 0 0 -1
    outer loop
      vertex -16.864167550376596 -39.035035323277725 0.25
      vertex -15.788791569515574 -38.07309062098516 0.25
      vertex -14.692978402075912 -39.87282749019838 0.25
    endloop
  endfacet
  facet normal 0 0 -1
    outer loop
      vertex -15.788791569515574 -38.07309062098516 0.25
      vertex -14.698708430484427 -38.42728010338777 0.25
      vertex -14.692978402075912 -39.87282749019838 0.25
    endloop
  endfacet
  facet normal 0 0 -1
    outer loop
      vertex -13.232233047033631 -39.26776695296637 0.25
      vertex -14.692978402075912 -39.87282749019838 0.25
      vertex -14.698708430484427 -38.42728010338777 0.25
    endloop
  endfacet
  facet normal 0 0 -1
    outer loop
      vertex -24.491819306569145 -38.05185674938546 0.25
      vertex -24.080654233694077 -36.25042486190796 0.25
      vertex 11.236511670691922 -51.83827229651795 0.25
    endloop
  endfacet
  facet normal 0 0 -1
    outer loop
      vertex -16.864167550376596 -39.035035323277725 0.25
      vertex 11.236511670691922 -51.83827229651795 0.25
      vertex -24.080654233694077 -36.25042486190796 0.25
    endloop
  endfacet
  facet normal 0 0 -1
    outer loop
      vertex -17.5 -37.5 0.25
      vertex -15.788791569515574 -36.92690937901484 0.25
      vertex -16.864167550376596 -39.035035323277725 0.25
    endloop
  endfacet
  facet normal 0 0 -1
    outer loop
      vertex -15.788791569515574 -38.07309062098516 0.25
      vertex -16.864167550376596 -39.035035323277725 0.25
      vertex -15.788791569515574 -36.92690937901484 0.25
    endloop
  endfacet
  facet normal 0 0 -1
    outer loop
      vertex -16.76776695296637 -35.73223304703363 0.25
      vertex -15.788791569515574 -36.92690937901484 0.25
      vertex -17.5 -37.5 0.25
    endloop
  endfacet
  facet normal 0 0 -1
    outer loop
      vertex -15.788791569515574 -36.92690937901484 0.25
      vertex -16.76776695296637 -35.73223304703363 0.25
      vertex -14.698708430484427 -36.57271989661223 0.25
    endloop
  endfacet
  facet normal 0 0 -1
    outer loop
      vertex -14.698708430484427 -38.42728010338777 0.25
      vertex -12.5 -37.5 0.25
      vertex -13.232233047033631 -39.26776695296637 0.25
    endloop
  endfacet
  facet normal 0 0 -1
    outer loop
      vertex -14.025 -37.5 0.25
      vertex -12.5 -37.5 0.25
      vertex -14.698708430484427 -38.42728010338777 0.25
    endloop
  endfacet
  facet normal 0 0 -1
    outer loop
      vertex -15 -35 0.25
      vertex -14.698708430484427 -36.57271989661223 0.25
      vertex -16.76776695296637 -35.73223304703363 0.25
    endloop
  endfacet
  facet normal 0 0 -1
    outer loop
      vertex -14.698708430484427 -36.57271989661223 0.25
      vertex -13.232233047033631 -35.73223304703363 0.25
      vertex -14.025 -37.5 0.25
    endloop
  endfacet
  facet normal 0 0 -1
    outer loop
      vertex -14.698708430484427 -36.57271989661223 0.25
      vertex -15 -35 0.25
      vertex -13.232233047033631 -35.73223304703363 0.25
    endloop
  endfacet
  facet normal 0 0 -1
    outer loop
      vertex -14.025 -37.5 0.25
      vertex -13.232233047033631 -35.73223304703363 0.25
      vertex -12.5 -37.5 0.25
    endloop
  endfacet
  facet normal 0 0 -1
    outer loop
      vertex -16.864167550376596 -39.035035323277725 0.25
      vertex -14.692978402075912 -39.87282749019838 0.25
      vertex 11.236511670691922 -51.83827229651795 0.25
    endloop
  endfacet
  facet normal 0 0 -1
    outer loop
      vertex 7.211208430484426 -30.573090620985163 0.25
      vertex 6.232233047033631 -31.76776695296637 0.25
      vertex 7.211208430484426 -29.426909379014837 0.25
    endloop
  endfacet
  facet normal 0 0 -1
    outer loop
      vertex 6.232233047033631 -31.76776695296637 0.25
      vertex 7.211208430484426 -30.573090620985163 0.25
      vertex 8 -32.5 0.25
    endloop
  endfacet
  facet normal 0 0 -1
    outer loop
      vertex 8 -32.5 0.25
      vertex 7.211208430484426 -30.573090620985163 0.25
      vertex 8.301291569515573 -30.927280103387776 0.25
    endloop
  endfacet
  facet normal 0 0 -1
    outer loop
      vertex 5.5 -30 0.25
      vertex 7.211208430484426 -29.426909379014837 0.25
      vertex 6.232233047033631 -31.76776695296637 0.25
    endloop
  endfacet
  facet normal 0 0 -1
    outer loop
      vertex 7.211208430484426 -29.426909379014837 0.25
      vertex 5.5 -30 0.25
      vertex 6.232233047033631 -28.23223304703363 0.25
    endloop
  endfacet
  facet normal 0 0 -1
    outer loop
      vertex 7.211208430484426 -29.426909379014837 0.25
      vertex 6.232233047033631 -28.23223304703363 0.25
      vertex 8.301291569515573 -29.072719896612224 0.25
    endloop
  endfacet
  facet normal 0 0 -1
    outer loop
      vertex 8 -27.5 0.25
      vertex 8.301291569515573 -29.072719896612224 0.25
      vertex 6.232233047033631 -28.23223304703363 0.25
    endloop
  endfacet
  facet normal 0 0 -1
    outer loop
      vertex 8 -32.5 0.25
      vertex 8.301291569515573 -30.927280103387776 0.25
      vertex 9.767766952966369 -31.76776695296637 0.25
    endloop
  endfacet
  facet normal 0 0 -1
    outer loop
      vertex 9.767766952966369 -31.76776695296637 0.25
      vertex 8.301291569515573 -30.927280103387776 0.25
      vertex 10.5 -30 0.25
    endloop
  endfacet
  facet normal 0 0 -1
    outer loop
      vertex 8.975 -30 0.25
      vertex 10.5 -30 0.25
      vertex 8.301291569515573 -30.927280103387776 0.25
    endloop
  endfacet
  facet normal 0 0 -1
    outer loop
      vertex 10.5 -30 0.25
      vertex 8.975 -30 0.25
      vertex 9.767766952966369 -28.23223304703363 0.25
    endloop
  endfacet
  facet normal 0 0 -1
    outer loop
      vertex 8.301291569515573 -29.072719896612224 0.25
      vertex 8 -27.5 0.25
      vertex 8.975 -30 0.25
    endloop
  endfacet
  facet normal 0 0 -1
    outer loop
      vertex 9.767766952966369 -28.23223304703363 0.25
      vertex 8.975 -30 0.25
      vertex 8 -27.5 0.25
    endloop
  endfacet
  facet normal 0 0 -1
    outer loop
      vertex -50.5 -32.621320343559645 0.25
      vertex -52.16477339296982 -37.301712612120355 0.25
      vertex -50.5 18.621320343559642 0.25
    endloop
  endfacet
  facet normal 0 0 -1
    outer loop
      vertex -50.5 18.621320343559642 0.25
      vertex -52.16477339296982 -37.301712612120355 0.25
      vertex -52.16477339296982 23.301712612120358 0.25
    endloop
  endfacet
  facet normal 0 0 -1
    outer loop
      vertex -50.5 18.621320343559642 0.25
      vertex -49.788791569515574 19.926909379014837 0.25
      vertex -49 18 0.25
    endloop
  endfacet
  facet normal 0 0 -1
    outer loop
      vertex -49 18 0.25
      vertex -48.69870843048442 19.572719896612224 0.25
      vertex -47.23223304703363 18.73223304703363 0.25
    endloop
  endfacet
  facet normal 0 0 -1
    outer loop
      vertex -50.5 18.621320343559642 0.25
      vertex -52.16477339296982 23.301712612120358 0.25
      vertex -49.788791569515574 19.926909379014837 0.25
    endloop
  endfacet
  facet normal 0 0 -1
    outer loop
      vertex -49.788791569515574 19.926909379014837 0.25
      vertex -52.16477339296982 23.301712612120358 0.25
      vertex -49.788791569515574 21.073090620985163 0.25
    endloop
  endfacet
  facet normal 0 0 -1
    outer loop
      vertex -49 18 0.25
      vertex -49.788791569515574 19.926909379014837 0.25
      vertex -48.69870843048442 19.572719896612224 0.25
    endloop
  endfacet
  facet normal 0 0 -1
    outer loop
      vertex -49.788791569515574 21.073090620985163 0.25
      vertex -50.5 22.378679656440358 0.25
      vertex -48.69870843048442 21.427280103387776 0.25
    endloop
  endfacet
  facet normal 0 0 -1
    outer loop
      vertex -48.69870843048442 21.427280103387776 0.25
      vertex -50.5 22.378679656440358 0.25
      vertex -49.72389166444496 22.700154254898063 0.25
    endloop
  endfacet
  facet normal 0 0 -1
    outer loop
      vertex -48.69870843048442 21.427280103387776 0.25
      vertex -48.83163740873336 22.93026193130108 0.25
      vertex -48.025 20.5 0.25
    endloop
  endfacet
  facet normal 0 0 -1
    outer loop
      vertex -47.23223304703363 22.26776695296637 0.25
      vertex -48.025 20.5 0.25
      vertex -48.83163740873336 22.93026193130108 0.25
    endloop
  endfacet
  facet normal 0 0 -1
    outer loop
      vertex -50.5 22.5 0.25
      vertex -52.16477339296982 23.301712612120358 0.25
      vertex -50.91116507287507 24.301431887477495 0.25
    endloop
  endfacet
  facet normal 0 0 -1
    outer loop
      vertex -49.788791569515574 21.073090620985163 0.25
      vertex -52.16477339296982 23.301712612120358 0.25
      vertex -50.5 22.378679656440358 0.25
    endloop
  endfacet
  facet normal 0 0 -1
    outer loop
      vertex -50.5 22.5 0.25
      vertex -50.5 22.378679656440358 0.25
      vertex -52.16477339296982 23.301712612120358 0.25
    endloop
  endfacet
  facet normal 0 0 -1
    outer loop
      vertex -50.5 22.5 0.25
      vertex -50.91116507287507 24.301431887477495 0.25
      vertex -49.72389166444496 22.700154254898063 0.25
    endloop
  endfacet
  facet normal 0 0 -1
    outer loop
      vertex -48.69870843048442 21.427280103387776 0.25
      vertex -49.72389166444496 22.700154254898063 0.25
      vertex -48.83163740873336 22.93026193130108 0.25
    endloop
  endfacet
  facet normal 0 0 -1
    outer loop
      vertex -49.72389166444496 22.700154254898063 0.25
      vertex -50.91116507287507 24.301431887477495 0.25
      vertex -48.83163740873336 22.93026193130108 0.25
    endloop
  endfacet
  facet normal 0 0 -1
    outer loop
      vertex -48.69870843048442 19.572719896612224 0.25
      vertex -46.5 20.5 0.25
      vertex -47.23223304703363 18.73223304703363 0.25
    endloop
  endfacet
  facet normal 0 0 -1
    outer loop
      vertex -48.025 20.5 0.25
      vertex -46.5 20.5 0.25
      vertex -48.69870843048442 19.572719896612224 0.25
    endloop
  endfacet
  facet normal 0 0 -1
    outer loop
      vertex -48.025 20.5 0.25
      vertex -47.23223304703363 22.26776695296637 0.25
      vertex -46.5 20.5 0.25
    endloop
  endfacet
  facet normal 0 0 -1
    outer loop
      vertex -48.83163740873336 22.93026193130108 0.25
      vertex -50.91116507287507 24.301431887477495 0.25
      vertex -31.5 27.399999998509884 0.25
    endloop
  endfacet
  facet normal 0 0 -1
    outer loop
      vertex -31.5 27.399999998509884 0.25
      vertex -50.91116507287507 24.301431887477495 0.25
      vertex -31.911165072875068 29.20143188598738 0.25
    endloop
  endfacet
  facet normal 0 0 -1
    outer loop
      vertex -31.5 27.399999998509884 0.25
      vertex -31.911165072875068 29.20143188598738 0.25
      vertex -13.944825954476059 29.34030871018144 0.25
    endloop
  endfacet
  facet normal 0 0 -1
    outer loop
      vertex -13.944825954476059 29.34030871018144 0.25
      vertex -31.911165072875068 29.20143188598738 0.25
      vertex -12.91116507287507 31.301431887477495 0.25
    endloop
  endfacet
  facet normal 0 0 -1
    outer loop
      vertex -13.767766952966369 26.23223304703363 0.25
      vertex -14.5 28 0.25
      vertex -12.788791569515574 28.573090620985163 0.25
    endloop
  endfacet
  facet normal 0 0 -1
    outer loop
      vertex -13.944825954476059 29.34030871018144 0.25
      vertex -12.788791569515574 28.573090620985163 0.25
      vertex -14.5 28 0.25
    endloop
  endfacet
  facet normal 0 0 -1
    outer loop
      vertex -13.767766952966369 26.23223304703363 0.25
      vertex -12.788791569515574 27.426909379014837 0.25
      vertex -12 25.5 0.25
    endloop
  endfacet
  facet normal 0 0 -1
    outer loop
      vertex -12 25.5 0.25
      vertex -12.788791569515574 27.426909379014837 0.25
      vertex -11.698708430484427 27.072719896612224 0.25
    endloop
  endfacet
  facet normal 0 0 -1
    outer loop
      vertex -12 25.5 0.25
      vertex -11.698708430484427 27.072719896612224 0.25
      vertex -10.232233047033631 26.23223304703363 0.25
    endloop
  endfacet
  facet normal 0 0 -1
    outer loop
      vertex -12.788791569515574 27.426909379014837 0.25
      vertex -13.767766952966369 26.23223304703363 0.25
      vertex -12.788791569515574 28.573090620985163 0.25
    endloop
  endfacet
  facet normal 0 0 -1
    outer loop
      vertex -11.025 28 0.25
      vertex -9.5 28 0.25
      vertex -11.698708430484427 27.072719896612224 0.25
    endloop
  endfacet
  facet normal 0 0 -1
    outer loop
      vertex -10.232233047033631 26.23223304703363 0.25
      vertex -11.698708430484427 27.072719896612224 0.25
      vertex -9.5 28 0.25
    endloop
  endfacet
  facet normal 0 0 -1
    outer loop
      vertex -9.5 28 0.25
      vertex -11.025 28 0.25
      vertex -10.129435384997787 29.51959144309919 0.25
    endloop
  endfacet
  facet normal 0 0 -1
    outer loop
      vertex -13.944825954476059 29.34030871018144 0.25
      vertex -11.698708430484427 28.927280103387776 0.25
      vertex -12.788791569515574 28.573090620985163 0.25
    endloop
  endfacet
  facet normal 0 0 -1
    outer loop
      vertex -13.944825954476059 29.34030871018144 0.25
      vertex -12.91116507287507 31.301431887477495 0.25
      vertex -11.698708430484427 28.927280103387776 0.25
    endloop
  endfacet
  facet normal 0 0 -1
    outer loop
      vertex -10.129435384997787 29.51959144309919 0.25
      vertex -11.698708430484427 28.927280103387776 0.25
      vertex -12.91116507287507 31.301431887477495 0.25
    endloop
  endfacet
  facet normal 0 0 -1
    outer loop
      vertex -10.129435384997787 29.51959144309919 0.25
      vertex -11.025 28 0.25
      vertex -11.698708430484427 28.927280103387776 0.25
    endloop
  endfacet
  facet normal 0 0 -1
    outer loop
      vertex -10.129435384997787 29.51959144309919 0.25
      vertex -12.91116507287507 31.301431887477495 0.25
      vertex 20.74918000207984 29.774786611587437 0.25
    endloop
  endfacet
  facet normal 0 0 -1
    outer loop
      vertex 20.74918000207984 29.774786611587437 0.25
      vertex -12.91116507287507 31.301431887477495 0.25
      vertex 24.182321349956617 29.803159680578155 0.25
    endloop
  endfacet
  facet normal 0 0 -1
    outer loop
      vertex 15.99321820671935 -51.69073408387119 0.25
      vertex 18.681812148922685 -52.717584160925476 0.25
      vertex 59.91737881366725 -70.4250809333025 0.25
    endloop
  endfacet
  facet normal 0 0 -1
    outer loop
      vertex 15.99321820671935 -51.69073408387119 0.25
      vertex 17.211208430484426 -51.07309062098516 0.25
      vertex 18.681812148922685 -52.717584160925476 0.25
    endloop
  endfacet
  facet normal 0 0 -1
    outer loop
      vertex 18.681812148922685 -52.717584160925476 0.25
      vertex 17.211208430484426 -51.07309062098516 0.25
      vertex 18.301291569515573 -51.42728010338777 0.25
    endloop
  endfacet
  facet normal 0 0 -1
    outer loop
      vertex 18.681812148922685 -52.717584160925476 0.25
      vertex 18.301291569515573 -51.42728010338777 0.25
      vertex 19.76776695296637 -52.26776695296637 0.25
    endloop
  endfacet
  facet normal 0 0 -1
    outer loop
      vertex 18.301291569515573 -51.42728010338777 0.25
      vertex 20.5 -50.5 0.25
      vertex 19.76776695296637 -52.26776695296637 0.25
    endloop
  endfacet
  facet normal 0 0 -1
    outer loop
      vertex 15.99321820671935 -51.69073408387119 0.25
      vertex 17.211208430484426 -49.92690937901484 0.25
      vertex 17.211208430484426 -51.07309062098516 0.25
    endloop
  endfacet
  facet normal 0 0 -1
    outer loop
      vertex 16.23223304703363 -48.73223304703363 0.25
      vertex 18.301291569515573 -49.57271989661223 0.25
      vertex 17.211208430484426 -49.92690937901484 0.25
    endloop
  endfacet
  facet normal 0 0 -1
    outer loop
      vertex 16.23223304703363 -48.73223304703363 0.25
      vertex 18 -48 0.25
      vertex 18.301291569515573 -49.57271989661223 0.25
    endloop
  endfacet
  facet normal 0 0 -1
    outer loop
      vertex 19.76776695296637 -48.73223304703363 0.25
      vertex 18.301291569515573 -49.57271989661223 0.25
      vertex 18 -48 0.25
    endloop
  endfacet
  facet normal 0 0 -1
    outer loop
      vertex 18.975 -50.5 0.25
      vertex 20.5 -50.5 0.25
      vertex 18.301291569515573 -51.42728010338777 0.25
    endloop
  endfacet
  facet normal 0 0 -1
    outer loop
      vertex 20.5 -50.5 0.25
      vertex 18.975 -50.5 0.25
      vertex 19.76776695296637 -48.73223304703363 0.25
    endloop
  endfacet
  facet normal 0 0 -1
    outer loop
      vertex 19.76776695296637 -48.73223304703363 0.25
      vertex 18.975 -50.5 0.25
      vertex 18.301291569515573 -49.57271989661223 0.25
    endloop
  endfacet
  facet normal 0 0 -1
    outer loop
      vertex 11.246003308710762 -51.836105892078876 0.25
      vertex 11.649624459445477 -50.031792767345905 0.25
      vertex 59.91737881366725 -70.4250809333025 0.25
    endloop
  endfacet
  facet normal 0 0 -1
    outer loop
      vertex 15.99321820671935 -51.69073408387119 0.25
      vertex 59.91737881366725 -70.4250809333025 0.25
      vertex 11.649624459445477 -50.031792767345905 0.25
    endloop
  endfacet
  facet normal 0 0 -1
    outer loop
      vertex 59.94328195447108 -68.47650661631063 0.25
      vertex 59.91737881366725 -70.4250809333025 0.25
      vertex 18.681812148922685 -52.717584160925476 0.25
    endloop
  endfacet
  facet normal 0 0 -1
    outer loop
      vertex 38.23223304703363 -34.26776695296637 0.25
      vertex 39.211208430484426 -33.07309062098516 0.25
      vertex 40 -35 0.25
    endloop
  endfacet
  facet normal 0 0 -1
    outer loop
      vertex 40 -35 0.25
      vertex 39.211208430484426 -33.07309062098516 0.25
      vertex 40.30129156951558 -33.42728010338777 0.25
    endloop
  endfacet
  facet normal 0 0 -1
    outer loop
      vertex 37.5 -32.5 0.25
      vertex 39.211208430484426 -31.926909379014837 0.25
      vertex 38.23223304703363 -34.26776695296637 0.25
    endloop
  endfacet
  facet normal 0 0 -1
    outer loop
      vertex 39.211208430484426 -33.07309062098516 0.25
      vertex 38.23223304703363 -34.26776695296637 0.25
      vertex 39.211208430484426 -31.926909379014837 0.25
    endloop
  endfacet
  facet normal 0 0 -1
    outer loop
      vertex 40 -35 0.25
      vertex 40.30129156951558 -33.42728010338777 0.25
      vertex 41.76776695296637 -34.26776695296637 0.25
    endloop
  endfacet
  facet normal 0 0 -1
    outer loop
      vertex 40.975 -32.5 0.25
      vertex 42.5 -32.5 0.25
      vertex 40.30129156951558 -33.42728010338777 0.25
    endloop
  endfacet
  facet normal 0 0 -1
    outer loop
      vertex 41.76776695296637 -34.26776695296637 0.25
      vertex 40.30129156951558 -33.42728010338777 0.25
      vertex 42.5 -32.5 0.25
    endloop
  endfacet
  facet normal 0 0 -1
    outer loop
      vertex 38.23223304703363 -30.73223304703363 0.25
      vertex 39.211208430484426 -31.926909379014837 0.25
      vertex 37.5 -32.5 0.25
    endloop
  endfacet
  facet normal 0 0 -1
    outer loop
      vertex 39.211208430484426 -31.926909379014837 0.25
      vertex 38.23223304703363 -30.73223304703363 0.25
      vertex 40.30129156951558 -31.572719896612224 0.25
    endloop
  endfacet
  facet normal 0 0 -1
    outer loop
      vertex 40 -30 0.25
      vertex 40.30129156951558 -31.572719896612224 0.25
      vertex 38.23223304703363 -30.73223304703363 0.25
    endloop
  endfacet
  facet normal 0 0 -1
    outer loop
      vertex 40.30129156951558 -31.572719896612224 0.25
      vertex 40 -30 0.25
      vertex 40.975 -32.5 0.25
    endloop
  endfacet
  facet normal 0 0 -1
    outer loop
      vertex 41.76776695296637 -30.73223304703363 0.25
      vertex 40.975 -32.5 0.25
      vertex 40 -30 0.25
    endloop
  endfacet
  facet normal 0 0 -1
    outer loop
      vertex 42.5 -32.5 0.25
      vertex 40.975 -32.5 0.25
      vertex 41.76776695296637 -30.73223304703363 0.25
    endloop
  endfacet
  facet normal 0 0 -1
    outer loop
      vertex 58.23223304703363 -67.76776695296637 0.25
      vertex 59.211208430484426 -66.57309062098516 0.25
      vertex 59.94328195447108 -68.47650661631063 0.25
    endloop
  endfacet
  facet normal 0 0 -1
    outer loop
      vertex 57.5 -66 0.25
      vertex 59.211208430484426 -65.42690937901484 0.25
      vertex 58.23223304703363 -67.76776695296637 0.25
    endloop
  endfacet
  facet normal 0 0 -1
    outer loop
      vertex 59.211208430484426 -66.57309062098516 0.25
      vertex 58.23223304703363 -67.76776695296637 0.25
      vertex 59.211208430484426 -65.42690937901484 0.25
    endloop
  endfacet
  facet normal 0 0 -1
    outer loop
      vertex 59.211208430484426 -65.42690937901484 0.25
      vertex 57.5 -66 0.25
      vertex 58.23223304703363 -64.23223304703363 0.25
    endloop
  endfacet
  facet normal 0 0 -1
    outer loop
      vertex 59.211208430484426 -65.42690937901484 0.25
      vertex 58.23223304703363 -64.23223304703363 0.25
      vertex 60.30129156951558 -65.07271989661223 0.25
    endloop
  endfacet
  facet normal 0 0 -1
    outer loop
      vertex 60.30129156951558 -65.07271989661223 0.25
      vertex 58.23223304703363 -64.23223304703363 0.25
      vertex 60 -63.5 0.25
    endloop
  endfacet
  facet normal 0 0 -1
    outer loop
      vertex 60.32854388654232 -68.623649045825 0.25
      vertex 61.48060281987593 -70.06828525487535 0.25
      vertex 59.91737881366725 -70.4250809333025 0.25
    endloop
  endfacet
  facet normal 0 0 -1
    outer loop
      vertex 59.94328195447108 -68.47650661631063 0.25
      vertex 60.00230003956951 -68.49904729241632 0.25
      vertex 59.91737881366725 -70.4250809333025 0.25
    endloop
  endfacet
  facet normal 0 0 -1
    outer loop
      vertex 60.32854388654232 -68.623649045825 0.25
      vertex 59.91737881366725 -70.4250809333025 0.25
      vertex 60.00230003956951 -68.49904729241632 0.25
    endloop
  endfacet
  facet normal 0 0 -1
    outer loop
      vertex 60.58471072329887 -68.25780488834462 0.25
      vertex 61.48060281987593 -70.06828525487535 0.25
      vertex 60.32854388654232 -68.623649045825 0.25
    endloop
  endfacet
  facet normal 0 0 -1
    outer loop
      vertex 59.94328195447108 -68.47650661631063 0.25
      vertex 60.30129156951558 -66.92728010338777 0.25
      vertex 60.00230003956951 -68.49904729241632 0.25
    endloop
  endfacet
  facet normal 0 0 -1
    outer loop
      vertex 60.00230003956951 -68.49904729241632 0.25
      vertex 60.30129156951558 -66.92728010338777 0.25
      vertex 60.58471072329887 -68.25780488834462 0.25
    endloop
  endfacet
  facet normal 0 0 -1
    outer loop
      vertex 59.94328195447108 -68.47650661631063 0.25
      vertex 59.211208430484426 -66.57309062098516 0.25
      vertex 60.30129156951558 -66.92728010338777 0.25
    endloop
  endfacet
  facet normal 0 0 -1
    outer loop
      vertex 62.37572442959064 -65.69997223244607 0.25
      vertex 61.48060281987593 -70.06828525487535 0.25
      vertex 60.58471072329887 -68.25780488834462 0.25
    endloop
  endfacet
  facet normal 0 0 -1
    outer loop
      vertex 62.37572442959064 -65.69997223244607 0.25
      vertex 60.58471072329887 -68.25780488834462 0.25
      vertex 60.30129156951558 -66.92728010338777 0.25
    endloop
  endfacet
  facet normal 0 0 -1
    outer loop
      vertex 60.975 -66 0.25
      vertex 62.37572442959064 -65.69997223244607 0.25
      vertex 60.30129156951558 -66.92728010338777 0.25
    endloop
  endfacet
  facet normal 0 0 -1
    outer loop
      vertex 61.76776695296637 -64.23223304703363 0.25
      vertex 60.30129156951558 -65.07271989661223 0.25
      vertex 60 -63.5 0.25
    endloop
  endfacet
  facet normal 0 0 -1
    outer loop
      vertex 61.76776695296637 -64.23223304703363 0.25
      vertex 60.975 -66 0.25
      vertex 60.30129156951558 -65.07271989661223 0.25
    endloop
  endfacet
  facet normal 0 0 -1
    outer loop
      vertex 60.975 -66 0.25
      vertex 61.76776695296637 -64.23223304703363 0.25
      vertex 62.37572442959064 -65.69997223244607 0.25
    endloop
  endfacet
  facet normal 0 0 -1
    outer loop
      vertex 62.37572442959064 -65.69997223244607 0.25
      vertex 73.52570797915861 -52.86609232250802 0.25
      vertex 61.48060281987593 -70.06828525487535 0.25
    endloop
  endfacet
  facet normal 0 0 -1
    outer loop
      vertex 72.373649045825 -51.42145611345768 0.25
      vertex 73.53688417306354 -52.842884716732186 0.25
      vertex 62.37572442959064 -65.69997223244607 0.25
    endloop
  endfacet
  facet normal 0 0 -1
    outer loop
      vertex 73.52570797915861 -52.86609232250802 0.25
      vertex 62.37572442959064 -65.69997223244607 0.25
      vertex 73.53688417306354 -52.842884716732186 0.25
    endloop
  endfacet
  facet normal 0 0 -1
    outer loop
      vertex 72.373649045825 -51.42145611345768 0.25
      vertex 84.94185436184809 -36.55489928100459 0.25
      vertex 73.53688417306354 -52.842884716732186 0.25
    endloop
  endfacet
  facet normal 0 0 -1
    outer loop
      vertex 72.373649045825 -51.42145611345768 0.25
      vertex 72.3702715113759 -51.419033385813236 0.25
      vertex 84.94185436184809 -36.55489928100459 0.25
    endloop
  endfacet
  facet normal 0 0 -1
    outer loop
      vertex 58.73223304703363 -20.76776695296637 0.25
      vertex 59.711208430484426 -19.573090620985163 0.25
      vertex 60.5 -21.5 0.25
    endloop
  endfacet
  facet normal 0 0 -1
    outer loop
      vertex 58.73223304703363 -20.76776695296637 0.25
      vertex 58 -19 0.25
      vertex 59.711208430484426 -18.426909379014837 0.25
    endloop
  endfacet
  facet normal 0 0 -1
    outer loop
      vertex 58.73223304703363 -20.76776695296637 0.25
      vertex 59.711208430484426 -18.426909379014837 0.25
      vertex 59.711208430484426 -19.573090620985163 0.25
    endloop
  endfacet
  facet normal 0 0 -1
    outer loop
      vertex 60.5 -21.5 0.25
      vertex 59.711208430484426 -19.573090620985163 0.25
      vertex 60.80129156951558 -19.927280103387776 0.25
    endloop
  endfacet
  facet normal 0 0 -1
    outer loop
      vertex 60.5 -21.5 0.25
      vertex 60.80129156951558 -19.927280103387776 0.25
      vertex 62.26776695296637 -20.76776695296637 0.25
    endloop
  endfacet
  facet normal 0 0 -1
    outer loop
      vertex 62.26776695296637 -20.76776695296637 0.25
      vertex 60.80129156951558 -19.927280103387776 0.25
      vertex 62.501322544332105 -20.203913876723142 0.25
    endloop
  endfacet
  facet normal 0 0 -1
    outer loop
      vertex 60.80129156951558 -19.927280103387776 0.25
      vertex 61.475 -19 0.25
      vertex 62.501322544332105 -20.203913876723142 0.25
    endloop
  endfacet
  facet normal 0 0 -1
    outer loop
      vertex 62.501322544332105 -20.203913876723142 0.25
      vertex 61.475 -19 0.25
      vertex 63.90676182136356 -18.936696494420783 0.25
    endloop
  endfacet
  facet normal 0 0 -1
    outer loop
      vertex 62.501322544332105 -20.203913876723142 0.25
      vertex 69.67080086699907 -22.972720085996947 0.25
      vertex 68.6130280883892 -24.4833761713547 0.25
    endloop
  endfacet
  facet normal 0 0 -1
    outer loop
      vertex 62.501322544332105 -20.203913876723142 0.25
      vertex 63.90676182136356 -18.936696494420783 0.25
      vertex 69.67080086699907 -22.972720085996947 0.25
    endloop
  endfacet
  facet normal 0 0 -1
    outer loop
      vertex 84.94185436184809 -36.55489928100459 0.25
      vertex 72.3702715113759 -51.419033385813236 0.25
      vertex 81.89913223082922 -37.810409948098375 0.25
    endloop
  endfacet
  facet normal 0 0 -1
    outer loop
      vertex 79.43223304703363 -37.36776695296637 0.25
      vertex 80.41120843048444 -36.173090620985164 0.25
      vertex 81.2 -38.1 0.25
    endloop
  endfacet
  facet normal 0 0 -1
    outer loop
      vertex 81.2 -38.1 0.25
      vertex 80.41120843048444 -36.173090620985164 0.25
      vertex 81.89913223082922 -37.810409948098375 0.25
    endloop
  endfacet
  facet normal 0 0 -1
    outer loop
      vertex 80.41120843048444 -36.173090620985164 0.25
      vertex 79.43223304703363 -37.36776695296637 0.25
      vertex 80.41120843048444 -35.02690937901484 0.25
    endloop
  endfacet
  facet normal 0 0 -1
    outer loop
      vertex 78.7 -35.6 0.25
      vertex 80.41120843048444 -35.02690937901484 0.25
      vertex 79.43223304703363 -37.36776695296637 0.25
    endloop
  endfacet
  facet normal 0 0 -1
    outer loop
      vertex 81.89913223082922 -37.810409948098375 0.25
      vertex 80.41120843048444 -36.173090620985164 0.25
      vertex 81.50129156951557 -36.527280103387774 0.25
    endloop
  endfacet
  facet normal 0 0 -1
    outer loop
      vertex 79.43223304703363 -33.83223304703363 0.25
      vertex 80.41120843048444 -35.02690937901484 0.25
      vertex 78.7 -35.6 0.25
    endloop
  endfacet
  facet normal 0 0 -1
    outer loop
      vertex 80.41120843048444 -35.02690937901484 0.25
      vertex 79.43223304703363 -33.83223304703363 0.25
      vertex 81.50129156951557 -34.67271989661223 0.25
    endloop
  endfacet
  facet normal 0 0 -1
    outer loop
      vertex 81.02334434464076 -33.17317316831971 0.25
      vertex 81.50129156951557 -34.67271989661223 0.25
      vertex 79.43223304703363 -33.83223304703363 0.25
    endloop
  endfacet
  facet normal 0 0 -1
    outer loop
      vertex 81.50129156951557 -36.527280103387774 0.25
      vertex 84.94185436184809 -36.55489928100459 0.25
      vertex 81.89913223082922 -37.810409948098375 0.25
    endloop
  endfacet
  facet normal 0 0 -1
    outer loop
      vertex 82.175 -35.6 0.25
      vertex 84.94185436184809 -36.55489928100459 0.25
      vertex 81.50129156951557 -36.527280103387774 0.25
    endloop
  endfacet
  facet normal 0 0 -1
    outer loop
      vertex 83.6059183370961 -35.372866773446766 0.25
      vertex 84.94185436184809 -36.55489928100459 0.25
      vertex 82.175 -35.6 0.25
    endloop
  endfacet
  facet normal 0 0 -1
    outer loop
      vertex 83.78979542851448 -35.11026307195425 0.25
      vertex 84.94185436184809 -36.55489928100459 0.25
      vertex 83.6059183370961 -35.372866773446766 0.25
    endloop
  endfacet
  facet normal 0 0 -1
    outer loop
      vertex 83.78979542851448 -35.11026307195425 0.25
      vertex 85.63755449353705 -35.11026307195425 0.25
      vertex 84.94185436184809 -36.55489928100459 0.25
    endloop
  endfacet
  facet normal 0 0 -1
    outer loop
      vertex 81.50129156951557 -34.67271989661223 0.25
      vertex 83.37759018562953 -34.82163385350459 0.25
      vertex 82.175 -35.6 0.25
    endloop
  endfacet
  facet normal 0 0 -1
    outer loop
      vertex 81.50129156951557 -34.67271989661223 0.25
      vertex 81.02334434464076 -33.17317316831971 0.25
      vertex 83.37759018562953 -34.82163385350459 0.25
    endloop
  endfacet
  facet normal 0 0 -1
    outer loop
      vertex 83.6059183370961 -35.372866773446766 0.25
      vertex 82.175 -35.6 0.25
      vertex 83.37759018562953 -34.82163385350459 0.25
    endloop
  endfacet
  facet normal 0 0 -1
    outer loop
      vertex 84.94185436184809 -33.66562686290391 0.25
      vertex 83.37759018562953 -34.82163385350459 0.25
      vertex 81.02334434464076 -33.17317316831971 0.25
    endloop
  endfacet
  facet normal 0 0 -1
    outer loop
      vertex 84.94185436184809 -33.66562686290391 0.25
      vertex 83.78979542851448 -35.11026307195425 0.25
      vertex 83.37759018562953 -34.82163385350459 0.25
    endloop
  endfacet
  facet normal 0 0 -1
    outer loop
      vertex 83.78979542851448 -35.11026307195425 0.25
      vertex 84.94185436184809 -33.66562686290391 0.25
      vertex 85.63755449353705 -35.11026307195425 0.25
    endloop
  endfacet
  facet normal 0 0 -1
    outer loop
      vertex 75.56999121969554 -29.354694200495885 0.25
      vertex 76.62776399830541 -27.844038115138133 0.25
      vertex 84.94185436184809 -33.66562686290391 0.25
    endloop
  endfacet
  facet normal 0 0 -1
    outer loop
      vertex 81.02334434464076 -33.17317316831971 0.25
      vertex 75.56999121969554 -29.354694200495885 0.25
      vertex 84.94185436184809 -33.66562686290391 0.25
    endloop
  endfacet
  facet normal 0 0 -1
    outer loop
      vertex 20 28 0.25
      vertex 21.711208430484426 28.573090620985163 0.25
      vertex 20.73223304703363 26.23223304703363 0.25
    endloop
  endfacet
  facet normal 0 0 -1
    outer loop
      vertex 24.182321349956617 29.803159680578155 0.25
      vertex -12.91116507287507 31.301431887477495 0.25
      vertex 40.59597449413248 29.938809706563077 0.25
    endloop
  endfacet
  facet normal 0 0 -1
    outer loop
      vertex 21.711208430484426 28.573090620985163 0.25
      vertex 20 28 0.25
      vertex 20.73223304703363 29.76776695296637 0.25
    endloop
  endfacet
  facet normal 0 0 -1
    outer loop
      vertex 20.73223304703363 26.23223304703363 0.25
      vertex 21.711208430484426 27.426909379014837 0.25
      vertex 22.5 25.5 0.25
    endloop
  endfacet
  facet normal 0 0 -1
    outer loop
      vertex 22.5 25.5 0.25
      vertex 21.711208430484426 27.426909379014837 0.25
      vertex 22.801291569515573 27.072719896612224 0.25
    endloop
  endfacet
  facet normal 0 0 -1
    outer loop
      vertex 22.5 25.5 0.25
      vertex 22.801291569515573 27.072719896612224 0.25
      vertex 24.26776695296637 26.23223304703363 0.25
    endloop
  endfacet
  facet normal 0 0 -1
    outer loop
      vertex 21.711208430484426 27.426909379014837 0.25
      vertex 20.73223304703363 26.23223304703363 0.25
      vertex 21.711208430484426 28.573090620985163 0.25
    endloop
  endfacet
  facet normal 0 0 -1
    outer loop
      vertex 24.26776695296637 26.23223304703363 0.25
      vertex 22.801291569515573 27.072719896612224 0.25
      vertex 25 28 0.25
    endloop
  endfacet
  facet normal 0 0 -1
    outer loop
      vertex 23.475 28 0.25
      vertex 25 28 0.25
      vertex 22.801291569515573 27.072719896612224 0.25
    endloop
  endfacet
  facet normal 0 0 -1
    outer loop
      vertex 25 28 0.25
      vertex 23.475 28 0.25
      vertex 24.26776695296637 29.76776695296637 0.25
    endloop
  endfacet
  facet normal 0 0 -1
    outer loop
      vertex 20.74918000207984 29.774786611587437 0.25
      vertex 21.711208430484426 28.573090620985163 0.25
      vertex 20.73223304703363 29.76776695296637 0.25
    endloop
  endfacet
  facet normal 0 0 -1
    outer loop
      vertex 20.74918000207984 29.774786611587437 0.25
      vertex 22.801291569515573 28.927280103387776 0.25
      vertex 21.711208430484426 28.573090620985163 0.25
    endloop
  endfacet
  facet normal 0 0 -1
    outer loop
      vertex 20.74918000207984 29.774786611587437 0.25
      vertex 24.182321349956617 29.803159680578155 0.25
      vertex 22.801291569515573 28.927280103387776 0.25
    endloop
  endfacet
  facet normal 0 0 -1
    outer loop
      vertex 22.801291569515573 28.927280103387776 0.25
      vertex 24.182321349956617 29.803159680578155 0.25
      vertex 23.475 28 0.25
    endloop
  endfacet
  facet normal 0 0 -1
    outer loop
      vertex 24.182321349956617 29.803159680578155 0.25
      vertex 24.26776695296637 29.76776695296637 0.25
      vertex 23.475 28 0.25
    endloop
  endfacet
  facet normal 0 0 -1
    outer loop
      vertex 40.59597449413248 29.938809706563077 0.25
      vertex -12.91116507287507 31.301431887477495 0.25
      vertex 44.39103405841677 29.970173835193528 0.25
    endloop
  endfacet
  facet normal 0 0 -1
    outer loop
      vertex 44.39103405841677 29.970173835193528 0.25
      vertex -12.91116507287507 31.301431887477495 0.25
      vertex 47.58883492712493 31.801431887477495 0.25
    endloop
  endfacet
  facet normal 0 0 -1
    outer loop
      vertex 40.73223304703363 26.73223304703363 0.25
      vertex 41.711208430484426 27.926909379014837 0.25
      vertex 42.5 26 0.25
    endloop
  endfacet
  facet normal 0 0 -1
    outer loop
      vertex 41.711208430484426 29.073090620985163 0.25
      vertex 40.73223304703363 26.73223304703363 0.25
      vertex 40 28.5 0.25
    endloop
  endfacet
  facet normal 0 0 -1
    outer loop
      vertex 41.711208430484426 27.926909379014837 0.25
      vertex 40.73223304703363 26.73223304703363 0.25
      vertex 41.711208430484426 29.073090620985163 0.25
    endloop
  endfacet
  facet normal 0 0 -1
    outer loop
      vertex 42.5 26 0.25
      vertex 41.711208430484426 27.926909379014837 0.25
      vertex 42.80129156951558 27.572719896612224 0.25
    endloop
  endfacet
  facet normal 0 0 -1
    outer loop
      vertex 40.59597449413248 29.938809706563077 0.25
      vertex 41.711208430484426 29.073090620985163 0.25
      vertex 40 28.5 0.25
    endloop
  endfacet
  facet normal 0 0 -1
    outer loop
      vertex 40.59597449413248 29.938809706563077 0.25
      vertex 42.80129156951558 29.427280103387776 0.25
      vertex 41.711208430484426 29.073090620985163 0.25
    endloop
  endfacet
  facet normal 0 0 -1
    outer loop
      vertex 42.5 26 0.25
      vertex 42.80129156951558 27.572719896612224 0.25
      vertex 44.26776695296637 26.73223304703363 0.25
    endloop
  endfacet
  facet normal 0 0 -1
    outer loop
      vertex 44.26776695296637 26.73223304703363 0.25
      vertex 42.80129156951558 27.572719896612224 0.25
      vertex 45 28.5 0.25
    endloop
  endfacet
  facet normal 0 0 -1
    outer loop
      vertex 43.475 28.5 0.25
      vertex 45 28.5 0.25
      vertex 42.80129156951558 27.572719896612224 0.25
    endloop
  endfacet
  facet normal 0 0 -1
    outer loop
      vertex 42.80129156951558 29.427280103387776 0.25
      vertex 44.39103405841677 29.970173835193528 0.25
      vertex 43.475 28.5 0.25
    endloop
  endfacet
  facet normal 0 0 -1
    outer loop
      vertex 40.59597449413248 29.938809706563077 0.25
      vertex 44.39103405841677 29.970173835193528 0.25
      vertex 42.80129156951558 29.427280103387776 0.25
    endloop
  endfacet
  facet normal 0 0 -1
    outer loop
      vertex 45 28.5 0.25
      vertex 43.475 28.5 0.25
      vertex 44.39103405841677 29.970173835193528 0.25
    endloop
  endfacet
  facet normal 0 0 -1
    outer loop
      vertex 44.39103405841677 29.970173835193528 0.25
      vertex 47.58883492712493 31.801431887477495 0.25
      vertex 48 30 0.25
    endloop
  endfacet
  facet normal 0 0 -1
    outer loop
      vertex 47.58883492712493 31.801431887477495 0.25
      vertex 50.247589877669775 31.801431887477495 0.25
      vertex 48 30 0.25
    endloop
  endfacet
  facet normal 0 0 -1
    outer loop
      vertex 50.247589877669775 30 0.25
      vertex 48 30 0.25
      vertex 50.247589877669775 31.801431887477495 0.25
    endloop
  endfacet
  facet normal 0 0 -1
    outer loop
      vertex 58.73223304703363 -17.23223304703363 0.25
      vertex 59.711208430484426 -18.426909379014837 0.25
      vertex 58 -19 0.25
    endloop
  endfacet
  facet normal 0 0 -1
    outer loop
      vertex 59.711208430484426 -18.426909379014837 0.25
      vertex 58.73223304703363 -17.23223304703363 0.25
      vertex 60.80129156951558 -18.072719896612224 0.25
    endloop
  endfacet
  facet normal 0 0 -1
    outer loop
      vertex 60.80129156951558 -18.072719896612224 0.25
      vertex 62.26776695296637 -17.23223304703363 0.25
      vertex 61.475 -19 0.25
    endloop
  endfacet
  facet normal 0 0 -1
    outer loop
      vertex 60.5 -16.5 0.25
      vertex 60.80129156951558 -18.072719896612224 0.25
      vertex 58.73223304703363 -17.23223304703363 0.25
    endloop
  endfacet
  facet normal 0 0 -1
    outer loop
      vertex 60.80129156951558 -18.072719896612224 0.25
      vertex 60.5 -16.5 0.25
      vertex 62.26776695296637 -17.23223304703363 0.25
    endloop
  endfacet
  facet normal 0 0 -1
    outer loop
      vertex 63.90676182136356 -18.936696494420783 0.25
      vertex 61.475 -19 0.25
      vertex 62.51637547298399 -17.832427107781662 0.25
    endloop
  endfacet
  facet normal 0 0 -1
    outer loop
      vertex 62.26776695296637 -17.23223304703363 0.25
      vertex 62.51637547298399 -17.832427107781662 0.25
      vertex 61.475 -19 0.25
    endloop
  endfacet
  facet normal 0 0 -1
    outer loop
      vertex 63.90676182136356 -18.936696494420783 0.25
      vertex 62.51637547298399 -17.832427107781662 0.25
      vertex 69.15666360075876 -11.439059740046185 0.25
    endloop
  endfacet
  facet normal 0 0 -1
    outer loop
      vertex 69.15666360075876 -11.439059740046185 0.25
      vertex 62.51637547298399 -17.832427107781662 0.25
      vertex 67.13438192680947 -11.237230402191141 0.25
    endloop
  endfacet
  facet normal 0 0 -1
    outer loop
      vertex 64.73223304703363 -10.767766952966369 0.25
      vertex 65.71120843048443 -9.57309062098516 0.25
      vertex 66.5 -11.5 0.25
    endloop
  endfacet
  facet normal 0 0 -1
    outer loop
      vertex 66.5 -11.5 0.25
      vertex 65.71120843048443 -9.57309062098516 0.25
      vertex 67.13438192680947 -11.237230402191141 0.25
    endloop
  endfacet
  facet normal 0 0 -1
    outer loop
      vertex 67.13438192680947 -11.237230402191141 0.25
      vertex 65.71120843048443 -9.57309062098516 0.25
      vertex 66.80129156951557 -9.927280103387774 0.25
    endloop
  endfacet
  facet normal 0 0 -1
    outer loop
      vertex 66.80129156951557 -9.927280103387774 0.25
      vertex 69.15666360075876 -11.439059740046185 0.25
      vertex 67.13438192680947 -11.237230402191141 0.25
    endloop
  endfacet
  facet normal 0 0 -1
    outer loop
      vertex 64 -9 0.25
      vertex 65.71120843048443 -8.42690937901484 0.25
      vertex 64.73223304703363 -10.767766952966369 0.25
    endloop
  endfacet
  facet normal 0 0 -1
    outer loop
      vertex 65.71120843048443 -8.42690937901484 0.25
      vertex 64 -9 0.25
      vertex 64.73223304703363 -7.232233047033631 0.25
    endloop
  endfacet
  facet normal 0 0 -1
    outer loop
      vertex 65.71120843048443 -9.57309062098516 0.25
      vertex 64.73223304703363 -10.767766952966369 0.25
      vertex 65.71120843048443 -8.42690937901484 0.25
    endloop
  endfacet
  facet normal 0 0 -1
    outer loop
      vertex 64.73223304703363 -7.232233047033631 0.25
      vertex 66.80129156951557 -8.072719896612226 0.25
      vertex 65.71120843048443 -8.42690937901484 0.25
    endloop
  endfacet
  facet normal 0 0 -1
    outer loop
      vertex 64.73223304703363 -7.232233047033631 0.25
      vertex 66.5 -6.5 0.25
      vertex 66.80129156951557 -8.072719896612226 0.25
    endloop
  endfacet
  facet normal 0 0 -1
    outer loop
      vertex 67.475 -9 0.25
      vertex 69.85236373244773 -9.994423530995846 0.25
      vertex 66.80129156951557 -9.927280103387774 0.25
    endloop
  endfacet
  facet normal 0 0 -1
    outer loop
      vertex 66.80129156951557 -8.072719896612226 0.25
      vertex 66.5 -6.5 0.25
      vertex 67.475 -9 0.25
    endloop
  endfacet
  facet normal 0 0 -1
    outer loop
      vertex 66.5 -6.5 0.25
      vertex 68 -7.121320343559643 0.25
      vertex 67.475 -9 0.25
    endloop
  endfacet
  facet normal 0 0 -1
    outer loop
      vertex 69.85236373244773 -9.994423530995846 0.25
      vertex 69.15666360075876 -11.439059740046185 0.25
      vertex 66.80129156951557 -9.927280103387774 0.25
    endloop
  endfacet
  facet normal 0 0 -1
    outer loop
      vertex 67.475 -9 0.25
      vertex 69.84775906502257 -9.98486184056341 0.25
      vertex 69.85236373244773 -9.994423530995846 0.25
    endloop
  endfacet
  facet normal 0 0 -1
    outer loop
      vertex 67.475 -9 0.25
      vertex 68 -7.121320343559643 0.25
      vertex 69.84775906502257 -9.98486184056341 0.25
    endloop
  endfacet
  facet normal 0 0 -1
    outer loop
      vertex 68 -7.121320343559643 0.25
      vertex 69.84775906502257 30 0.25
      vertex 69.84775906502257 -9.98486184056341 0.25
    endloop
  endfacet
  facet normal 0 0 -1
    outer loop
      vertex 58.74047368420991 30 0.25
      vertex 58.74047368420991 31.801431887477495 0.25
      vertex 67.58883492712494 31.801431887477495 0.25
    endloop
  endfacet
  facet normal 0 0 -1
    outer loop
      vertex 64.62132034355965 30 0.25
      vertex 58.74047368420991 30 0.25
      vertex 67.58883492712494 31.801431887477495 0.25
    endloop
  endfacet
  facet normal 0 0 -1
    outer loop
      vertex 64.73223304703363 26.73223304703363 0.25
      vertex 65.71120843048443 27.926909379014837 0.25
      vertex 66.5 26 0.25
    endloop
  endfacet
  facet normal 0 0 -1
    outer loop
      vertex 65.71120843048443 29.073090620985163 0.25
      vertex 64.73223304703363 26.73223304703363 0.25
      vertex 64 28.5 0.25
    endloop
  endfacet
  facet normal 0 0 -1
    outer loop
      vertex 65.71120843048443 27.926909379014837 0.25
      vertex 64.73223304703363 26.73223304703363 0.25
      vertex 65.71120843048443 29.073090620985163 0.25
    endloop
  endfacet
  facet normal 0 0 -1
    outer loop
      vertex 66.5 26 0.25
      vertex 65.71120843048443 27.926909379014837 0.25
      vertex 68 26.621320343559642 0.25
    endloop
  endfacet
  facet normal 0 0 -1
    outer loop
      vertex 65.71120843048443 27.926909379014837 0.25
      vertex 66.80129156951557 27.572719896612224 0.25
      vertex 68 26.621320343559642 0.25
    endloop
  endfacet
  facet normal 0 0 -1
    outer loop
      vertex 68 26.621320343559642 0.25
      vertex 66.80129156951557 27.572719896612224 0.25
      vertex 67.475 28.5 0.25
    endloop
  endfacet
  facet normal 0 0 -1
    outer loop
      vertex 65.71120843048443 29.073090620985163 0.25
      vertex 64 28.5 0.25
      vertex 64.62132034355965 30 0.25
    endloop
  endfacet
  facet normal 0 0 -1
    outer loop
      vertex 65.71120843048443 29.073090620985163 0.25
      vertex 64.62132034355965 30 0.25
      vertex 66.80129156951557 29.427280103387776 0.25
    endloop
  endfacet
  facet normal 0 0 -1
    outer loop
      vertex 66.80129156951557 29.427280103387776 0.25
      vertex 67.58883492712494 31.801431887477495 0.25
      vertex 67.475 28.5 0.25
    endloop
  endfacet
  facet normal 0 0 -1
    outer loop
      vertex 66.80129156951557 29.427280103387776 0.25
      vertex 64.62132034355965 30 0.25
      vertex 67.58883492712494 31.801431887477495 0.25
    endloop
  endfacet
  facet normal 0 0 -1
    outer loop
      vertex 67.475 28.5 0.25
      vertex 67.58883492712494 31.801431887477495 0.25
      vertex 69.1520589333336 31.44463620905034 0.25
    endloop
  endfacet
  facet normal 0 0 -1
    outer loop
      vertex 68 -7.121320343559643 0.25
      vertex 68 26.621320343559642 0.25
      vertex 69.84775906502257 30 0.25
    endloop
  endfacet
  facet normal 0 0 -1
    outer loop
      vertex 68 26.621320343559642 0.25
      vertex 67.475 28.5 0.25
      vertex 69.84775906502257 30 0.25
    endloop
  endfacet
  facet normal 0 0 -1
    outer loop
      vertex 67.475 28.5 0.25
      vertex 69.1520589333336 31.44463620905034 0.25
      vertex 69.84775906502257 30 0.25
    endloop
  endfacet
endsolid OpenSCAD_Model
